Handle,Title,Body (HTML),Vendor,Product Category,Type,Tags,Published,Option1 Name,Option1 Value,Option1 Linked To,Option2 Name,Option2 Value,Option2 Linked To,Option3 Name,Option3 Value,Option3 Linked To,Variant SKU,Variant Grams,Variant Inventory Tracker,Variant Inventory Qty,Variant Inventory Policy,Variant Fulfillment Service,Variant Price,Variant Compare At Price,Variant Requires Shipping,Variant Taxable,Unit Price Total Measure,Unit Price Total Measure Unit,Unit Price Base Measure,Unit Price Base Measure Unit,Variant Barcode,Image Src,Image Position,Image Alt Text,Gift Card,SEO Title,SEO Description,Google Shopping / Google Product Category,Google Shopping / Gender,Google Shopping / Age Group,Google Shopping / MPN,Google Shopping / Condition,Google Shopping / Custom Product,Google Shopping / Custom Label 0,Google Shopping / Custom Label 1,Google Shopping / Custom Label 2,Google Shopping / Custom Label 3,Google Shopping / Custom Label 4,Google: Custom Product (product.metafields.mm-google-shopping.custom_product),Complementary products (product.metafields.shopify--discovery--product_recommendation.complementary_products),Related products (product.metafields.shopify--discovery--product_recommendation.related_products),Related products settings (product.metafields.shopify--discovery--product_recommendation.related_products_display),Search product boosts (product.metafields.shopify--discovery--product_search_boost.queries),Variant Image,Variant Weight Unit,Variant Tax Code,Cost per item,Status
mc-0699477,Метална градинска фотьойл LEONE в сив цвят 55x74x90 см,"<p><strong>Градински фотьойл LEONE в сив цвят</strong></p><ul>
<li>
<strong>Размери:</strong> 55x74x90 см</li>
<li>
<strong>Размери на седалката:</strong> 46x42 см</li>
<li>
<strong>Размери на облегалката:</strong> 46x58 см</li>
<li>
<strong>Височина на седалката:</strong> 42 см</li>
<li>
<strong>Височина на подлакътниците:</strong> 58 см</li>
<li>
<strong>Разстояние между краката:</strong> 47x62 см</li>
<li>
<strong>Размери на металната конструкция:</strong> 40x14x0,8 мм</li>
<li>
<strong>Материали:</strong> Метален скелет; седалка и облегалка от висококачествен текстилен (textilene) 1x2, изработен от полиестерни нишки</li>
<li>
<strong>Поддръжка:</strong> Лесна за почистване с влажна кърпа и редовно прахосмучене</li>
<li>
<strong>Предимства:</strong> Здрава конструкция, модерен дизайн, лесна поддръжка, сгъваема за компактно съхранение, отлично съотношение цена-качество</li>
</ul><p><em>Цветовото представяне може да варира леко в зависимост от настройките на екрана.</em></p>",Europe,,Градински столове и фотьойли,"Градина, Градински мебели, Градински столове, Градински фотьойли",false,Title,Default Title,,,,,,,,0699477,4600.0,shopify,1021,deny,manual,38.25,25.87,true,true,,,,,5208067208567,https://cdn.shopify.com/s/files/1/0925/7041/9533/files/polythrona-exchoroy-fb9642901-metalliki.jpg?v=1779955127,1,Метална градинска фотьойл LEONE в сив цвят 55x74x90 см - снимка 1,false,Градински фотьойл LEONE метален с текстилен сив 55x74x90 см,"Градински фотьойл LEONE с метална конструкция и текстилен сив материал. Практичен, лесен за поддръжка и сгъваем за спестяване на място.",,,,,,,,,,,,,,,,,,kg,,,draft
mc-0699477,,,,,,,,,,,,,,,,,,,,,,,,,,,,,,,,https://cdn.shopify.com/s/files/1/0925/7041/9533/files/polythrona-exchoroy-fb9642901-metalliki--1.jpg?v=1779955127,2,Метална градинска фотьойл LEONE в сив цвят 55x74x90 см - снимка 2,,,,,,,,,,,,,,,,,,,,,,,,
mc-0699477,,,,,,,,,,,,,,,,,,,,,,,,,,,,,,,,https://cdn.shopify.com/s/files/1/0925/7041/9533/files/polythrona-exchoroy-fb9642901-metalliki--2.jpg?v=1779955127,3,Метална градинска фотьойл LEONE в сив цвят 55x74x90 см - снимка 3,,,,,,,,,,,,,,,,,,,,,,,,
mc-0699477,,,,,,,,,,,,,,,,,,,,,,,,,,,,,,,,https://cdn.shopify.com/s/files/1/0925/7041/9533/files/polythrona-exchoroy-fb9642901-metalliki--3.jpg?v=1779955126,4,Метална градинска фотьойл LEONE в сив цвят 55x74x90 см - снимка 4,,,,,,,,,,,,,,,,,,,,,,,,
mc-0699477,,,,,,,,,,,,,,,,,,,,,,,,,,,,,,,,https://cdn.shopify.com/s/files/1/0925/7041/9533/files/polythrona-exchoroy-fb9642901-metalliki--4.jpg?v=1779955127,5,Метална градинска фотьойл LEONE в сив цвят 55x74x90 см - снимка 5,,,,,,,,,,,,,,,,,,,,,,,,
mc-0699477,,,,,,,,,,,,,,,,,,,,,,,,,,,,,,,,https://cdn.shopify.com/s/files/1/0925/7041/9533/files/polythrona-exchoroy-fb9642901-metalliki--5.jpg?v=1779955127,6,Метална градинска фотьойл LEONE в сив цвят 55x74x90 см - снимка 6,,,,,,,,,,,,,,,,,,,,,,,,
mc-0699477,,,,,,,,,,,,,,,,,,,,,,,,,,,,,,,,https://cdn.shopify.com/s/files/1/0925/7041/9533/files/polythrona-exchoroy-fb9642901-metalliki--6.jpg?v=1779955127,7,Метална градинска фотьойл LEONE в сив цвят 55x74x90 см - снимка 7,,,,,,,,,,,,,,,,,,,,,,,,
mc-0699477,,,,,,,,,,,,,,,,,,,,,,,,,,,,,,,,https://cdn.shopify.com/s/files/1/0925/7041/9533/files/polythrona-exchoroy-fb9642901-metalliki--7.jpg?v=1779955127,8,Метална градинска фотьойл LEONE в сив цвят 55x74x90 см - снимка 8,,,,,,,,,,,,,,,,,,,,,,,,
mc-0699477,,,,,,,,,,,,,,,,,,,,,,,,,,,,,,,,https://cdn.shopify.com/s/files/1/0925/7041/9533/files/polythrona-exchoroy-fb9642901-metalliki--8.jpg?v=1779955127,9,Метална градинска фотьойл LEONE в сив цвят 55x74x90 см - снимка 9,,,,,,,,,,,,,,,,,,,,,,,,
mc-0699477,,,,,,,,,,,,,,,,,,,,,,,,,,,,,,,,https://cdn.shopify.com/s/files/1/0925/7041/9533/files/polythrona-exchoroy-fb9642901-metalliki--9.jpg?v=1779955127,10,Метална градинска фотьойл LEONE в сив цвят 55x74x90 см - снимка 10,,,,,,,,,,,,,,,,,,,,,,,,
mc-0699478,Метална външна полулегнала стол LEONE черен 55x68x90 см,"<p><strong>Външна метална полулегнала стол LEONE в черен цвят</strong></p><ul>
<li>
<strong>Размери:</strong> 55x68x90 см</li>
<li>
<strong>Размери на седалката:</strong> 46x43 см</li>
<li>
<strong>Размери на облегалката:</strong> 46x57 см</li>
<li>
<strong>Височина на седалката:</strong> 44 см</li>
<li>
<strong>Височина на подлакътниците:</strong> 49 см</li>
<li>
<strong>Разстояние между краката:</strong> 47x63 см</li>
<li>
<strong>Размери на металната конструкция:</strong> 40x14x0,8 мм</li>
<li>
<strong>Материали:</strong> Метална конструкция; седалка и облегалка от текстилен (textilene) висококачествен 1x2 полиестерен плат</li>
<li>
<strong>Поддръжка:</strong> Лесна за почистване с влажна кърпа и редовно почистване от прах</li>
<li>
<strong>Предимства:</strong> Здрава конструкция, модерен дизайн, лесна поддръжка, подредлива (стопираща се), отлично съотношение цена-качество</li>
</ul><p>Цветовото представяне може да варира леко в зависимост от настройките на екрана.</p>",Europe,,Градински столове и фотьойли,"Градина, Градински мебели, Градински столове, Градински фотьойли",false,Title,Default Title,,,,,,,,0699478,4600.0,shopify,306,deny,manual,38.25,25.87,true,true,,,,,5208067208574,https://cdn.shopify.com/s/files/1/0925/7041/9533/files/polythrona-exchoroy-fb9642903-metalliki.jpg?v=1779955099,1,Метална външна полулегнала стол LEONE черен 55x68x90 см - снимка 1,false,Външна метална полулегнала стол LEONE черен 55x68x90 см,"Външна метална полулегнала стол LEONE в черен цвят с текстилен седалка и облегалка, удобна и лесна за поддръжка, с възможност за подреждане една върху друга.",,,,,,,,,,,,,,,,,,kg,,,draft
mc-0699478,,,,,,,,,,,,,,,,,,,,,,,,,,,,,,,,https://cdn.shopify.com/s/files/1/0925/7041/9533/files/polythrona-exchoroy-fb9642903-metalliki--1.jpg?v=1779955098,2,Метална външна полулегнала стол LEONE черен 55x68x90 см - снимка 2,,,,,,,,,,,,,,,,,,,,,,,,
mc-0699478,,,,,,,,,,,,,,,,,,,,,,,,,,,,,,,,https://cdn.shopify.com/s/files/1/0925/7041/9533/files/polythrona-exchoroy-fb9642903-metalliki--2.jpg?v=1779955098,3,Метална външна полулегнала стол LEONE черен 55x68x90 см - снимка 3,,,,,,,,,,,,,,,,,,,,,,,,
mc-0699478,,,,,,,,,,,,,,,,,,,,,,,,,,,,,,,,https://cdn.shopify.com/s/files/1/0925/7041/9533/files/polythrona-exchoroy-fb9642903-metalliki--3.jpg?v=1779955098,4,Метална външна полулегнала стол LEONE черен 55x68x90 см - снимка 4,,,,,,,,,,,,,,,,,,,,,,,,
mc-0699478,,,,,,,,,,,,,,,,,,,,,,,,,,,,,,,,https://cdn.shopify.com/s/files/1/0925/7041/9533/files/polythrona-exchoroy-fb9642903-metalliki--4.jpg?v=1779955099,5,Метална външна полулегнала стол LEONE черен 55x68x90 см - снимка 5,,,,,,,,,,,,,,,,,,,,,,,,
mc-0699476,Трапезна маса BRUNO черен метал с гланцова стъклена повърхност 140x80x,"<p><strong>Трапезна маса BRUNO с черен метален скелет и стъклена повърхност</strong></p><ul>
<li>
<strong>Размери:</strong> 140x80x72 см</li>
<li>
<strong>Разстояние между краката:</strong> 122x64 см</li>
<li>
<strong>Материали:</strong> Метален скелет с електростатично боядисване; повърхност от подсилено, закалено стъкло, което е около четири пъти по-здраво от обикновеното и се чупи на малки, безопасни парчета.</li>
<li>
<strong>Поддръжка:</strong> Почиства се лесно с влажна кърпа или специални почистващи препарати.</li>
<li>
<strong>Предимства:</strong> Класически и вечен дизайн, качествени материали, отлична цена-качество.</li>
<li>
<strong>Забележка:</strong> Продуктът се доставя разглобен с всички необходими части за лесен монтаж.</li>
</ul>",Europe,,Градински маси,"Градина, Градински маси, Градински мебели",false,Title,Default Title,,,,,,,,0699476,20500.0,shopify,187,deny,manual,92.69,58.37,true,true,,,,,5208067208628,https://cdn.shopify.com/s/files/1/0925/7041/9533/files/trapezi-fb9510603-mayro-metalliko-me-gya.jpg?v=1779955081,1,Трапезна маса BRUNO черен метал с гланцова стъклена повърхност 140x80x72 см - снимка 1,false,"Трапезна маса BRUNO черен метал, стъклена повърхност 140x80x72 см",Външна трапезна маса BRUNO с черен метален скелет и подсилена стъклена повърхност. Практична и стилна за балкон или градина.,,,,,,,,,,,,,,,,,,kg,,,draft
mc-0699476,,,,,,,,,,,,,,,,,,,,,,,,,,,,,,,,https://cdn.shopify.com/s/files/1/0925/7041/9533/files/trapezi-fb9510603-mayro-metalliko-me-gya-1.jpg?v=1779955080,2,Трапезна маса BRUNO черен метал с гланцова стъклена повърхност 140x80x72 см - снимка 2,,,,,,,,,,,,,,,,,,,,,,,,
mc-0699476,,,,,,,,,,,,,,,,,,,,,,,,,,,,,,,,https://cdn.shopify.com/s/files/1/0925/7041/9533/files/trapezi-fb9510603-mayro-metalliko-me-gya-2.jpg?v=1779955080,3,Трапезна маса BRUNO черен метал с гланцова стъклена повърхност 140x80x72 см - снимка 3,,,,,,,,,,,,,,,,,,,,,,,,
mc-0699476,,,,,,,,,,,,,,,,,,,,,,,,,,,,,,,,https://cdn.shopify.com/s/files/1/0925/7041/9533/files/trapezi-fb9510603-mayro-metalliko-me-gya-3.jpg?v=1779955080,4,Трапезна маса BRUNO черен метал с гланцова стъклена повърхност 140x80x72 см - снимка 4,,,,,,,,,,,,,,,,,,,,,,,,
mc-0603264,"ПОЛУПРОПИЛЕНОВА ПОЛУТРАПЕЗНА СТОЛ BRAVE БЯЛ 47x42x84,5СМ","<p><strong>ПОЛУПРОПИЛЕНОВА ПОЛУТРАПЕЗНА СТОЛ BRAVE БЯЛ</strong></p><ul><li>
<strong>Описание на продукта:</strong> Полутрапезна стол за външна употреба BRAVE с модерен и ергономичен дизайн, осигуряващ комфорт и стил за всеки открит или професионален обект. Полукръглата облегалка с уникален</li></ul>",Europe,,Градински столове и фотьойли,"Градина, Градински мебели, Градински столове, Градински фотьойли",false,Title,Default Title,,,,,,,,0603264,4900.0,shopify,152,deny,manual,53.79,36.39,true,true,,,,,5208067214407,https://cdn.shopify.com/s/files/1/0925/7041/9533/files/polythrona-exchoroy-fb9662501-polypropyl.jpg?v=1779955078,1,"ПОЛУПРОПИЛЕНОВА ПОЛУТРАПЕЗНА СТОЛ BRAVE БЯЛ 47x42x84,5СМ - снимка 1",false,"ПОЛУПРОПИЛЕНОВА ПОЛУТРАПЕЗНА СТОЛ BRAVE БЯЛ 47x42x84,5СМ","ПОЛУПРОПИЛЕНОВА ПОЛУТРАПЕЗНА СТОЛ BRAVE с модерен дизайн, удобна и устойчива на външни условия. Идеална за градини, веранди и заведения.",,,,,,,,,,,,,,,,,,kg,,,draft
mc-0603264,,,,,,,,,,,,,,,,,,,,,,,,,,,,,,,,https://cdn.shopify.com/s/files/1/0925/7041/9533/files/polythrona-exchoroy-fb9662501-polypropyl-1.jpg?v=1779955078,2,"ПОЛУПРОПИЛЕНОВА ПОЛУТРАПЕЗНА СТОЛ BRAVE БЯЛ 47x42x84,5СМ - снимка 2",,,,,,,,,,,,,,,,,,,,,,,,
mc-0603264,,,,,,,,,,,,,,,,,,,,,,,,,,,,,,,,https://cdn.shopify.com/s/files/1/0925/7041/9533/files/polythrona-exchoroy-fb9662501-polypropyl-2.jpg?v=1779955077,3,"ПОЛУПРОПИЛЕНОВА ПОЛУТРАПЕЗНА СТОЛ BRAVE БЯЛ 47x42x84,5СМ - снимка 3",,,,,,,,,,,,,,,,,,,,,,,,
mc-0603264,,,,,,,,,,,,,,,,,,,,,,,,,,,,,,,,https://cdn.shopify.com/s/files/1/0925/7041/9533/files/polythrona-exchoroy-fb9662501-polypropyl-3.jpg?v=1779955078,4,"ПОЛУПРОПИЛЕНОВА ПОЛУТРАПЕЗНА СТОЛ BRAVE БЯЛ 47x42x84,5СМ - снимка 4",,,,,,,,,,,,,,,,,,,,,,,,
mc-0603264,,,,,,,,,,,,,,,,,,,,,,,,,,,,,,,,https://cdn.shopify.com/s/files/1/0925/7041/9533/files/polythrona-exchoroy-fb9662501-polypropyl-4.jpg?v=1779955077,5,"ПОЛУПРОПИЛЕНОВА ПОЛУТРАПЕЗНА СТОЛ BRAVE БЯЛ 47x42x84,5СМ - снимка 5",,,,,,,,,,,,,,,,,,,,,,,,
mc-0619022,"Трапезна маса за външна употреба TEROC, алуминий, сива, Ф70x44 см","<p><strong>Трапезна маса TEROC за външна употреба, алуминий, сива, Ф70x44 см</strong></p><ul>
<li>
<strong>Материал:</strong> алуминий</li>
<li>
<strong>Цвят:</strong> сив</li>
<li>
<strong>Форма:</strong> кръгла</li>
<li>
<strong>Подходяща за:</strong> външни пространства</li>
<li>
<strong>Повърхност на масата:</strong> алуминий с дебелина 1.2mm с електростатично покритие (powder coating)</li>
<li>
<strong>Рамка:</strong> алуминий с диаметър Ф30mm и 22mm, дебелина 1.2mm с електростатично покритие (powder coating)</li>
<li>
<strong>Размери:</strong> диаметър 70 см, височина 44 см, разстояние между краката 44x44 см</li>
<li>
<strong>Тегло:</strong> 4.8 кг</li>
</ul><p>Трапезната маса TEROC е идеалният избор за стилни и функционални външни пространства. Изработена изцяло от алуминий, тя съчетава здравина с минималистичен дизайн, а сивият цвят придава вечен характер, който лесно се вписва във всяка декорация.</p><p>Кръглата форма създава хармонична и приветлива атмосфера, подходяща за моменти на релакс на балкон, веранда или в градината. Лека, но здрава, масата се пренася лесно и е устойчива на външни условия.</p><p>TEROC е перфектният баланс между дизайн и практичност, добавяйки модерен и премиум елемент към вашето външно пространство.</p><p><strong>Поддръжка:</strong></p><ul>
<li>Лесна за почистване с влажна кърпа.</li>
<li>Не изисква специална грижа благодарение на електростатичното покритие.</li>
<li>Препоръчва се покриване или съхранение при екстремни метеорологични условия за по-дълъг живот.</li>
</ul><p>Минималистичен дизайн и здравина за всеки външен кът. Трапезна маса TEROC в сив алуминий е идеалната основа за релакс на балкон или в градина.</p>",Europe,,Градински маси,"Градина, Градински маси, Градински мебели",false,Title,Default Title,,,,,,,,0619022,4800.0,shopify,91,deny,manual,163.22,110.37,true,true,,,,,5208067208048,https://cdn.shopify.com/s/files/1/0925/7041/9533/files/trapezi-mesis-stroggylo-exchoroy-fb96434_6cfaeac9-7d85-4034-bcb8-085f21512f38.jpg?v=1779955077,1,"Трапезна маса за външна употреба TEROC, алуминий, сива, Ф70x44 см - снимка 1",false,Трапезна маса TEROC алуминий сива Ф70x44 см за външна употреба,"Трапезна маса TEROC от алуминий в сив цвят, устойчива и лека, идеална за балкон, веранда или градина. Диаметър 70 см, височина 44 см.",,,,,,,,,,,,,,,,,,kg,,,draft
mc-0619022,,,,,,,,,,,,,,,,,,,,,,,,,,,,,,,,https://cdn.shopify.com/s/files/1/0925/7041/9533/files/trapezi-mesis-stroggylo-exchoroy-fb96434-1_799c4865-6b97-43b1-a0f5-3913e8b158c4.jpg?v=1779955077,2,"Трапезна маса за външна употреба TEROC, алуминий, сива, Ф70x44 см - снимка 2",,,,,,,,,,,,,,,,,,,,,,,,
mc-0619022,,,,,,,,,,,,,,,,,,,,,,,,,,,,,,,,https://cdn.shopify.com/s/files/1/0925/7041/9533/files/trapezi-mesis-stroggylo-exchoroy-fb96434-2_369dd0de-2b1c-4ed6-a677-14b1176b583c.jpg?v=1779955077,3,"Трапезна маса за външна употреба TEROC, алуминий, сива, Ф70x44 см - снимка 3",,,,,,,,,,,,,,,,,,,,,,,,
mc-0619022,,,,,,,,,,,,,,,,,,,,,,,,,,,,,,,,https://cdn.shopify.com/s/files/1/0925/7041/9533/files/trapezi-mesis-stroggylo-exchoroy-fb96434-3_0b9568e5-67c5-4429-888a-2f16eb67c06f.jpg?v=1779955077,4,"Трапезна маса за външна употреба TEROC, алуминий, сива, Ф70x44 см - снимка 4",,,,,,,,,,,,,,,,,,,,,,,,
mc-0619022,,,,,,,,,,,,,,,,,,,,,,,,,,,,,,,,https://cdn.shopify.com/s/files/1/0925/7041/9533/files/trapezi-mesis-stroggylo-exchoroy-fb96434-4_0b1e5f50-52f2-40ab-91ef-b907671d50e7.jpg?v=1779955078,5,"Трапезна маса за външна употреба TEROC, алуминий, сива, Ф70x44 см - снимка 5",,,,,,,,,,,,,,,,,,,,,,,,
mc-0619022,,,,,,,,,,,,,,,,,,,,,,,,,,,,,,,,https://cdn.shopify.com/s/files/1/0925/7041/9533/files/trapezi-mesis-stroggylo-exchoroy-fb96434-5_c62a6591-5b64-44a0-aaed-e147c5168fe9.jpg?v=1779955077,6,"Трапезна маса за външна употреба TEROC, алуминий, сива, Ф70x44 см - снимка 6",,,,,,,,,,,,,,,,,,,,,,,,
mc-0619022,,,,,,,,,,,,,,,,,,,,,,,,,,,,,,,,https://cdn.shopify.com/s/files/1/0925/7041/9533/files/trapezi-mesis-stroggylo-exchoroy-fb96434-6_c52142e6-8a9e-4b20-82a7-24c0e92d2fc3.jpg?v=1779955077,7,"Трапезна маса за външна употреба TEROC, алуминий, сива, Ф70x44 см - снимка 7",,,,,,,,,,,,,,,,,,,,,,,,
mc-0619022,,,,,,,,,,,,,,,,,,,,,,,,,,,,,,,,https://cdn.shopify.com/s/files/1/0925/7041/9533/files/trapezi-mesis-stroggylo-exchoroy-fb96434-7_1a9c50e9-0480-49db-bbb0-6762ed5caf25.jpg?v=1779955077,8,"Трапезна маса за външна употреба TEROC, алуминий, сива, Ф70x44 см - снимка 8",,,,,,,,,,,,,,,,,,,,,,,,
mc-0619022,,,,,,,,,,,,,,,,,,,,,,,,,,,,,,,,https://cdn.shopify.com/s/files/1/0925/7041/9533/files/trapezi-mesis-stroggylo-exchoroy-fb96434-8_b15d1ff5-b217-458d-b042-a46daf331cb3.jpg?v=1779955077,9,"Трапезна маса за външна употреба TEROC, алуминий, сива, Ф70x44 см - снимка 9",,,,,,,,,,,,,,,,,,,,,,,,
mc-0619022,,,,,,,,,,,,,,,,,,,,,,,,,,,,,,,,https://cdn.shopify.com/s/files/1/0925/7041/9533/files/trapezi-mesis-stroggylo-exchoroy-fb96434-9_302261b6-5a09-44e3-a304-886a862276c9.jpg?v=1779955077,10,"Трапезна маса за външна употреба TEROC, алуминий, сива, Ф70x44 см - снимка 10",,,,,,,,,,,,,,,,,,,,,,,,
mc-0619023,"Трапезна маса за външна употреба TEROC, алуминий, капучино, Ф70x44 см","<p><strong>Трапезна маса TEROC за външна употреба, алуминий в капучино цвят, Ф70 см</strong></p><ul>
<li>
<strong>Материал:</strong> алуминий</li>
<li>
<strong>Цвят:</strong> капучино</li>
<li>
<strong>Форма:</strong> кръгла</li>
<li>
<strong>Подходяща за:</strong> външна употреба</li>
<li>
<strong>Плот:</strong> алуминий с дебелина 1.2mm с електростатично покритие (powder coating)</li>
<li>
<strong>Рамка:</strong> алуминий с диаметър Ф30mm и 22mm, дебелина 1.2mm с електростатично покритие (powder coating)</li>
<li>
<strong>Размери:</strong> диаметър 70 см, височина 44 см, разстояние между краката 44x44 см</li>
<li>
<strong>Тегло:</strong> 4.8 кг</li>
</ul><p>Трапезната маса TEROC е идеалният избор за стилни и функционални външни пространства. Изработена изцяло от алуминий, тя съчетава здравина с минималистичен дизайн, а капучиното придава вечен характер, който лесно се вписва във всяка декорация.</p><p>Кръглата форма създава хармонична и приветлива атмосфера, подходяща за моменти на релакс на балкон, веранда или в градината. Лека, но здрава, масата се пренася лесно и е устойчива на външни условия.</p><p>TEROC е перфектният баланс между дизайн и практичност, добавяйки модерен и премиум елемент към вашето външно пространство.</p><p><strong>Предимства:</strong></p><ul>
<li>Минималистичен и модерен дизайн, подходящ за всяко място.</li>
<li>Здрава алуминиева конструкция за външна употреба.</li>
<li>Лесна за преместване благодарение на лекото си тегло.</li>
<li>Мек капучино цвят, който се комбинира лесно.</li>
</ul><p><strong>Поддръжка:</strong></p><ul>
<li>Лесно се почиства с влажна кърпа.</li>
<li>Не изисква специална грижа благодарение на електростатичното покритие.</li>
<li>Препоръчва се покриване или съхранение при екстремни метеорологични условия за по-дълъг живот.</li>
</ul><p>Минималистичен дизайн и издръжливост за всяко външно пространство. Трапезна маса TEROC в капучино алуминий е идеалната основа за релакс на балкон или в градина.</p>",Europe,,Градински маси,"Градина, Градински маси, Градински мебели",false,Title,Default Title,,,,,,,,0619023,4800.0,shopify,85,deny,manual,163.22,110.37,true,true,,,,,5208067208062,https://cdn.shopify.com/s/files/1/0925/7041/9533/files/trapezi-mesis-stroggylo-exchoroy-fb96434_3e04e9e1-a752-4b15-8f08-65553bb0ed92.jpg?v=1779955076,1,"Трапезна маса за външна употреба TEROC, алуминий, капучино, Ф70x44 см - снимка 1",false,Трапезна маса TEROC алуминий капучино Ф70x44 см за външна употреба,"Трапезна маса TEROC от алуминий в капучино цвят, устойчива и лека, идеална за балкон, веранда или градина.",,,,,,,,,,,,,,,,,,kg,,,draft
mc-0619023,,,,,,,,,,,,,,,,,,,,,,,,,,,,,,,,https://cdn.shopify.com/s/files/1/0925/7041/9533/files/trapezi-mesis-stroggylo-exchoroy-fb96434-1_0272946c-a7d4-4686-ae19-ae679c4e6e8a.jpg?v=1779955076,2,"Трапезна маса за външна употреба TEROC, алуминий, капучино, Ф70x44 см - снимка 2",,,,,,,,,,,,,,,,,,,,,,,,
mc-0619023,,,,,,,,,,,,,,,,,,,,,,,,,,,,,,,,https://cdn.shopify.com/s/files/1/0925/7041/9533/files/trapezi-mesis-stroggylo-exchoroy-fb96434-2_7263fb0b-d4b5-44db-aa7e-2a579d9e6ae0.jpg?v=1779955076,3,"Трапезна маса за външна употреба TEROC, алуминий, капучино, Ф70x44 см - снимка 3",,,,,,,,,,,,,,,,,,,,,,,,
mc-0619023,,,,,,,,,,,,,,,,,,,,,,,,,,,,,,,,https://cdn.shopify.com/s/files/1/0925/7041/9533/files/trapezi-mesis-stroggylo-exchoroy-fb96434-3_a2af919b-750e-4b67-9ccd-b0ca7beb5bd2.jpg?v=1779955076,4,"Трапезна маса за външна употреба TEROC, алуминий, капучино, Ф70x44 см - снимка 4",,,,,,,,,,,,,,,,,,,,,,,,
mc-0619023,,,,,,,,,,,,,,,,,,,,,,,,,,,,,,,,https://cdn.shopify.com/s/files/1/0925/7041/9533/files/trapezi-mesis-stroggylo-exchoroy-fb96434-4_305547d0-a589-4bd7-a191-6ed53df99738.jpg?v=1779955076,5,"Трапезна маса за външна употреба TEROC, алуминий, капучино, Ф70x44 см - снимка 5",,,,,,,,,,,,,,,,,,,,,,,,
mc-0619023,,,,,,,,,,,,,,,,,,,,,,,,,,,,,,,,https://cdn.shopify.com/s/files/1/0925/7041/9533/files/trapezi-mesis-stroggylo-exchoroy-fb96434-5_60de4d1e-1d95-48e4-abbd-5acb14a1420e.jpg?v=1779955076,6,"Трапезна маса за външна употреба TEROC, алуминий, капучино, Ф70x44 см - снимка 6",,,,,,,,,,,,,,,,,,,,,,,,
mc-0619023,,,,,,,,,,,,,,,,,,,,,,,,,,,,,,,,https://cdn.shopify.com/s/files/1/0925/7041/9533/files/trapezi-mesis-stroggylo-exchoroy-fb96434-6_1c6b3c93-2b91-464c-b49a-bad1ba6ff7ff.jpg?v=1779955076,7,"Трапезна маса за външна употреба TEROC, алуминий, капучино, Ф70x44 см - снимка 7",,,,,,,,,,,,,,,,,,,,,,,,
mc-0619023,,,,,,,,,,,,,,,,,,,,,,,,,,,,,,,,https://cdn.shopify.com/s/files/1/0925/7041/9533/files/trapezi-mesis-stroggylo-exchoroy-fb96434-7_88eded03-7b88-40fc-8081-18ce41ef943b.jpg?v=1779955077,8,"Трапезна маса за външна употреба TEROC, алуминий, капучино, Ф70x44 см - снимка 8",,,,,,,,,,,,,,,,,,,,,,,,
mc-0619023,,,,,,,,,,,,,,,,,,,,,,,,,,,,,,,,https://cdn.shopify.com/s/files/1/0925/7041/9533/files/trapezi-mesis-stroggylo-exchoroy-fb96434-8_0368f6ba-9d39-4eac-aca7-1f7932f4b09d.jpg?v=1779955077,9,"Трапезна маса за външна употреба TEROC, алуминий, капучино, Ф70x44 см - снимка 9",,,,,,,,,,,,,,,,,,,,,,,,
mc-0619023,,,,,,,,,,,,,,,,,,,,,,,,,,,,,,,,https://cdn.shopify.com/s/files/1/0925/7041/9533/files/trapezi-mesis-stroggylo-exchoroy-fb96434-9_14392c25-cb14-427a-8ad4-8a7f8c13adb9.jpg?v=1779955076,10,"Трапезна маса за външна употреба TEROC, алуминий, капучино, Ф70x44 см - снимка 10",,,,,,,,,,,,,,,,,,,,,,,,
mc-0619024,"Трапезна маса за външна употреба TEROC, бял алуминий, Ф70x44 см","<p><strong>Трапезна маса TEROC за външна употреба, бял алуминий, Ф70 см</strong></p><ul>
<li>
<strong>Материал:</strong> Алуминий</li>
<li>
<strong>Цвят:</strong> Бял</li>
<li>
<strong>Форма:</strong> Кръгла</li>
<li>
<strong>Подходяща за:</strong> Външна употреба</li>
<li>
<strong>Плот:</strong> Алуминий с дебелина 1.2mm с електростатично покритие (powder coating)</li>
<li>
<strong>Рамка:</strong> Алуминий с диаметър Ф30mm и 22mm, дебелина 1.2mm с електростатично покритие (powder coating)</li>
<li>
<strong>Размери:</strong> Диаметър 70 см, Височина 44 см, Разстояние между краката 44x44 см</li>
<li>
<strong>Поддръжка:</strong> Лесно почистване с влажна кърпа, не изисква специална грижа благодарение на електростатичното покритие. Препоръчва се покриване или съхранение при екстремни метеорологични условия за по-дълъг живот.</li>
</ul><p>Минималистичен и модерен дизайн, съчетан с издръжливост за всеки външен кът. Трапезната маса TEROC в бял алуминий е идеалната основа за релакс на балкон или в градина.</p>",Europe,,Градински маси,"Градина, Градински маси, Градински мебели",false,Title,Default Title,,,,,,,,0619024,4800.0,shopify,53,deny,manual,163.22,110.37,true,true,,,,,5208067208055,https://cdn.shopify.com/s/files/1/0925/7041/9533/files/trapezi-mesis-stroggylo-exchoroy-fb96434.jpg?v=1779955076,1,"Трапезна маса за външна употреба TEROC, бял алуминий, Ф70x44 см - снимка 1",false,"Трапезна маса TEROC, бял алуминий, Ф70x44 см, външна употреба","Трапезна маса TEROC от бял алуминий, устойчива и лека, идеална за външни пространства като балкони и градини, с модерен минималистичен дизайн.",,,,,,,,,,,,,,,,,,kg,,,draft
mc-0619024,,,,,,,,,,,,,,,,,,,,,,,,,,,,,,,,https://cdn.shopify.com/s/files/1/0925/7041/9533/files/trapezi-mesis-stroggylo-exchoroy-fb96434-1.jpg?v=1779955076,2,"Трапезна маса за външна употреба TEROC, бял алуминий, Ф70x44 см - снимка 2",,,,,,,,,,,,,,,,,,,,,,,,
mc-0619024,,,,,,,,,,,,,,,,,,,,,,,,,,,,,,,,https://cdn.shopify.com/s/files/1/0925/7041/9533/files/trapezi-mesis-stroggylo-exchoroy-fb96434-2.jpg?v=1779955075,3,"Трапезна маса за външна употреба TEROC, бял алуминий, Ф70x44 см - снимка 3",,,,,,,,,,,,,,,,,,,,,,,,
mc-0619024,,,,,,,,,,,,,,,,,,,,,,,,,,,,,,,,https://cdn.shopify.com/s/files/1/0925/7041/9533/files/trapezi-mesis-stroggylo-exchoroy-fb96434-3.jpg?v=1779955075,4,"Трапезна маса за външна употреба TEROC, бял алуминий, Ф70x44 см - снимка 4",,,,,,,,,,,,,,,,,,,,,,,,
mc-0619024,,,,,,,,,,,,,,,,,,,,,,,,,,,,,,,,https://cdn.shopify.com/s/files/1/0925/7041/9533/files/trapezi-mesis-stroggylo-exchoroy-fb96434-4.jpg?v=1779955075,5,"Трапезна маса за външна употреба TEROC, бял алуминий, Ф70x44 см - снимка 5",,,,,,,,,,,,,,,,,,,,,,,,
mc-0619024,,,,,,,,,,,,,,,,,,,,,,,,,,,,,,,,https://cdn.shopify.com/s/files/1/0925/7041/9533/files/trapezi-mesis-stroggylo-exchoroy-fb96434-5.jpg?v=1779955075,6,"Трапезна маса за външна употреба TEROC, бял алуминий, Ф70x44 см - снимка 6",,,,,,,,,,,,,,,,,,,,,,,,
mc-0619024,,,,,,,,,,,,,,,,,,,,,,,,,,,,,,,,https://cdn.shopify.com/s/files/1/0925/7041/9533/files/trapezi-mesis-stroggylo-exchoroy-fb96434-6.jpg?v=1779955075,7,"Трапезна маса за външна употреба TEROC, бял алуминий, Ф70x44 см - снимка 7",,,,,,,,,,,,,,,,,,,,,,,,
mc-0619024,,,,,,,,,,,,,,,,,,,,,,,,,,,,,,,,https://cdn.shopify.com/s/files/1/0925/7041/9533/files/trapezi-mesis-stroggylo-exchoroy-fb96434-7.jpg?v=1779955076,8,"Трапезна маса за външна употреба TEROC, бял алуминий, Ф70x44 см - снимка 8",,,,,,,,,,,,,,,,,,,,,,,,
mc-0619024,,,,,,,,,,,,,,,,,,,,,,,,,,,,,,,,https://cdn.shopify.com/s/files/1/0925/7041/9533/files/trapezi-mesis-stroggylo-exchoroy-fb96434-8.jpg?v=1779955076,9,"Трапезна маса за външна употреба TEROC, бял алуминий, Ф70x44 см - снимка 9",,,,,,,,,,,,,,,,,,,,,,,,
mc-0619024,,,,,,,,,,,,,,,,,,,,,,,,,,,,,,,,https://cdn.shopify.com/s/files/1/0925/7041/9533/files/trapezi-mesis-stroggylo-exchoroy-fb96434-9.jpg?v=1779955076,10,"Трапезна маса за външна употреба TEROC, бял алуминий, Ф70x44 см - снимка 10",,,,,,,,,,,,,,,,,,,,,,,,
mc-0619019,"Бюро за външна употреба TEROC, алуминий, сиво, Ф47x53см","<p><strong>Бюро за външна употреба TEROC, алуминий, сиво, Ф47x53см</strong></p><ul>
<li>
<strong>Материал:</strong> алуминий</li>
<li>
<strong>Цвят:</strong> сиво</li>
<li>
<strong>Форма:</strong> кръгла</li>
<li>
<strong>Подходящо за:</strong> външна употреба</li>
<li>
<strong>Повърхност на бюрото:</strong> алуминий с дебелина 1.2mm с електростатично покритие (powder coating)</li>
<li>
<strong>Рамка:</strong> алуминий с диаметър Ф30mm и 22mm, дебелина 1.2mm, с електростатично покритие (powder coating)</li>
<li>
<strong>Размери:</strong> диаметър 47 см, височина 53 см, разстояние между краката 30x30 см</li>
</ul><p>Бюро TEROC е идеалният избор за стилни и функционални външни пространства. Изработено изцяло от алуминий, съчетава здравина с минималистичен дизайн, а сивият цвят придава вечен характер, който лесно се вписва във всяка декорация.</p><p>Кръглата форма създава хармонична и приветлива атмосфера, подходяща за моменти на релакс на балкон, веранда или в градината. Леко и здраво, бюрото се пренася лесно и е устойчиво на външни условия.</p><p>TEROC предлага перфектен баланс между дизайн и практичност, добавяйки модерен и премиум елемент във вашето външно пространство.</p><p><strong>Предимства:</strong></p><ul>
<li>Минималистичен и модерен дизайн, подходящ навсякъде</li>
<li>Здрава алуминиева конструкция за външна употреба</li>
<li>Лесно пренасяне благодарение на лек материал</li>
<li>Вечен сив цвят, който се комбинира лесно</li>
</ul><p><strong>Поддръжка:</strong></p><ul>
<li>Лесно почистване с влажна кърпа</li>
<li>Не изисква специална грижа благодарение на електростатичното покритие</li>
<li>Препоръчва се покриване или съхранение при екстремни метеорологични условия за по-дълъг живот</li>
</ul><p>Минималистичен дизайн и здравина за всяко външно пространство. Бюро TEROC в сив алуминий е идеалната основа за моменти на релакс на балкон или в градина.</p>",Europe,,Градински маси,"Градина, Градински маси, Градински мебели",false,Title,Default Title,,,,,,,,0619019,3100.0,shopify,69,deny,manual,86.18,58.37,true,true,,,,,5208067208017,https://cdn.shopify.com/s/files/1/0925/7041/9533/files/trapezi-boithitiko-stroggylo-exchoroy-fb_43d91238-6b0e-41bb-a8d5-00255a6f63f4.jpg?v=1779955073,1,"Бюро за външна употреба TEROC, алуминий, сиво, Ф47x53см - снимка 1",false,"Бюро TEROC за външна употреба, алуминий, сиво, Ф47x53см","Минималистично бюро TEROC от алуминий в сиво, устойчиво и леко, идеално за балкон, веранда или градина.",,,,,,,,,,,,,,,,,,kg,,,draft
mc-0619019,,,,,,,,,,,,,,,,,,,,,,,,,,,,,,,,https://cdn.shopify.com/s/files/1/0925/7041/9533/files/trapezi-boithitiko-stroggylo-exchoroy-fb-1_df4f96d2-77d7-419c-9268-5d6c61a8eb13.jpg?v=1779955073,2,"Бюро за външна употреба TEROC, алуминий, сиво, Ф47x53см - снимка 2",,,,,,,,,,,,,,,,,,,,,,,,
mc-0619019,,,,,,,,,,,,,,,,,,,,,,,,,,,,,,,,https://cdn.shopify.com/s/files/1/0925/7041/9533/files/trapezi-boithitiko-stroggylo-exchoroy-fb-2_45ceb8e7-084d-4422-ae68-be841ba698f0.jpg?v=1779955074,3,"Бюро за външна употреба TEROC, алуминий, сиво, Ф47x53см - снимка 3",,,,,,,,,,,,,,,,,,,,,,,,
mc-0619019,,,,,,,,,,,,,,,,,,,,,,,,,,,,,,,,https://cdn.shopify.com/s/files/1/0925/7041/9533/files/trapezi-boithitiko-stroggylo-exchoroy-fb-3_a949f8c3-ce68-42e1-8e82-33dc26b90b59.jpg?v=1779955074,4,"Бюро за външна употреба TEROC, алуминий, сиво, Ф47x53см - снимка 4",,,,,,,,,,,,,,,,,,,,,,,,
mc-0619019,,,,,,,,,,,,,,,,,,,,,,,,,,,,,,,,https://cdn.shopify.com/s/files/1/0925/7041/9533/files/trapezi-boithitiko-stroggylo-exchoroy-fb-4_0ac44038-569b-4580-bfb4-273b61d038e0.jpg?v=1779955074,5,"Бюро за външна употреба TEROC, алуминий, сиво, Ф47x53см - снимка 5",,,,,,,,,,,,,,,,,,,,,,,,
mc-0619019,,,,,,,,,,,,,,,,,,,,,,,,,,,,,,,,https://cdn.shopify.com/s/files/1/0925/7041/9533/files/trapezi-boithitiko-stroggylo-exchoroy-fb-5_769d8405-6789-4957-bb7d-15b6efd828ef.jpg?v=1779955074,6,"Бюро за външна употреба TEROC, алуминий, сиво, Ф47x53см - снимка 6",,,,,,,,,,,,,,,,,,,,,,,,
mc-0619019,,,,,,,,,,,,,,,,,,,,,,,,,,,,,,,,https://cdn.shopify.com/s/files/1/0925/7041/9533/files/trapezi-boithitiko-stroggylo-exchoroy-fb-6_4bb37244-8d99-46e4-8297-d9380a93c0de.jpg?v=1779955074,7,"Бюро за външна употреба TEROC, алуминий, сиво, Ф47x53см - снимка 7",,,,,,,,,,,,,,,,,,,,,,,,
mc-0619019,,,,,,,,,,,,,,,,,,,,,,,,,,,,,,,,https://cdn.shopify.com/s/files/1/0925/7041/9533/files/trapezi-boithitiko-stroggylo-exchoroy-fb-7_a3e26ef4-7861-4929-9a88-372528a82415.jpg?v=1779955074,8,"Бюро за външна употреба TEROC, алуминий, сиво, Ф47x53см - снимка 8",,,,,,,,,,,,,,,,,,,,,,,,
mc-0619019,,,,,,,,,,,,,,,,,,,,,,,,,,,,,,,,https://cdn.shopify.com/s/files/1/0925/7041/9533/files/trapezi-boithitiko-stroggylo-exchoroy-fb-8_5e1d78e5-9710-48b0-aa42-4fdcf4d9f112.jpg?v=1779955073,9,"Бюро за външна употреба TEROC, алуминий, сиво, Ф47x53см - снимка 9",,,,,,,,,,,,,,,,,,,,,,,,
mc-0619019,,,,,,,,,,,,,,,,,,,,,,,,,,,,,,,,https://cdn.shopify.com/s/files/1/0925/7041/9533/files/trapezi-boithitiko-stroggylo-exchoroy-fb-9_29d144df-f62c-4ede-af34-1600a0768f8c.jpg?v=1779955074,10,"Бюро за външна употреба TEROC, алуминий, сиво, Ф47x53см - снимка 10",,,,,,,,,,,,,,,,,,,,,,,,
mc-0619020,"Бюро за външна употреба TEROC, алуминиево, капучино, Ф47x53см","<p><strong>Помощна маса за външна употреба TEROC, кръгла, Ф47 – алуминий в капучино оттенък</strong></p><ul>
<li>
<strong>Материал:</strong> алуминий</li>
<li>
<strong>Цвят:</strong> капучино</li>
<li>
<strong>Форма:</strong> кръгла</li>
<li>
<strong>Подходяща за:</strong> външна употреба</li>
<li>
<strong>Повърхност на масата:</strong> алуминий с дебелина 1.2mm с електростатично покритие (powder coating)</li>
<li>
<strong>Рамка:</strong> алуминий с диаметър Ф30mm и 22mm, дебелина 1.2mm, с електростатично покритие (powder coating)</li>
<li>
<strong>Размери:</strong> диаметър 47 см, височина 53 см, разстояние между краката 30x30 см</li>
<li>
<strong>Предимства:</strong> минималистичен и модерен дизайн, издръжлива алуминиева конструкция, лесна за преместване благодарение на лекото тегло, мек капучино цвят, който се съчетава лесно</li>
<li>
<strong>Поддръжка:</strong> лесно почистване с влажна кърпа, не изисква специални грижи благодарение на електростатичното покритие, препоръчва се покриване или съхранение при екстремни метеорологични условия за по-дълъг живот</li>
</ul><p>Минималистичен дизайн и издръжливост за всеки външен кът. Помощната маса TEROC в капучино алуминий е идеалната основа за моменти на релакс на балкона или в градината.</p>",Europe,,Градински маси,"Градина, Градински маси, Градински мебели",false,Title,Default Title,,,,,,,,0619020,3100.0,shopify,75,deny,manual,86.18,58.37,true,true,,,,,5208067208031,https://cdn.shopify.com/s/files/1/0925/7041/9533/files/trapezi-boithitiko-stroggylo-exchoroy-fb_c2356e90-3891-4efe-8114-1b3cd0836f9c.jpg?v=1779955073,1,"Бюро за външна употреба TEROC, алуминиево, капучино, Ф47x53см - снимка 1",false,"Външна помощна маса TEROC, алуминий, капучино, Ф47x53см","Външна помощна маса TEROC от алуминий в капучино цвят, с кръгла форма и минималистичен дизайн, идеална за балкон, веранда или градина.",,,,,,,,,,,,,,,,,,kg,,,draft
mc-0619020,,,,,,,,,,,,,,,,,,,,,,,,,,,,,,,,https://cdn.shopify.com/s/files/1/0925/7041/9533/files/trapezi-boithitiko-stroggylo-exchoroy-fb-1_e99be249-97f4-4f46-8a89-fa7d0ab0e628.jpg?v=1779955073,2,"Бюро за външна употреба TEROC, алуминиево, капучино, Ф47x53см - снимка 2",,,,,,,,,,,,,,,,,,,,,,,,
mc-0619020,,,,,,,,,,,,,,,,,,,,,,,,,,,,,,,,https://cdn.shopify.com/s/files/1/0925/7041/9533/files/trapezi-boithitiko-stroggylo-exchoroy-fb-2_668aecf5-252e-4d3b-942f-be1038af3020.jpg?v=1779955072,3,"Бюро за външна употреба TEROC, алуминиево, капучино, Ф47x53см - снимка 3",,,,,,,,,,,,,,,,,,,,,,,,
mc-0619020,,,,,,,,,,,,,,,,,,,,,,,,,,,,,,,,https://cdn.shopify.com/s/files/1/0925/7041/9533/files/trapezi-boithitiko-stroggylo-exchoroy-fb-3.jpg?v=1779955072,4,"Бюро за външна употреба TEROC, алуминиево, капучино, Ф47x53см - снимка 4",,,,,,,,,,,,,,,,,,,,,,,,
mc-0619020,,,,,,,,,,,,,,,,,,,,,,,,,,,,,,,,https://cdn.shopify.com/s/files/1/0925/7041/9533/files/trapezi-boithitiko-stroggylo-exchoroy-fb-4.jpg?v=1779955072,5,"Бюро за външна употреба TEROC, алуминиево, капучино, Ф47x53см - снимка 5",,,,,,,,,,,,,,,,,,,,,,,,
mc-0619020,,,,,,,,,,,,,,,,,,,,,,,,,,,,,,,,https://cdn.shopify.com/s/files/1/0925/7041/9533/files/trapezi-boithitiko-stroggylo-exchoroy-fb-5.jpg?v=1779955073,6,"Бюро за външна употреба TEROC, алуминиево, капучино, Ф47x53см - снимка 6",,,,,,,,,,,,,,,,,,,,,,,,
mc-0619020,,,,,,,,,,,,,,,,,,,,,,,,,,,,,,,,https://cdn.shopify.com/s/files/1/0925/7041/9533/files/trapezi-boithitiko-stroggylo-exchoroy-fb-6.jpg?v=1779955073,7,"Бюро за външна употреба TEROC, алуминиево, капучино, Ф47x53см - снимка 7",,,,,,,,,,,,,,,,,,,,,,,,
mc-0619020,,,,,,,,,,,,,,,,,,,,,,,,,,,,,,,,https://cdn.shopify.com/s/files/1/0925/7041/9533/files/trapezi-boithitiko-stroggylo-exchoroy-fb-7.jpg?v=1779955073,8,"Бюро за външна употреба TEROC, алуминиево, капучино, Ф47x53см - снимка 8",,,,,,,,,,,,,,,,,,,,,,,,
mc-0619020,,,,,,,,,,,,,,,,,,,,,,,,,,,,,,,,https://cdn.shopify.com/s/files/1/0925/7041/9533/files/trapezi-boithitiko-stroggylo-exchoroy-fb-8.jpg?v=1779955073,9,"Бюро за външна употреба TEROC, алуминиево, капучино, Ф47x53см - снимка 9",,,,,,,,,,,,,,,,,,,,,,,,
mc-0619020,,,,,,,,,,,,,,,,,,,,,,,,,,,,,,,,https://cdn.shopify.com/s/files/1/0925/7041/9533/files/trapezi-boithitiko-stroggylo-exchoroy-fb-9.jpg?v=1779955073,10,"Бюро за външна употреба TEROC, алуминиево, капучино, Ф47x53см - снимка 10",,,,,,,,,,,,,,,,,,,,,,,,
mc-0619021,"Бяла помощна маса за външна употреба TEROC, алуминий, Ф47x53 см","<p><strong>Помощна маса TEROC за външна употреба, бяла, алуминий, Ф47x53 см</strong></p><ul>
<li>
<strong>Материал:</strong> алуминий</li>
<li>
<strong>Цвят:</strong> бял</li>
<li>
<strong>Форма:</strong> кръгла</li>
<li>
<strong>Подходяща за:</strong> външна употреба</li>
<li>
<strong>Повърхност на масата:</strong> алуминий с дебелина 1.2mm с електростатично покритие (powder coating)</li>
<li>
<strong>Рамка:</strong> алуминий с диаметър Ф30mm и 22mm, дебелина 1.2mm, с електростатично покритие (powder coating)</li>
<li>
<strong>Размери:</strong> диаметър 47 см, височина 53 см, разстояние между краката 30x30 см</li>
<li>
<strong>Предимства:</strong> минималистичен и модерен дизайн, устойчив алуминиев материал, лек и лесен за преместване, неутрален бял цвят</li>
<li>
<strong>Поддръжка:</strong> лесно почистване с влажна кърпа, не изисква специални грижи благодарение на електростатичното покритие, препоръчва се покриване или съхранение при екстремни метеорологични условия за по-дълъг живот</li>
</ul><p>Минималистичен дизайн и издръжливост за всеки външен кът. Помощната маса TEROC в бял алуминий е идеалната основа за релакс на балкон или в градина.</p>",Europe,,Градински маси,"Градина, Градински маси, Градински мебели",false,Title,Default Title,,,,,,,,0619021,3100.0,shopify,56,deny,manual,86.18,58.37,true,true,,,,,5208067208024,https://cdn.shopify.com/s/files/1/0925/7041/9533/files/trapezi-boithitiko-stroggylo-exchoroy-fb.jpg?v=1779955072,1,"Бяла помощна маса за външна употреба TEROC, алуминий, Ф47x53 см - снимка 1",false,"Помощна маса TEROC за външна употреба, бял алуминий, Ф47x53 см","Помощна маса TEROC от бял алуминий, устойчива и лека, идеална за балкон, веранда или градина. Диаметър 47 см, височина 53 см.",,,,,,,,,,,,,,,,,,kg,,,draft
mc-0619021,,,,,,,,,,,,,,,,,,,,,,,,,,,,,,,,https://cdn.shopify.com/s/files/1/0925/7041/9533/files/trapezi-boithitiko-stroggylo-exchoroy-fb-1.jpg?v=1779955072,2,"Бяла помощна маса за външна употреба TEROC, алуминий, Ф47x53 см - снимка 2",,,,,,,,,,,,,,,,,,,,,,,,
mc-0619021,,,,,,,,,,,,,,,,,,,,,,,,,,,,,,,,https://cdn.shopify.com/s/files/1/0925/7041/9533/files/trapezi-boithitiko-stroggylo-exchoroy-fb-2.jpg?v=1779955072,3,"Бяла помощна маса за външна употреба TEROC, алуминий, Ф47x53 см - снимка 3",,,,,,,,,,,,,,,,,,,,,,,,
mc-0603267,ПОЛУПРОПИЛЕНОВА ПОЛУТОРКА ЗА ВЪНШЕН ПРОСТРАНСТВО BRAVE КАПУЧИНО 47x42x,"<p><strong>Полуторка за външен простор BRAVE - Капучино</strong></p><ul><li>
<strong>Описание на продукта:</strong> Полуторката BRAVE се отличава с модерен и ергономичен дизайн, осигуряващ комфорт и стил във всеки външен или професионален простор. Полукръглата облегалка с уникален</li></ul>",Europe,,Градински столове и фотьойли,"Градина, Градински мебели, Градински столове, Градински фотьойли",false,Title,Default Title,,,,,,,,0603267,4900.0,shopify,280,deny,manual,53.79,36.39,true,true,,,,,5208067214469,https://cdn.shopify.com/s/files/1/0925/7041/9533/files/polythrona-exchoroy-fb9662504-polypropyl.jpg?v=1779955005,1,"ПОЛУПРОПИЛЕНОВА ПОЛУТОРКА ЗА ВЪНШЕН ПРОСТРАНСТВО BRAVE КАПУЧИНО 47x42x84,5СМ - снимка 1",false,"ПОЛУПРОПИЛЕНОВА ПОЛУТОРКА BRAVE Капучино 47x42x84,5СМ","Модерна и ергономична полуторка BRAVE от полипропилен, устойчива на външни условия, идеална за градини, веранди и заведения.",,,,,,,,,,,,,,,,,,kg,,,draft
mc-0603267,,,,,,,,,,,,,,,,,,,,,,,,,,,,,,,,https://cdn.shopify.com/s/files/1/0925/7041/9533/files/polythrona-exchoroy-fb9662504-polypropyl-1.jpg?v=1779955005,2,"ПОЛУПРОПИЛЕНОВА ПОЛУТОРКА ЗА ВЪНШЕН ПРОСТРАНСТВО BRAVE КАПУЧИНО 47x42x84,5СМ - снимка 2",,,,,,,,,,,,,,,,,,,,,,,,
mc-0603265,"ПОЛУПРОПИЛЕНОВА ПОЛУСТОЛКА BRAVE ЗА ВЪНШНА УПОТРЕБА ЧЕРНА 47x42x84,5 с","<p><strong>ПОЛУПРОПИЛЕНОВА ПОЛУСТОЛКА BRAVE ЗА ВЪНШНА УПОТРЕБА ЧЕРНА</strong></p><ul><li>
<strong>Описание на продукта:</strong> Полустолката BRAVE за външна употреба се отличава с модерен и ергономичен дизайн, осигуряващ комфорт и стил във всеки открит или професионален простор. Полукръглата облегалка с уникален</li></ul>",Europe,,Градински столове и фотьойли,"Градина, Градински мебели, Градински столове, Градински фотьойли",false,Title,Default Title,,,,,,,,0603265,4900.0,shopify,140,deny,manual,53.79,36.39,true,true,,,,,5208067214421,https://cdn.shopify.com/s/files/1/0925/7041/9533/files/polythrona-exchoroy-fb9662502-polypropyl.jpg?v=1779955004,1,"ПОЛУПРОПИЛЕНОВА ПОЛУСТОЛКА BRAVE ЗА ВЪНШНА УПОТРЕБА ЧЕРНА 47x42x84,5 см - снимка 1",false,"ПОЛУПРОПИЛЕНОВА ПОЛУСТОЛКА BRAVE ЧЕРНА 47x42x84,5 см","ПОЛУПРОПИЛЕНОВА ПОЛУСТОЛКА BRAVE с модерен дизайн, устойчива на влага и слънце, идеална за външна и професионална употреба.",,,,,,,,,,,,,,,,,,kg,,,draft
mc-0603265,,,,,,,,,,,,,,,,,,,,,,,,,,,,,,,,https://cdn.shopify.com/s/files/1/0925/7041/9533/files/polythrona-exchoroy-fb9662502-polypropyl-1.jpg?v=1779955004,2,"ПОЛУПРОПИЛЕНОВА ПОЛУСТОЛКА BRAVE ЗА ВЪНШНА УПОТРЕБА ЧЕРНА 47x42x84,5 см - снимка 2",,,,,,,,,,,,,,,,,,,,,,,,
mc-0603265,,,,,,,,,,,,,,,,,,,,,,,,,,,,,,,,https://cdn.shopify.com/s/files/1/0925/7041/9533/files/polythrona-exchoroy-fb9662502-polypropyl-2.jpg?v=1779955005,3,"ПОЛУПРОПИЛЕНОВА ПОЛУСТОЛКА BRAVE ЗА ВЪНШНА УПОТРЕБА ЧЕРНА 47x42x84,5 см - снимка 3",,,,,,,,,,,,,,,,,,,,,,,,
mc-0603265,,,,,,,,,,,,,,,,,,,,,,,,,,,,,,,,https://cdn.shopify.com/s/files/1/0925/7041/9533/files/polythrona-exchoroy-fb9662502-polypropyl-3.jpg?v=1779955004,4,"ПОЛУПРОПИЛЕНОВА ПОЛУСТОЛКА BRAVE ЗА ВЪНШНА УПОТРЕБА ЧЕРНА 47x42x84,5 см - снимка 4",,,,,,,,,,,,,,,,,,,,,,,,
mc-0603265,,,,,,,,,,,,,,,,,,,,,,,,,,,,,,,,https://cdn.shopify.com/s/files/1/0925/7041/9533/files/polythrona-exchoroy-fb9662502-polypropyl-4.jpg?v=1779955004,5,"ПОЛУПРОПИЛЕНОВА ПОЛУСТОЛКА BRAVE ЗА ВЪНШНА УПОТРЕБА ЧЕРНА 47x42x84,5 см - снимка 5",,,,,,,,,,,,,,,,,,,,,,,,
mc-0603266,"ПОЛУПРОПИЛЕНОВА ПОЛУТРАПЕЗНА СТОЛ BRAVE В СИВ ЦВЯТ 47x42x84,5СМ","<p><strong>Полутрапезен стол за външна употреба BRAVE в сив цвят</strong></p><ul>
<li>
<strong>Материал:</strong> полипропилен с висока здравина</li>
<li>
<strong>Устойчивост:</strong> подходящ за външни условия, устойчив на влага и слънчева светлина</li>
<li>
<strong>Дизайн:</strong> модерен, с ергономична полукръгла облегалка с уникален</li>
</ul>",Europe,,Градински столове и фотьойли,"Градина, Градински мебели, Градински столове, Градински фотьойли",false,Title,Default Title,,,,,,,,0603266,4900.0,shopify,264,deny,manual,53.79,36.39,true,true,,,,,5208067214445,https://cdn.shopify.com/s/files/1/0925/7041/9533/files/polythrona-exchoroy-fb9662503-polypropyl.jpg?v=1779954992,1,"ПОЛУПРОПИЛЕНОВА ПОЛУТРАПЕЗНА СТОЛ BRAVE В СИВ ЦВЯТ 47x42x84,5СМ - снимка 1",false,"ПОЛУПРОПИЛЕНОВА ПОЛУТРАПЕЗНА СТОЛ BRAVE СИВ 47x42x84,5СМ","Модерен и ергономичен полутрапезен стол BRAVE от полипропилен, устойчив на външни условия, идеален за градини, веранди и заведения.",,,,,,,,,,,,,,,,,,kg,,,draft
mc-0603266,,,,,,,,,,,,,,,,,,,,,,,,,,,,,,,,https://cdn.shopify.com/s/files/1/0925/7041/9533/files/polythrona-exchoroy-fb9662503-polypropyl-1.jpg?v=1779954992,2,"ПОЛУПРОПИЛЕНОВА ПОЛУТРАПЕЗНА СТОЛ BRAVE В СИВ ЦВЯТ 47x42x84,5СМ - снимка 2",,,,,,,,,,,,,,,,,,,,,,,,
mc-0603268,Полутрапезен стол за външна употреба BRAVE в маслиненозелен цвят 47x42,"<p><strong>Полутрапезен стол за външна употреба BRAVE — маслиненозелен</strong></p><p>________________________________________</p><p><strong>Описание на продукта:</strong></p><p>Полутрапезният стол BRAVE за външна употреба се отличава с модерен и ергономичен дизайн, който осигурява комфорт и стил във всеки открит или професионален интериор. Полукръглата облегалка с характерен „разклонен“ дизайн обгръща тялото, а минималистичната визия го прави подходящ за всякаква среда.</p><p>Идеален избор за кафенета, ресторанти, тераси и градини, комбинира практичност със съвременен дизайн.</p><p>________________________________________</p><p><strong>Материали:</strong></p><ul>
<li>Изработен от висококачествен полипропилен</li>
<li>Устойчив на външни условия</li>
<li>Лек, но стабилен</li>
<li>Цяло тяло за по-голяма здравина и издръжливост</li>
</ul><p>________________________________________</p><p><strong>Размери:</strong></p><p>47x42x84,5 см</p><p>________________________________________</p><p><strong>Предимства:</strong></p><ul>
<li>Сгъваем за лесно съхранение</li>
<li>Ергономична облегалка за удобство</li>
<li>Устойчив на влага и слънчева светлина</li>
<li>Подходящ за професионална и домашна употреба</li>
<li>Лесен за преместване заради ниското тегло</li>
<li>Минималистичен дизайн, който пасва на всяко пространство</li>
</ul><p>________________________________________</p><p><strong>Поддръжка:</strong></p><ul>
<li>Лесно се почиства с вода и влажна кърпа</li>
<li>Не изисква специална поддръжка</li>
<li>Подходящ за ежедневна употреба на открито</li>
</ul><p>*Продуктът се доставя разглобен в заводски опаковки.</p><p>** Цветовото представяне може леко да се различава от снимковото изображение на екрана ви.</p>",Europe,,Градински столове и фотьойли,"Градина, Градински мебели, Градински столове, Градински фотьойли",false,Title,Default Title,,,,,,,,0603268,4900.0,shopify,144,deny,manual,53.79,36.39,true,true,,,,,5208067214483,https://cdn.shopify.com/s/files/1/0925/7041/9533/files/polythrona-exchoroy-fb9662505-polypropyl.jpg?v=1779954993,1,"Полутрапезен стол за външна употреба BRAVE в маслиненозелен цвят 47x42x84,5 см - снимка 1",false,"Полутрапезен стол BRAVE от полипропилен, маслиненозелен, 47x42x84,5 см","Полутрапезен стол BRAVE с модерен дизайн и ергономична облегалка, изработен от устойчив полипропилен, подходящ за външна употреба и професионални пространства.",,,,,,,,,,,,,,,,,,kg,,,draft
mc-0603268,,,,,,,,,,,,,,,,,,,,,,,,,,,,,,,,https://cdn.shopify.com/s/files/1/0925/7041/9533/files/polythrona-exchoroy-fb9662505-polypropyl-1.jpg?v=1779954992,2,"Полутрапезен стол за външна употреба BRAVE в маслиненозелен цвят 47x42x84,5 см - снимка 2",,,,,,,,,,,,,,,,,,,,,,,,
mc-0603268,,,,,,,,,,,,,,,,,,,,,,,,,,,,,,,,https://cdn.shopify.com/s/files/1/0925/7041/9533/files/polythrona-exchoroy-fb9662505-polypropyl-2.jpg?v=1779954991,3,"Полутрапезен стол за външна употреба BRAVE в маслиненозелен цвят 47x42x84,5 см - снимка 3",,,,,,,,,,,,,,,,,,,,,,,,
mc-0603259,"Полиестерна столова за външна употреба ALOR бял 47x55x74,5 см","<p><strong>Полиестерна столова за външна употреба ALOR — бял</strong></p><ul>
<li>
<strong>Материал:</strong> полипропилен с висока издръжливост</li>
<li>
<strong>Устойчивост:</strong> подходящ за външни условия, устойчив на влага и слънчева светлина</li>
<li>
<strong>Размери:</strong> 47x55x74,5 см</li>
<li>
<strong>Дизайн:</strong> модерен и минималистичен, подходящ за професионални и домашни пространства</li>
<li>
<strong>Предимства:</strong> лесно се подрежда, лек и стабилен</li>
<li>
<strong>Поддръжка:</strong> почиства се лесно с вода и влажна кърпа, не изисква специална грижа</li>
<li>
<strong>Забележки:</strong> продуктът се доставя разглобен в заводска опаковка (K/D крака); цветът може леко да се различава от снимките на екрана</li>
</ul>",Europe,,Градински столове и фотьойли,"Градина, Градински мебели, Градински столове, Градински фотьойли",false,Title,Default Title,,,,,,,,0603259,4700.0,shopify,144,deny,manual,48.05,32.49,true,true,,,,,5208067214308,https://cdn.shopify.com/s/files/1/0925/7041/9533/files/polythrona-exotchoroy-fb9662401-polyprop.jpg?v=1779954991,1,"Полиестерна столова за външна употреба ALOR бял 47x55x74,5 см - снимка 1",false,"Стол за външна употреба ALOR бял 47x55x74,5 см","Лек и устойчив стол ALOR от полипропилен, идеален за външни пространства като кафенета и градини. Лесен за почистване и съхранение.",,,,,,,,,,,,,,,,,,kg,,,draft
mc-0603259,,,,,,,,,,,,,,,,,,,,,,,,,,,,,,,,https://cdn.shopify.com/s/files/1/0925/7041/9533/files/polythrona-exotchoroy-fb9662401-polyprop-1.jpg?v=1779954991,2,"Полиестерна столова за външна употреба ALOR бял 47x55x74,5 см - снимка 2",,,,,,,,,,,,,,,,,,,,,,,,
mc-0603259,,,,,,,,,,,,,,,,,,,,,,,,,,,,,,,,https://cdn.shopify.com/s/files/1/0925/7041/9533/files/polythrona-exotchoroy-fb9662401-polyprop-2.jpg?v=1779954991,3,"Полиестерна столова за външна употреба ALOR бял 47x55x74,5 см - снимка 3",,,,,,,,,,,,,,,,,,,,,,,,
mc-0603259,,,,,,,,,,,,,,,,,,,,,,,,,,,,,,,,https://cdn.shopify.com/s/files/1/0925/7041/9533/files/polythrona-exotchoroy-fb9662401-polyprop-3.jpg?v=1779954991,4,"Полиестерна столова за външна употреба ALOR бял 47x55x74,5 см - снимка 4",,,,,,,,,,,,,,,,,,,,,,,,
mc-0603259,,,,,,,,,,,,,,,,,,,,,,,,,,,,,,,,https://cdn.shopify.com/s/files/1/0925/7041/9533/files/polythrona-exotchoroy-fb9662401-polyprop-4.jpg?v=1779954991,5,"Полиестерна столова за външна употреба ALOR бял 47x55x74,5 см - снимка 5",,,,,,,,,,,,,,,,,,,,,,,,
mc-0603260,ПОЛУПРОПИЛЕНОВА ПОЛУТРАПЕЗНА СТОЛОВА СТОЛ ALOR ЧЕРЕН 47x55x74.5 см,"<p><strong>Полупропиленова полутрапезна столова стол ALOR - ЧЕРЕН</strong></p><ul>
<li>
<strong>Описание на продукта:</strong> Полутрапезна столова стол ALOR с модерен и минималистичен дизайн, осигуряващ комфорт и стил във всеки външен професионален или домашен кът.</li>
<li>
<strong>Материали:</strong> Изработена от висококачествен полипропилен, устойчив на външни условия, лека и стабилна конструкция.</li>
<li>
<strong>Размери:</strong> 47x55x74,5 см</li>
<li>
<strong>Предимства:</strong> Сгъваема за лесно съхранение, устойчива на влага и слънчева светлина, подходяща за професионална и домашна употреба, лесна за преместване, минималистичен дизайн, който пасва на всяко пространство.</li>
<li>
<strong>Поддръжка:</strong> Лесна за почистване с вода и влажна кърпа, не изисква специална поддръжка, подходяща за ежедневна употреба на открито.</li>
<li>
<strong>Забележки:</strong> Продуктът се доставя разглобен в заводски опаковки (K/D крака). Цветовото представяне може леко да се различава от снимките на екрана.</li>
</ul>",Europe,,Градински столове и фотьойли,"Градина, Градински мебели, Градински столове, Градински фотьойли",false,Title,Default Title,,,,,,,,0603260,4700.0,shopify,264,deny,manual,48.05,32.49,true,true,,,,,5208067214322,https://cdn.shopify.com/s/files/1/0925/7041/9533/files/polythrona-exotchoroy-fb9662402-polyprop.jpg?v=1779954990,1,ПОЛУПРОПИЛЕНОВА ПОЛУТРАПЕЗНА СТОЛОВА СТОЛ ALOR ЧЕРЕН 47x55x74.5 см - снимка 1,false,ПОЛУПРОПИЛЕНОВА ПОЛУТРАПЕЗНА СТОЛОВА СТОЛ ALOR ЧЕРЕН 47x55x74.5 см,"ПОЛУПРОПИЛЕНОВА ПОЛУТРАПЕЗНА СТОЛОВА СТОЛ ALOR с модерен дизайн, лека и устойчива на външни условия, идеална за кафе и градини.",,,,,,,,,,,,,,,,,,kg,,,draft
mc-0603260,,,,,,,,,,,,,,,,,,,,,,,,,,,,,,,,https://cdn.shopify.com/s/files/1/0925/7041/9533/files/polythrona-exotchoroy-fb9662402-polyprop-1.jpg?v=1779954991,2,ПОЛУПРОПИЛЕНОВА ПОЛУТРАПЕЗНА СТОЛОВА СТОЛ ALOR ЧЕРЕН 47x55x74.5 см - снимка 2,,,,,,,,,,,,,,,,,,,,,,,,
mc-0603260,,,,,,,,,,,,,,,,,,,,,,,,,,,,,,,,https://cdn.shopify.com/s/files/1/0925/7041/9533/files/polythrona-exotchoroy-fb9662402-polyprop-2.jpg?v=1779954991,3,ПОЛУПРОПИЛЕНОВА ПОЛУТРАПЕЗНА СТОЛОВА СТОЛ ALOR ЧЕРЕН 47x55x74.5 см - снимка 3,,,,,,,,,,,,,,,,,,,,,,,,
mc-0603260,,,,,,,,,,,,,,,,,,,,,,,,,,,,,,,,https://cdn.shopify.com/s/files/1/0925/7041/9533/files/polythrona-exotchoroy-fb9662402-polyprop-3.jpg?v=1779954990,4,ПОЛУПРОПИЛЕНОВА ПОЛУТРАПЕЗНА СТОЛОВА СТОЛ ALOR ЧЕРЕН 47x55x74.5 см - снимка 4,,,,,,,,,,,,,,,,,,,,,,,,
mc-0603260,,,,,,,,,,,,,,,,,,,,,,,,,,,,,,,,https://cdn.shopify.com/s/files/1/0925/7041/9533/files/polythrona-exotchoroy-fb9662402-polyprop-4.jpg?v=1779954991,5,ПОЛУПРОПИЛЕНОВА ПОЛУТРАПЕЗНА СТОЛОВА СТОЛ ALOR ЧЕРЕН 47x55x74.5 см - снимка 5,,,,,,,,,,,,,,,,,,,,,,,,
mc-0603262,"Полутрапезен стол за външна употреба ALOR капучино 47x55x74,5 см","<p><strong>Полутрапезен стол за външна употреба ALOR — капучино</strong></p><p>________________________________________</p><p><strong>Описание на продукта:</strong></p><p>Полутрапезният стол ALOR за външна употреба се отличава с модерен и минималистичен дизайн, осигуряващ комфорт и стил във всеки външен професионален обект.</p><p>Идеален избор за кафенета, ресторанти, тераси и градини, съчетава практичност със съвременен дизайн.</p><p>________________________________________</p><p><strong>Материали:</strong></p><ul>
<li>Конструкция от висококачествен полипропилен</li>
<li>Устойчив материал на външни условия</li>
<li>Лека, но стабилна конструкция</li>
</ul><p>________________________________________</p><p><strong>Размери:</strong></p><p>47x55x74,5 см</p><p>________________________________________</p><p><strong>Предимства:</strong></p><ul>
<li>Сгъваем за лесно съхранение</li>
<li>Устойчив на влага и слънчева светлина</li>
<li>Подходящ за професионална и домашна употреба</li>
<li>Лесен за преместване поради ниско тегло</li>
<li>Минималистичен дизайн, който пасва на всяко пространство</li>
</ul><p>________________________________________</p><p><strong>Поддръжка:</strong></p><ul>
<li>Лесно почистване с вода и влажна кърпа</li>
<li>Не изисква специална поддръжка</li>
<li>Подходящ за ежедневна употреба на открито</li>
</ul><p>*Продуктът се доставя разглобен в заводски опаковки (K/D крака).</p><p>** Цветовото представяне може леко да се различава от снимковото изображение на екрана ви.</p>",Europe,,Градински столове и фотьойли,"Градина, Градински мебели, Градински столове, Градински фотьойли",false,Title,Default Title,,,,,,,,0603262,4700.0,shopify,284,deny,manual,48.05,32.49,true,true,,,,,5208067214360,https://cdn.shopify.com/s/files/1/0925/7041/9533/files/polythrona-exotchoroy-fb9662404-polyprop.jpg?v=1779954990,1,"Полутрапезен стол за външна употреба ALOR капучино 47x55x74,5 см - снимка 1",false,"Полутрапезен стол ALOR капучино 47x55x74,5 см за външна употреба","Модерен и лек полутрапезен стол ALOR от полипропилен, устойчив на външни условия. Идеален за заведения и градини.",,,,,,,,,,,,,,,,,,kg,,,draft
mc-0603262,,,,,,,,,,,,,,,,,,,,,,,,,,,,,,,,https://cdn.shopify.com/s/files/1/0925/7041/9533/files/polythrona-exotchoroy-fb9662404-polyprop-1.jpg?v=1779954990,2,"Полутрапезен стол за външна употреба ALOR капучино 47x55x74,5 см - снимка 2",,,,,,,,,,,,,,,,,,,,,,,,
mc-0603262,,,,,,,,,,,,,,,,,,,,,,,,,,,,,,,,https://cdn.shopify.com/s/files/1/0925/7041/9533/files/polythrona-exotchoroy-fb9662404-polyprop-2.jpg?v=1779954990,3,"Полутрапезен стол за външна употреба ALOR капучино 47x55x74,5 см - снимка 3",,,,,,,,,,,,,,,,,,,,,,,,
mc-0603262,,,,,,,,,,,,,,,,,,,,,,,,,,,,,,,,https://cdn.shopify.com/s/files/1/0925/7041/9533/files/polythrona-exotchoroy-fb9662404-polyprop-3.jpg?v=1779954990,4,"Полутрапезен стол за външна употреба ALOR капучино 47x55x74,5 см - снимка 4",,,,,,,,,,,,,,,,,,,,,,,,
mc-0603262,,,,,,,,,,,,,,,,,,,,,,,,,,,,,,,,https://cdn.shopify.com/s/files/1/0925/7041/9533/files/polythrona-exotchoroy-fb9662404-polyprop-4.jpg?v=1779954990,5,"Полутрапезен стол за външна употреба ALOR капучино 47x55x74,5 см - снимка 5",,,,,,,,,,,,,,,,,,,,,,,,
mc-0603261,ПОЛУПРОПИЛЕНОВА ПОЛУТРАПЕЗНА СТОЛОВА СТОЛ ALOR СИВ 47x55x74.5 см,"<p><strong>Полиетиленов стол за външна употреба ALOR — Сив</strong></p><ul>
<li>
<strong>Описание на продукта:</strong> Полиетиленовият стол ALOR се отличава с модерен и минималистичен дизайн, осигуряващ комфорт и стил във всеки външен професионален или домашен простор.</li>
<li>Идеален избор за кафенета, ресторанти, тераси и градини, съчетаващ практичност със съвременен дизайн.</li>
<li>
<strong>Материали:</strong> Изработен от висококачествен полипропилен, устойчив на външни условия, лек и стабилен.</li>
<li>
<strong>Размери:</strong> 47x55x74,5 см</li>
<li>
<strong>Предимства:</strong> Сгъваем за лесно съхранение, устойчив на влага и слънчева светлина, подходящ за професионална и домашна употреба, лесен за преместване, минималистичен дизайн, който пасва на всяко пространство.</li>
<li>
<strong>Поддръжка:</strong> Лесно почистване с вода и влажна кърпа, не изисква специална поддръжка, подходящ за ежедневна употреба на открито.</li>
<li>*Продуктът се доставя разглобен в заводски опаковки (K/D крака).</li>
<li>**Цветовото представяне може леко да се различава от снимката на екрана ви.</li>
</ul>",Europe,,Градински столове и фотьойли,"Градина, Градински мебели, Градински столове, Градински фотьойли",false,Title,Default Title,,,,,,,,0603261,4700.0,shopify,264,deny,manual,48.05,32.49,true,true,,,,,5208067214346,https://cdn.shopify.com/s/files/1/0925/7041/9533/files/polythrona-exotchoroy-fb9662403-polyprop.jpg?v=1779954989,1,ПОЛУПРОПИЛЕНОВА ПОЛУТРАПЕЗНА СТОЛОВА СТОЛ ALOR СИВ 47x55x74.5 см - снимка 1,false,ПОЛУПРОПИЛЕНОВА ПОЛУТРАПЕЗНА СТОЛОВА СТОЛ ALOR СИВ 47x55x74.5 см,"Полиетиленов стол ALOR с модерен минималистичен дизайн, устойчив на външни условия, идеален за заведения и градини.",,,,,,,,,,,,,,,,,,kg,,,draft
mc-0603261,,,,,,,,,,,,,,,,,,,,,,,,,,,,,,,,https://cdn.shopify.com/s/files/1/0925/7041/9533/files/polythrona-exotchoroy-fb9662403-polyprop-1.jpg?v=1779954989,2,ПОЛУПРОПИЛЕНОВА ПОЛУТРАПЕЗНА СТОЛОВА СТОЛ ALOR СИВ 47x55x74.5 см - снимка 2,,,,,,,,,,,,,,,,,,,,,,,,
mc-0603261,,,,,,,,,,,,,,,,,,,,,,,,,,,,,,,,https://cdn.shopify.com/s/files/1/0925/7041/9533/files/polythrona-exotchoroy-fb9662403-polyprop-2.jpg?v=1779954990,3,ПОЛУПРОПИЛЕНОВА ПОЛУТРАПЕЗНА СТОЛОВА СТОЛ ALOR СИВ 47x55x74.5 см - снимка 3,,,,,,,,,,,,,,,,,,,,,,,,
mc-0603261,,,,,,,,,,,,,,,,,,,,,,,,,,,,,,,,https://cdn.shopify.com/s/files/1/0925/7041/9533/files/polythrona-exotchoroy-fb9662403-polyprop-3.jpg?v=1779954989,4,ПОЛУПРОПИЛЕНОВА ПОЛУТРАПЕЗНА СТОЛОВА СТОЛ ALOR СИВ 47x55x74.5 см - снимка 4,,,,,,,,,,,,,,,,,,,,,,,,
mc-0603261,,,,,,,,,,,,,,,,,,,,,,,,,,,,,,,,https://cdn.shopify.com/s/files/1/0925/7041/9533/files/polythrona-exotchoroy-fb9662403-polyprop-4.jpg?v=1779954989,5,ПОЛУПРОПИЛЕНОВА ПОЛУТРАПЕЗНА СТОЛОВА СТОЛ ALOR СИВ 47x55x74.5 см - снимка 5,,,,,,,,,,,,,,,,,,,,,,,,
mc-0603263,ПОЛУПРОПИЛЕНОВА ПОЛУТОРКА ЗА ВЪНШНА УПОТРЕБА ALOR OLIVE GREEN 47x55x74,"<p><strong>ПОЛУПРОПИЛЕНОВА ПОЛУТОРКА ЗА ВЪНШНА УПОТРЕБА ALOR OLIVE GREEN</strong></p><ul>
<li>
<strong>Описание на продукта:</strong> Полуторка за външна употреба ALOR с модерен и минималистичен дизайн, осигуряваща комфорт и стил във всеки външен професионален или домашен двор.</li>
<li>
<strong>Материали:</strong> Изработена от висококачествен полипропилен, устойчив на външни условия, лека и стабилна конструкция.</li>
<li>
<strong>Размери:</strong> 47x55x74,5СМ</li>
<li>
<strong>Предимства:</strong> Сгъваема за лесно съхранение, устойчива на влага и слънчева светлина, подходяща за професионална и домашна употреба, лесна за преместване, минималистичен дизайн, който пасва на всеки интериор.</li>
<li>
<strong>Поддръжка:</strong> Лесна за почистване с вода и влажна кърпа, не изисква специална поддръжка, подходяща за ежедневна употреба на открито.</li>
<li>
<strong>Забележки:</strong> Продуктът се доставя разглобен в заводски опаковки (K/D крака). Цветовото представяне може да се различава леко от снимките на екрана.</li>
</ul>",Europe,,Градински столове и фотьойли,"Градина, Градински мебели, Градински столове, Градински фотьойли",false,Title,Default Title,,,,,,,,0603263,4700.0,shopify,148,deny,manual,48.05,32.49,true,true,,,,,5208067214384,https://cdn.shopify.com/s/files/1/0925/7041/9533/files/polythrona-exotchoroy-fb9662405-polyprop.jpg?v=1779954987,1,ПОЛУПРОПИЛЕНОВА ПОЛУТОРКА ЗА ВЪНШНА УПОТРЕБА ALOR OLIVE GREEN 47x55x74.5СМ - снимка 1,false,ПОЛУПРОПИЛЕНОВА ПОЛУТОРКА ALOR OLIVE GREEN 47x55x74.5СМ,"Лека и устойчива полуторка ALOR от полипропилен, подходяща за външна употреба, с модерен дизайн и лесна поддръжка.",,,,,,,,,,,,,,,,,,kg,,,draft
mc-0603263,,,,,,,,,,,,,,,,,,,,,,,,,,,,,,,,https://cdn.shopify.com/s/files/1/0925/7041/9533/files/polythrona-exotchoroy-fb9662405-polyprop-1.jpg?v=1779954987,2,ПОЛУПРОПИЛЕНОВА ПОЛУТОРКА ЗА ВЪНШНА УПОТРЕБА ALOR OLIVE GREEN 47x55x74.5СМ - снимка 2,,,,,,,,,,,,,,,,,,,,,,,,
mc-0603263,,,,,,,,,,,,,,,,,,,,,,,,,,,,,,,,https://cdn.shopify.com/s/files/1/0925/7041/9533/files/polythrona-exotchoroy-fb9662405-polyprop-2.jpg?v=1779954987,3,ПОЛУПРОПИЛЕНОВА ПОЛУТОРКА ЗА ВЪНШНА УПОТРЕБА ALOR OLIVE GREEN 47x55x74.5СМ - снимка 3,,,,,,,,,,,,,,,,,,,,,,,,
mc-0603263,,,,,,,,,,,,,,,,,,,,,,,,,,,,,,,,https://cdn.shopify.com/s/files/1/0925/7041/9533/files/polythrona-exotchoroy-fb9662405-polyprop-3.jpg?v=1779954987,4,ПОЛУПРОПИЛЕНОВА ПОЛУТОРКА ЗА ВЪНШНА УПОТРЕБА ALOR OLIVE GREEN 47x55x74.5СМ - снимка 4,,,,,,,,,,,,,,,,,,,,,,,,
mc-0603263,,,,,,,,,,,,,,,,,,,,,,,,,,,,,,,,https://cdn.shopify.com/s/files/1/0925/7041/9533/files/polythrona-exotchoroy-fb9662405-polyprop-4.jpg?v=1779954987,5,ПОЛУПРОПИЛЕНОВА ПОЛУТОРКА ЗА ВЪНШНА УПОТРЕБА ALOR OLIVE GREEN 47x55x74.5СМ - снимка 5,,,,,,,,,,,,,,,,,,,,,,,,
mc-0613270,Клатещ се шезлонг SWINGSAND сив текстилен - черен метал 143x60x94 см,"<p><strong>Клатещ се плисиран шезлонг Relax SWINGSAND – сив</strong></p><p>Клатещият се шезлонг Relax SWINGSAND е проектиран за максимален комфорт и може да се люлее като люлка благодарение на два централни оси. Тази нежна движението осигурява уникално усещане за релакс и облекчение от ежедневния стрес. Идеален за плажа.</p><p><strong>Умен плисиран дизайн за лесно съхранение</strong></p><p>Шезлонгът е изключително практичен с плисирана рамка. Сгъва се бързо и лесно, позволявайки ви да го съхранявате без да заема място през зимата или да го пренасяте удобно.</p><p><strong>РАЗМЕРИ:</strong><br>143 x 60 x 94 см<br>Размери на седалката: 48x64-102 см<br>Размери на облегалката: 48x72 см<br>Височина на подлакътниците: 44 см<br>Височина на седалката: 26 см</p><p> - - - - - - - - - - -</p><p><strong>Високо качество на изработка и издръжливост</strong></p><p>Шезлонгът е създаден да издържа на времето и атмосферните условия. Здравата метална рамка (steel) с размери Ф24x0.8mm и Ф13x0.8mm е с прахово покритие в черен цвят, което осигурява максимална защита срещу ръжда и износване.</p><p>Седалката е покрита с висококачествен текстилен текстил 1x1 в сив цвят. Textilene е изключително устойчив на UV лъчи, диша, за да не ви е горещо през летните дни и се почиства лесно с влажна кърпа.</p><p> - - - - - - - - - - -</p><p><strong>Защо да го изберете:</strong></p><ul>
<li>Уникално релаксиращо движение: Работи като люлка за дълбок релакс.</li>
<li>Плисиран и практичен: Лесно се сгъва за спестяване на място и удобен транспорт.</li>
<li>Издръжливи материали: Метална рамка с прахово покритие и дишащ текстилен текстил.</li>
<li>Ниска поддръжка: Висока устойчивост на слънце, влага и ежедневна употреба.</li>
</ul><p> - - - - - - - - - - -</p><p><strong>Технически характеристики:</strong></p><ul>
<li>Тип: Клатещ се и плисиран</li>
<li>Материал на рамката: Метал (Steel) с прахово покритие</li>
<li>Размери метал: Ф24 x 0.8 mm / Ф13 x 0.8 mm</li>
<li>Цвят на рамката: Черен</li>
<li>Текстил: Textilene 1x1 (Устойчив на UV лъчи)</li>
<li>Цвят на текстила: Сив</li>
</ul><p>** Цветовото представяне на продукта може леко да се различава от снимката на екрана ви.</p>",Europe,,Шезлонги,"Градина, Градински мебели, Шезлонги",false,Title,Default Title,,,,,,,,0613270,4880.0,shopify,252,deny,manual,44.02,29.77,true,true,,,,,5208067208505,https://cdn.shopify.com/s/files/1/0925/7041/9533/files/xaplostra-koynisth-fb9655301-gkri-textil.jpg?v=1779954813,1,Клатещ се шезлонг SWINGSAND сив текстилен - черен метал 143x60x94 см - снимка 1,false,"Клатещ се шезлонг SWINGSAND сив текстилен, черен метал 143x60x94 см","Клатещ се шезлонг SWINGSAND с плисиран дизайн, сив текстилен и черен метален скелет. Лесен за съхранение и устойчив на външни условия.",,,,,,,,,,,,,,,,,,kg,,,draft
mc-0613270,,,,,,,,,,,,,,,,,,,,,,,,,,,,,,,,https://cdn.shopify.com/s/files/1/0925/7041/9533/files/xaplostra-koynisth-fb9655301-gkri-textil-1.jpg?v=1779954813,2,Клатещ се шезлонг SWINGSAND сив текстилен - черен метал 143x60x94 см - снимка 2,,,,,,,,,,,,,,,,,,,,,,,,
mc-0613270,,,,,,,,,,,,,,,,,,,,,,,,,,,,,,,,https://cdn.shopify.com/s/files/1/0925/7041/9533/files/xaplostra-koynisth-fb9655301-gkri-textil-2.jpg?v=1779954813,3,Клатещ се шезлонг SWINGSAND сив текстилен - черен метал 143x60x94 см - снимка 3,,,,,,,,,,,,,,,,,,,,,,,,
mc-0613270,,,,,,,,,,,,,,,,,,,,,,,,,,,,,,,,https://cdn.shopify.com/s/files/1/0925/7041/9533/files/xaplostra-koynisth-fb9655301-gkri-textil-3.jpg?v=1779954812,4,Клатещ се шезлонг SWINGSAND сив текстилен - черен метал 143x60x94 см - снимка 4,,,,,,,,,,,,,,,,,,,,,,,,
mc-0613270,,,,,,,,,,,,,,,,,,,,,,,,,,,,,,,,https://cdn.shopify.com/s/files/1/0925/7041/9533/files/xaplostra-koynisth-fb9655301-gkri-textil-4.jpg?v=1779954813,5,Клатещ се шезлонг SWINGSAND сив текстилен - черен метал 143x60x94 см - снимка 5,,,,,,,,,,,,,,,,,,,,,,,,
mc-0613270,,,,,,,,,,,,,,,,,,,,,,,,,,,,,,,,https://cdn.shopify.com/s/files/1/0925/7041/9533/files/xaplostra-koynisth-fb9655301-gkri-textil-5.jpg?v=1779954813,6,Клатещ се шезлонг SWINGSAND сив текстилен - черен метал 143x60x94 см - снимка 6,,,,,,,,,,,,,,,,,,,,,,,,
mc-0613270,,,,,,,,,,,,,,,,,,,,,,,,,,,,,,,,https://cdn.shopify.com/s/files/1/0925/7041/9533/files/xaplostra-koynisth-fb9655301-gkri-textil-6.jpg?v=1779954813,7,Клатещ се шезлонг SWINGSAND сив текстилен - черен метал 143x60x94 см - снимка 7,,,,,,,,,,,,,,,,,,,,,,,,
mc-0613270,,,,,,,,,,,,,,,,,,,,,,,,,,,,,,,,https://cdn.shopify.com/s/files/1/0925/7041/9533/files/xaplostra-koynisth-fb9655301-gkri-textil-7.jpg?v=1779954813,8,Клатещ се шезлонг SWINGSAND сив текстилен - черен метал 143x60x94 см - снимка 8,,,,,,,,,,,,,,,,,,,,,,,,
mc-0613270,,,,,,,,,,,,,,,,,,,,,,,,,,,,,,,,https://cdn.shopify.com/s/files/1/0925/7041/9533/files/xaplostra-koynisth-fb9655301-gkri-textil-8.jpg?v=1779954813,9,Клатещ се шезлонг SWINGSAND сив текстилен - черен метал 143x60x94 см - снимка 9,,,,,,,,,,,,,,,,,,,,,,,,
mc-74956,ГРАДИНСКИ Санторини СЕТ 3 ЧАСТИ Ренесанс МЕТАЛНА КАФЕ МАСА В СИВО--ПЛЕТЕН РАТАН В ЧЕРНО И БЯЛО,"Ренесанс е 3-частен комплект за външна зона за отдих, състоящ се от 2 черни метални стола с изкуствен ратан в черно и бяло и кръгла сива метална масичка.<br>
<br>
РАЗМЕРИ:<br>
Масичка за кафе:<br>
Φ40x50H см.<br>
Размери на метала: 16x1.2 мм<br>
<br>
Столове:<br>
66x68x75H см.<br>
Размери на седалката: 50.5x44 см.<br>
Размери на облегалката: 49x40 см.<br>
Височина на седалката: 37.5 см.<br>
Височина на краката: 36 см.<br>
Разстояние между краката: 65.5x65 см.<br>
Спецификации на рамката: 0.9 мм<br>
<br>
ПОДДРЪЖКА:<br>
Може да се почиства с влажна кърпа. Не използвайте химически почистващи препарати като белина и др.<br>
<br>
*Масата се доставя разглобена в заводска опаковка<br>
**Точният цвят на продукта може леко да се различава от реалния поради различните настройки на монитора.",Europe,,Комплект диван,Градински комплект за хранене,true,Title,Default Title,,,,,,,,9995014,7300.0,shopify,47,deny,manual,146.44,237.15,true,true,,,,,,https://cdn.shopify.com/s/files/1/0925/7041/9533/files/set-lounge-3tmx-exchoroy-fb921193-metall.jpg?v=1773218324,1,ГРАДИНСКИ ЛАУНДЖ СЕТ 3 ЧАСТИ PONY МЕТАЛНА КАФЕ МАСА В СИВО--ПЛЕТЕН РАТАН В ЧЕРНО И БЯЛО,false,,,,,,,,,,,,,,,,,,,,kg,,,active
mc-74956,,,,,,,,,,,,,,,,,,,,,,,,,,,,,,,,https://cdn.shopify.com/s/files/1/0925/7041/9533/files/set-lounge-3tmx-exchoroy-fb921193-metall-1.jpg?v=1773218324,2,ГРАДИНСКИ ЛАУНДЖ СЕТ 3 ЧАСТИ PONY МЕТАЛНА КАФЕ МАСА В СИВО--ПЛЕТЕН РАТАН В ЧЕРНО И БЯЛО,,,,,,,,,,,,,,,,,,,,,,,,
mc-74956,,,,,,,,,,,,,,,,,,,,,,,,,,,,,,,,https://cdn.shopify.com/s/files/1/0925/7041/9533/files/set-lounge-3tmx-exchoroy-fb921193-metall-2.jpg?v=1773218324,3,ГРАДИНСКИ ЛАУНДЖ СЕТ 3 ЧАСТИ PONY МЕТАЛНА КАФЕ МАСА В СИВО--ПЛЕТЕН РАТАН В ЧЕРНО И БЯЛО,,,,,,,,,,,,,,,,,,,,,,,,
mc-74956,,,,,,,,,,,,,,,,,,,,,,,,,,,,,,,,https://cdn.shopify.com/s/files/1/0925/7041/9533/files/set-lounge-3tmx-exchoroy-fb921193-metall-3.jpg?v=1773218324,4,ГРАДИНСКИ ЛАУНДЖ СЕТ 3 ЧАСТИ PONY МЕТАЛНА КАФЕ МАСА В СИВО--ПЛЕТЕН РАТАН В ЧЕРНО И БЯЛО,,,,,,,,,,,,,,,,,,,,,,,,
mc-74956,,,,,,,,,,,,,,,,,,,,,,,,,,,,,,,,https://cdn.shopify.com/s/files/1/0925/7041/9533/files/set-lounge-3tmx-exchoroy-fb921193-metall-4.jpg?v=1773218324,5,ГРАДИНСКИ ЛАУНДЖ СЕТ 3 ЧАСТИ PONY МЕТАЛНА КАФЕ МАСА В СИВО--ПЛЕТЕН РАТАН В ЧЕРНО И БЯЛО,,,,,,,,,,,,,,,,,,,,,,,,
mc-74956,,,,,,,,,,,,,,,,,,,,,,,,,,,,,,,,https://cdn.shopify.com/s/files/1/0925/7041/9533/files/set-lounge-3tmx-exchoroy-fb921193-metall-5.jpg?v=1773218324,6,ГРАДИНСКИ ЛАУНДЖ СЕТ 3 ЧАСТИ PONY МЕТАЛНА КАФЕ МАСА В СИВО--ПЛЕТЕН РАТАН В ЧЕРНО И БЯЛО,,,,,,,,,,,,,,,,,,,,,,,,
mc-74956,,,,,,,,,,,,,,,,,,,,,,,,,,,,,,,,https://cdn.shopify.com/s/files/1/0925/7041/9533/files/set-lounge-3tmx-exchoroy-fb921193-metall-6.jpg?v=1773218324,7,ГРАДИНСКИ ЛАУНДЖ СЕТ 3 ЧАСТИ PONY МЕТАЛНА КАФЕ МАСА В СИВО--ПЛЕТЕН РАТАН В ЧЕРНО И БЯЛО,,,,,,,,,,,,,,,,,,,,,,,,
mc-74894,Външна квадратна маса от полипропилен LUNAR тъмно маслинена 80x80x75см.,"Тъмнозелена маса от полипропилен. Идеално предложение за използване на открити пространства, било то професионални (зали за банкети, кетъринг компании и др.) или за дома. Маса се състои от ""перфорирана"" квадратна плоскост, а опората се осигурява от централен стълб, завършващ с 4 крака.<br>
<br>
СПЕЦИФИКАЦИИ:<br>
Общи размери: 80x80x75H см.<br>
Дебелина на плота: 3 см.<br>
Разстояние между краката: 57x57 см.<br>
<br>
МАТЕРИАЛ НА КОНСТРУКЦИЯТА:<br>
Масата е изработена от 100% висококачествен полипропилен. Полипропиленът е особено устойчив на тежест и вода, като същевременно има голяма устойчивост на топлина.<br>
<br>
ПОДДРЪЖКА:<br>
Полипропиленовите маси се почистват лесно с влажна кърпа. Ако са на открито, могат да се почистват директно с течаща вода.<br>
<br>
ПРЕДИМСТВА:<br>
• Лекота<br>
• Издръжливост<br>
• Подвижен плот<br>
• Екологично чист, тъй като полипропиленът е рециклируем<br>
<br>
*Продуктът се доставя разглобен в заводска опаковка<br>
** Цветопредаването на продукта може да се различава леко от фотографското му представяне на вашия екран.",Europe,,Маси,"RelatedColor_Cappuccino, RelatedColor_Кафяв, RelatedColor_Сив, RelatedColor_Черен, Градински маси, Градински маси за кафе",true,Title,Default Title,,,,,,,,0610653,12000.0,shopify,82,deny,manual,94.76,153.45,true,true,,,,,5208067189712,https://cdn.shopify.com/s/files/1/0925/7041/9533/files/trapezi-polypropylenioy-tetragono-fb9593_fcf39b03-73ae-44cf-bd6b-72bb98fcdee6.jpg?v=1773218264,1,Външна квадратна маса от полипропилен LUNAR тъмно маслинена 80x80x75см.,false,,,,,,,,,,,,,,,,,,,,kg,,,active
mc-74894,,,,,,,,,,,,,,,,,,,,,,,,,,,,,,,,https://cdn.shopify.com/s/files/1/0925/7041/9533/files/trapezi-polypropylenioy-tetragono-fb9593-1_a29964f0-523e-4636-a1bc-1457ac80f87f.jpg?v=1773218264,2,Външна квадратна маса от полипропилен LUNAR тъмно маслинена 80x80x75см.,,,,,,,,,,,,,,,,,,,,,,,,
mc-74675,ВЪНШЕН Менует СЕТ 3 ЧАСТИ МЕТАЛ И РАТАН В ЧЕРЕН ЦВЯТ,"—Комплект за външен кът с кръгла маса с 3 крака с черна метална рамка с ратан и повърхност от закалено стъкло и 2 черни метални кресла с възглавници и ратан в модерен дизайн.<br>
Комплектът е подходящ и за ограничени пространства, като балкони или малки дворове.<br>
<br>
РАЗМЕРИ:<br>
МАСА:<br>
Φ47x45H см.<br>
Метална рамка: 13 мм дебелина<br>
<br>
КРЕСЛА:<br>
57.5x60x82H см.<br>
Размери на метала: Φ8 мм<br>
Дебелина на възглавницата: 2.5 см, полиестерен материал 180G<br>
<br>
МАТЕРИАЛИ ЗА ИЗРАБОТКА:<br>
Рамката на масата и креслата е метална с прахово покритие. Праховото покритие е сух процес на покритие, използван като метално покритие. Праховото покритие се нанася като сух прах чрез електростатичен процес, след което се втвърдява с топлина.<br>
<br>
Креслата и масата са тапицирани с ратан в плетена техника. Ратанът е най-добрият и най-широко използван естествен материал за изработка на мебели. Ратанът, отглеждан в Югоизточна Азия, е най-висококачественият и най-издръжлив материал в сравнение с други, отглеждани в други региони. Това е силно влакнесто растение, подобно на бамбук, и се използва за мебели, защото е лек, издръжлив, гъвкав и привлекателен.<br>
<br>
Плотът на масата е изработен от закалено стъкло или защитно стъкло.<br>
Закаленото или закалено стъкло е вид защитно стъкло, което е около четири пъти по-здраво от обикновеното стъкло. За разлика от обикновеното стъкло, което може да се счупи на остри парчета, закаленото стъкло се чупи на малки, относително безвредни гранулирани парчета. Поради това закаленото стъкло се използва в среди, където безопасността на хората е важна, като домашни приложения и др.<br>
<br>
ПОДДРЪЖКА:<br>
От гореизложеното е ясно, че не е необходима специална поддръжка. Достатъчно е почистване с влажна кърпа или дори със специални почистващи препарати.<br>
<br>
ПРЕДИМСТВА:<br>
• Модерен дизайн<br>
• Лесна поддръжка<br>
• Качествени материали за изработка<br>
• Отлично съотношение цена-качество<br>
<br>
Комплектът се доставя разглобен и е лесен за сглобяване, тъй като всички необходими части са включени в пакета.",Europe,,Комплект диван,Градински комплект за хранене,true,Title,Default Title,,,,,,,,9996521,31800.0,shopify,0,deny,manual,127.78,206.93,true,true,,,,,,https://cdn.shopify.com/s/files/1/0925/7041/9533/files/set-trapezarias-3tmch-fb911871-metallo-r.jpg?v=1773176902,1,ВЪНШЕН ЛАУНДЖ СЕТ 3 ЧАСТИ МЕТАЛ И РАТАН В ЧЕРЕН ЦВЯТ,false,,,,,,,,,,,,,,,,,,,,kg,,,active
mc-74675,,,,,,,,,,,,,,,,,,,,,,,,,,,,,,,,https://cdn.shopify.com/s/files/1/0925/7041/9533/files/set-trapezarias-3tmch-fb911871-metallo-r-1.jpg?v=1773176903,2,ВЪНШЕН ЛАУНДЖ СЕТ 3 ЧАСТИ МЕТАЛ И РАТАН В ЧЕРЕН ЦВЯТ,,,,,,,,,,,,,,,,,,,,,,,,
mc-74675,,,,,,,,,,,,,,,,,,,,,,,,,,,,,,,,https://cdn.shopify.com/s/files/1/0925/7041/9533/files/set-trapezarias-3tmch-fb911871-metallo-r-2.jpg?v=1773176902,3,ВЪНШЕН ЛАУНДЖ СЕТ 3 ЧАСТИ МЕТАЛ И РАТАН В ЧЕРЕН ЦВЯТ,,,,,,,,,,,,,,,,,,,,,,,,
mc-74595,Комплект за външна зона за отдих 3 части Соло алуминий и метал в капучино цвят,"Соло е комплект за външна зона за отдих от 3 части, състоящ се от 2 алуминиеви фотьойла и кръгла метална масичка за кафе, всички в цвят КАПУЧИНО. Възглавниците на седалките на фотьойлите са в бежов нюанс.<br>
<br>
РАЗМЕРИ:<br>
Масичка за кафе:<br>
Φ45x50H см.<br>
Разстояние между краката: 33-30 см.<br>
Размери на метала: 16x1.2мм <br>
<br>
Фотьойли:<br>
58x55x83H см.<br>
Дебелина на възглавницата: 5 см. от полиестерен материал<br>
Спецификации на алуминия: Φ32x1.2мм—Φ19x1.2мм<br>
<br>
<br>
ПОДДРЪЖКА:<br>
Може да се почиства с влажна кърпа.<br>
<br>
*Масичката се доставя разглобена в заводска опаковка<br>
**Точният цвят на продукта може леко да се различава от реалния поради различни настройки на монитора.",Europe,,Комплект диван,"RelatedColor_Peanut, Градински комплект за хранене",true,Title,Default Title,,,,,,,,9996902,11900.0,shopify,45,deny,manual,343.61,556.45,true,true,,,,,,https://cdn.shopify.com/s/files/1/0925/7041/9533/files/set-lounge-3tmx-exchoroy-fb92110703-aloy.jpg?v=1773176830,1,Комплект за външна зона за отдих 3 части OREGO алуминий и метал в капучино цвят,false,,,,,,,,,,,,,,,,,,,,kg,,,active
mc-74595,,,,,,,,,,,,,,,,,,,,,,,,,,,,,,,,https://cdn.shopify.com/s/files/1/0925/7041/9533/files/set-lounge-3tmx-exchoroy-fb92110703-aloy-1.jpg?v=1773176831,2,Комплект за външна зона за отдих 3 части OREGO алуминий и метал в капучино цвят,,,,,,,,,,,,,,,,,,,,,,,,
mc-74595,,,,,,,,,,,,,,,,,,,,,,,,,,,,,,,,https://cdn.shopify.com/s/files/1/0925/7041/9533/files/set-lounge-3tmx-exchoroy-fb92110703-aloy-2.jpg?v=1773176830,3,Комплект за външна зона за отдих 3 части OREGO алуминий и метал в капучино цвят,,,,,,,,,,,,,,,,,,,,,,,,
mc-74595,,,,,,,,,,,,,,,,,,,,,,,,,,,,,,,,https://cdn.shopify.com/s/files/1/0925/7041/9533/files/set-lounge-3tmx-exchoroy-fb92110703-aloy-3.jpg?v=1773176830,4,Комплект за външна зона за отдих 3 части OREGO алуминий и метал в капучино цвят,,,,,,,,,,,,,,,,,,,,,,,,
mc-74595,,,,,,,,,,,,,,,,,,,,,,,,,,,,,,,,https://cdn.shopify.com/s/files/1/0925/7041/9533/files/set-lounge-3tmx-exchoroy-fb92110703-aloy-4.jpg?v=1773176830,5,Комплект за външна зона за отдих 3 части OREGO алуминий и метал в капучино цвят,,,,,,,,,,,,,,,,,,,,,,,,
mc-74595,,,,,,,,,,,,,,,,,,,,,,,,,,,,,,,,https://cdn.shopify.com/s/files/1/0925/7041/9533/files/set-lounge-3tmx-exchoroy-fb92110703-aloy-5.jpg?v=1773176831,6,Комплект за външна зона за отдих 3 части OREGO алуминий и метал в капучино цвят,,,,,,,,,,,,,,,,,,,,,,,,
mc-74595,,,,,,,,,,,,,,,,,,,,,,,,,,,,,,,,https://cdn.shopify.com/s/files/1/0925/7041/9533/files/set-lounge-3tmx-exchoroy-fb92110703-aloy-6.jpg?v=1773176831,7,Комплект за външна зона за отдих 3 части OREGO алуминий и метал в капучино цвят,,,,,,,,,,,,,,,,,,,,,,,,
mc-74595,,,,,,,,,,,,,,,,,,,,,,,,,,,,,,,,https://cdn.shopify.com/s/files/1/0925/7041/9533/files/set-lounge-3tmx-exchoroy-fb92110703-aloy-7.jpg?v=1773176831,8,Комплект за външна зона за отдих 3 части OREGO алуминий и метал в капучино цвят,,,,,,,,,,,,,,,,,,,,,,,,
mc-74592,Комплект за външна зона за отдих 3 части Соло алуминий и метал в шам-фъстъково зелен цвят,"Соло е комплект за външна зона за отдих от 3 части, състоящ се от 2 алуминиеви кресла и кръгла метална масичка, всички в цвят ПИСТАЧИО ЗЕЛЕНО. Възглавниците на креслата са в сивкав нюанс.<br>
<br>
РАЗМЕРИ:<br>
Масичка за кафе:<br>
Φ40x50H см.<br>
Размери на метала: 16x1.2 мм<br>
<br>
Кресла:<br>
58x55x83H см.<br>
Дебелина на възглавницата: 5 см, от полиестерен материал<br>
Спецификации на алуминия: Φ32x1.2 мм—Φ19x1.2 мм<br>
<br>
ПОДДРЪЖКА:<br>
Може да се почиства с влажна кърпа.<br>
<br>
*Масичката се доставя разглобена в заводска опаковка<br>
**Точният цвят на продукта може леко да се различава от реалния поради различните настройки на монитора.",Europe,,Комплект диван,"RelatedColor_Cappuccino, Градински комплект за хранене",true,Title,Default Title,,,,,,,,9996903,11900.0,shopify,47,deny,manual,343.61,556.45,true,true,,,,,,https://cdn.shopify.com/s/files/1/0925/7041/9533/files/set-lounge-3tmx-exchoroy-fb92110706-aloy.jpg?v=1773176828,1,Комплект за външна зона за отдих 3 части OREGO алуминий и метал в шам-фъстъково зелен цвят,false,,,,,,,,,,,,,,,,,,,,kg,,,active
mc-74592,,,,,,,,,,,,,,,,,,,,,,,,,,,,,,,,https://cdn.shopify.com/s/files/1/0925/7041/9533/files/set-lounge-3tmx-exchoroy-fb92110706-aloy-1.jpg?v=1773176828,2,Комплект за външна зона за отдих 3 части OREGO алуминий и метал в шам-фъстъково зелен цвят,,,,,,,,,,,,,,,,,,,,,,,,
mc-74592,,,,,,,,,,,,,,,,,,,,,,,,,,,,,,,,https://cdn.shopify.com/s/files/1/0925/7041/9533/files/set-lounge-3tmx-exchoroy-fb92110706-aloy-2.jpg?v=1773176828,3,Комплект за външна зона за отдих 3 части OREGO алуминий и метал в шам-фъстъково зелен цвят,,,,,,,,,,,,,,,,,,,,,,,,
mc-74592,,,,,,,,,,,,,,,,,,,,,,,,,,,,,,,,https://cdn.shopify.com/s/files/1/0925/7041/9533/files/set-lounge-3tmx-exchoroy-fb92110706-aloy-3.jpg?v=1773176828,4,Комплект за външна зона за отдих 3 части OREGO алуминий и метал в шам-фъстъково зелен цвят,,,,,,,,,,,,,,,,,,,,,,,,
mc-74592,,,,,,,,,,,,,,,,,,,,,,,,,,,,,,,,https://cdn.shopify.com/s/files/1/0925/7041/9533/files/set-lounge-3tmx-exchoroy-fb92110706-aloy-4.jpg?v=1773176828,5,Комплект за външна зона за отдих 3 части OREGO алуминий и метал в шам-фъстъково зелен цвят,,,,,,,,,,,,,,,,,,,,,,,,
mc-74592,,,,,,,,,,,,,,,,,,,,,,,,,,,,,,,,https://cdn.shopify.com/s/files/1/0925/7041/9533/files/set-lounge-3tmx-exchoroy-fb92110706-aloy-5.jpg?v=1773176828,6,Комплект за външна зона за отдих 3 части OREGO алуминий и метал в шам-фъстъково зелен цвят,,,,,,,,,,,,,,,,,,,,,,,,
mc-74592,,,,,,,,,,,,,,,,,,,,,,,,,,,,,,,,https://cdn.shopify.com/s/files/1/0925/7041/9533/files/set-lounge-3tmx-exchoroy-fb92110706-aloy-6.jpg?v=1773176828,7,Комплект за външна зона за отдих 3 части OREGO алуминий и метал в шам-фъстъково зелен цвят,,,,,,,,,,,,,,,,,,,,,,,,
mc-74592,,,,,,,,,,,,,,,,,,,,,,,,,,,,,,,,https://cdn.shopify.com/s/files/1/0925/7041/9533/files/set-lounge-3tmx-exchoroy-fb92110706-aloy-7.jpg?v=1773176828,8,Комплект за външна зона за отдих 3 части OREGO алуминий и метал в шам-фъстъково зелен цвят,,,,,,,,,,,,,,,,,,,,,,,,
mc-74532,Външна квадратна кафе маса KORVER от полипропилен в сиво 45x45x47Hсм.,"The KORVER polypropylene square coffee table is a new addition to our outdoor furniture range. It is in GREY color and is an ideal proposition for use in spaces, either professional (banquet halls, catering companies, etc.) or for the home.<br>
<br>
DIMENSIONS: <br>
45x45x47Hcm.<br>
Leg distance: 40x42 cm.<br>
<br>
CONSTRUCTION MATERIAL:<br>
The table is made of 100% high quality polypropylene with UV protection. Polypropylene is particularly resistant to weight and water, while it has great resistance to temperatures up to 125 degrees Celsius. Also, its durability is not limited to weight, water, and temperature, but it is unusually resistant to many chemical solvents and acids.<br>
<br>
MAINTENANCE:<br>
Polypropylene tables are easy to clean with a damp cloth. If they are in an outdoor area, they can be cleaned directly with running water. <br>
<br>
AT A GLANCE:<br>
• Light weight<br>
• Easy maintenance<br>
• Many uses<br>
<br>
** The color rendering of the product may differ slightly from its photographic representation on your screen.",Europe,,Маси,"RelatedColor_Cappuccino, RelatedColor_Бял, RelatedColor_Черен, Градински маси, Градински маси за кафе",true,Title,Default Title,,,,,,,,0610643,3600.0,shopify,112,deny,manual,28.43,46.04,true,true,,,,,5208067189576,https://cdn.shopify.com/s/files/1/0925/7041/9533/files/trapezaki-tetragono-fb9633503-polypropyl.jpg?v=1773176775,1,Външна квадратна кафе маса KORVER от полипропилен в сиво 45x45x47Hсм.,false,,,,,,,,,,,,,,,,,,,,kg,,,active
mc-74530,Външна квадратна кафе маса KORVER от полипропилен в черно 45x45x47Hсм.,"Квадратната масичка за кафе KORVER от полипропилен е ново попълнение в нашата гама градински мебели. Тя е в ЧЕРЕН цвят и е идеално предложение за използване в пространства, както професионални (банкетни зали, кетъринг фирми и др.), така и за дома.<br>
<br>
РАЗМЕРИ: <br>
45x45x47Hсм.<br>
Разстояние между краката: 40x42 см.<br>
<br>
МАТЕРИАЛ НА КОНСТРУКЦИЯТА:<br>
Масата е изработена от 100% висококачествен полипропилен с UV защита. Полипропиленът е особено устойчив на тежест и вода, като има отлична устойчивост на температури до 125 градуса по Целзий. Освен това, неговата издръжливост не се ограничава само до тежест, вода и температура, а е необичайно устойчива на много химически разтворители и киселини.<br>
<br>
ПОДДРЪЖКА:<br>
Полипропиленовите маси се почистват лесно с влажна кърпа. Ако са на открито, могат да се почистват директно с течаща вода.<br>
<br>
НА ПРЪВ ПОГЛЕД:<br>
• Лека конструкция<br>
• Лесна поддръжка<br>
• Много приложения<br>
<br>
** Цветопредаването на продукта може да се различава леко от фотографското му представяне на вашия екран.",Europe,,Маси,"RelatedColor_Cappuccino, RelatedColor_Бял, RelatedColor_Сив, Градински маси, Градински маси за кафе",true,Title,Default Title,,,,,,,,0610641,3600.0,shopify,73,deny,manual,28.43,46.04,true,true,,,,,5208067189552,https://cdn.shopify.com/s/files/1/0925/7041/9533/files/trapezaki-tetragono-fb9633502-polypropyl.jpg?v=1773176774,1,Външна квадратна кафе маса KORVER от полипропилен в черно 45x45x47Hсм.,false,,,,,,,,,,,,,,,,,,,,kg,,,active
mc-74529,Външна квадратна кафе маса KORVER от полипропилен в бяло 45x45x47Hсм.,"Квадратната масичка за кафе KORVER от полипропилен е ново попълнение в нашата гама градински мебели. Тя е в БЯЛ цвят и е идеално предложение за използване в пространства, както професионални (банкетни зали, кетъринг фирми и др.), така и за дома.<br>
<br>
РАЗМЕРИ: <br>
45x45x47Hсм.<br>
Разстояние между краката: 40x42 см.<br>
<br>
МАТЕРИАЛ НА КОНСТРУКЦИЯТА:<br>
Масата е изработена от 100% висококачествен полипропилен с UV защита. Полипропиленът е особено устойчив на тежест и вода, като има отлична устойчивост на температури до 125 градуса по Целзий. Освен това, неговата издръжливост не се ограничава само до тежест, вода и температура, а е необичайно устойчива на много химически разтворители и киселини.<br>
<br>
ПОДДРЪЖКА:<br>
Полипропиленовите маси се почистват лесно с влажна кърпа. Ако са на открито, могат да се почистват директно с течаща вода.<br>
<br>
НА ПРЪВ ПОГЛЕД:<br>
• Лека конструкция<br>
• Лесна поддръжка<br>
• Много приложения<br>
<br>
** Цветопредаването на продукта може да се различава леко от фотографското му представяне на вашия екран.",Europe,,Маси,"RelatedColor_Cappuccino, RelatedColor_Сив, RelatedColor_Черен, Градински маси, Градински маси за кафе",true,Title,Default Title,,,,,,,,0610640,3600.0,shopify,141,deny,manual,28.43,46.04,true,true,,,,,5208067189545,https://cdn.shopify.com/s/files/1/0925/7041/9533/files/trapezaki-tetragono-fb9633501-polypropyl.jpg?v=1773176773,1,Външна квадратна кафе маса KORVER от полипропилен в бяло 45x45x47Hсм.,false,,,,,,,,,,,,,,,,,,,,kg,,,active
mc-74517,Външна кафе маса KORVER от полипропилен в бяло 100x60x46Hсм.,"Кафе масата KORVER от полипропилен е ново допълнение към нашата гама от мебели за външна употреба. Тя е в БЯЛ цвят и е идеално предложение за използване в пространства, както професионални (банкетни зали, кетъринг компании и др.), така и за дома.<br>
<br>
РАЗМЕРИ:<br>
100x60x46Hсм.<br>
Разстояние между краката: 97x54 см.<br>
<br>
МАТЕРИАЛ НА КОНСТРУКЦИЯТА:<br>
Масата е изработена от 100% висококачествен полипропилен. Полипропиленът е особено устойчив на тежест и вода, като същевременно има голяма устойчивост на температури до 125 градуса по Целзий. Освен това, издръжливостта му не се ограничава само до тежест, вода и температура, а е необичайно устойчива на много химически разтворители и киселини. **UV ЗАЩИТЕН<br>
<br>
ПОДДРЪЖКА:<br>
Полипропиленовите маси се почистват лесно с влажна кърпа. Ако са на открито, могат да се почистват директно с течаща вода.<br>
<br>
НА ПРЪВ ПОГЛЕД:<br>
• Лек<br>
• Лесна поддръжка<br>
• Много приложения<br>
<br>
** Цветопредаването на продукта може да се различава леко от фотографското му представяне на вашия екран.",Europe,,Маси,"RelatedColor_Cappuccino, RelatedColor_Dark Olive, RelatedColor_Черен, Градински маси, Градински маси за кафе",true,Title,Default Title,,,,,,,,0610636,8500.0,shopify,105,deny,manual,70.83,114.70,true,true,,,,,5208067189507,https://cdn.shopify.com/s/files/1/0925/7041/9533/files/trapezi-salonioy-exoterikoy-choroy-chami_758f6128-29d4-4a8b-8cfb-c9ba7c5de35b.jpg?v=1773176762,1,Външна кафе маса KORVER от полипропилен в бяло 100x60x46Hсм.,false,,,,,,,,,,,,,,,,,,,,kg,,,active
mc-74517,,,,,,,,,,,,,,,,,,,,,,,,,,,,,,,,https://cdn.shopify.com/s/files/1/0925/7041/9533/files/trapezi-salonioy-exoterikoy-choroy-chami-1_692832b4-c30f-476b-995c-1281a6b753ac.jpg?v=1773176762,2,Външна кафе маса KORVER от полипропилен в бяло 100x60x46Hсм.,,,,,,,,,,,,,,,,,,,,,,,,
mc-74517,,,,,,,,,,,,,,,,,,,,,,,,,,,,,,,,https://cdn.shopify.com/s/files/1/0925/7041/9533/files/trapezi-salonioy-exoterikoy-choroy-chami-2_9a7122c8-6a15-4d49-8f8b-06519b08adfe.jpg?v=1773176762,3,Външна кафе маса KORVER от полипропилен в бяло 100x60x46Hсм.,,,,,,,,,,,,,,,,,,,,,,,,
mc-74517,,,,,,,,,,,,,,,,,,,,,,,,,,,,,,,,https://cdn.shopify.com/s/files/1/0925/7041/9533/files/trapezi-salonioy-exoterikoy-choroy-chami-3_468b5aa3-c20b-44f4-aeeb-d7ad42a6a848.jpg?v=1773176762,4,Външна кафе маса KORVER от полипропилен в бяло 100x60x46Hсм.,,,,,,,,,,,,,,,,,,,,,,,,
mc-74517,,,,,,,,,,,,,,,,,,,,,,,,,,,,,,,,https://cdn.shopify.com/s/files/1/0925/7041/9533/files/trapezi-salonioy-exoterikoy-choroy-chami-4_3c876cc4-759e-4537-b9e1-92fe557e1d90.jpg?v=1773176762,5,Външна кафе маса KORVER от полипропилен в бяло 100x60x46Hсм.,,,,,,,,,,,,,,,,,,,,,,,,
mc-74517,,,,,,,,,,,,,,,,,,,,,,,,,,,,,,,,https://cdn.shopify.com/s/files/1/0925/7041/9533/files/trapezi-salonioy-exoterikoy-choroy-chami-5_e7d9b054-7c29-4114-ac41-2caf45925f79.jpg?v=1773176762,6,Външна кафе маса KORVER от полипропилен в бяло 100x60x46Hсм.,,,,,,,,,,,,,,,,,,,,,,,,
mc-74517,,,,,,,,,,,,,,,,,,,,,,,,,,,,,,,,https://cdn.shopify.com/s/files/1/0925/7041/9533/files/trapezi-salonioy-exoterikoy-choroy-chami-6_540fdf86-562b-4d2a-986b-ce60547cf07e.jpg?v=1773176762,7,Външна кафе маса KORVER от полипропилен в бяло 100x60x46Hсм.,,,,,,,,,,,,,,,,,,,,,,,,
mc-74516,ВЪНШНА КАФЕНЕЙКА KORVER ПОЛИПРОПИЛЕН В ТЪМНО ЗЕЛЕНО-ОЛИВКОВО 100x60x46Hсм.,"Кафе масата KORVER от полипропилен е ново попълнение в нашата гама от градински мебели. Тя е в цвят ТЪМНО МАСЛИНОВО ЗЕЛЕНО и е идеално предложение за използване в пространства, както професионални (банкетни зали, кетъринг компании и др.), така и за дома.<br>
<br>
РАЗМЕРИ:<br>
100x60x46Hсм.<br>
Разстояние между краката: 97x54 см.<br>
<br>
МАТЕРИАЛ НА КОНСТРУКЦИЯТА:<br>
Масата е изработена от 100% висококачествен полипропилен. Полипропиленът е особено устойчив на тежест и вода, като същевременно има голяма устойчивост на температури до 125 градуса Целзий. Освен това, неговата издръжливост не се ограничава само до тежест, вода и температура, а е необичайно устойчива на много химически разтворители и киселини. **UV ЗАЩИТЕН<br>
<br>
ПОДДРЪЖКА:<br>
Полипропиленовите маси се почистват лесно с влажна кърпа. Ако са на открито, могат да се почистват директно с течаща вода.<br>
<br>
НА ПЪРВИ ВГЛЕД:<br>
• Лека конструкция<br>
• Лесна поддръжка<br>
• Много приложения<br>
<br>
** Цветовото възпроизвеждане на продукта може леко да се различава от фотографското му представяне на вашия екран.",Europe,,Маси,"RelatedColor_Cappuccino, RelatedColor_Бял, RelatedColor_Черен, Градински маси за кафе",true,Title,Default Title,,,,,,,,0610639,8500.0,shopify,62,deny,manual,70.83,114.70,true,true,,,,,5208067189538,https://cdn.shopify.com/s/files/1/0925/7041/9533/files/trapezi-salonioy-exoterikoy-choroy-chami.jpg?v=1773176761,1,ВЪНШНА КАФЕНЕЙКА KORVER ПОЛИПРОПИЛЕН В ТЪМНО ЗЕЛЕНО-ОЛИВКОВО 100x60x46Hсм.,false,,,,,,,,,,,,,,,,,,,,kg,,,active
mc-74516,,,,,,,,,,,,,,,,,,,,,,,,,,,,,,,,https://cdn.shopify.com/s/files/1/0925/7041/9533/files/trapezi-salonioy-exoterikoy-choroy-chami-1.jpg?v=1773176761,2,ВЪНШНА КАФЕНЕЙКА KORVER ПОЛИПРОПИЛЕН В ТЪМНО ЗЕЛЕНО-ОЛИВКОВО 100x60x46Hсм.,,,,,,,,,,,,,,,,,,,,,,,,
mc-74516,,,,,,,,,,,,,,,,,,,,,,,,,,,,,,,,https://cdn.shopify.com/s/files/1/0925/7041/9533/files/trapezi-salonioy-exoterikoy-choroy-chami-2.jpg?v=1773176761,3,ВЪНШНА КАФЕНЕЙКА KORVER ПОЛИПРОПИЛЕН В ТЪМНО ЗЕЛЕНО-ОЛИВКОВО 100x60x46Hсм.,,,,,,,,,,,,,,,,,,,,,,,,
mc-74516,,,,,,,,,,,,,,,,,,,,,,,,,,,,,,,,https://cdn.shopify.com/s/files/1/0925/7041/9533/files/trapezi-salonioy-exoterikoy-choroy-chami-3.jpg?v=1773176761,4,ВЪНШНА КАФЕНЕЙКА KORVER ПОЛИПРОПИЛЕН В ТЪМНО ЗЕЛЕНО-ОЛИВКОВО 100x60x46Hсм.,,,,,,,,,,,,,,,,,,,,,,,,
mc-74516,,,,,,,,,,,,,,,,,,,,,,,,,,,,,,,,https://cdn.shopify.com/s/files/1/0925/7041/9533/files/trapezi-salonioy-exoterikoy-choroy-chami-4.jpg?v=1773176762,5,ВЪНШНА КАФЕНЕЙКА KORVER ПОЛИПРОПИЛЕН В ТЪМНО ЗЕЛЕНО-ОЛИВКОВО 100x60x46Hсм.,,,,,,,,,,,,,,,,,,,,,,,,
mc-74516,,,,,,,,,,,,,,,,,,,,,,,,,,,,,,,,https://cdn.shopify.com/s/files/1/0925/7041/9533/files/trapezi-salonioy-exoterikoy-choroy-chami-5.jpg?v=1773176761,6,ВЪНШНА КАФЕНЕЙКА KORVER ПОЛИПРОПИЛЕН В ТЪМНО ЗЕЛЕНО-ОЛИВКОВО 100x60x46Hсм.,,,,,,,,,,,,,,,,,,,,,,,,
mc-74516,,,,,,,,,,,,,,,,,,,,,,,,,,,,,,,,https://cdn.shopify.com/s/files/1/0925/7041/9533/files/trapezi-salonioy-exoterikoy-choroy-chami-6.jpg?v=1773176761,7,ВЪНШНА КАФЕНЕЙКА KORVER ПОЛИПРОПИЛЕН В ТЪМНО ЗЕЛЕНО-ОЛИВКОВО 100x60x46Hсм.,,,,,,,,,,,,,,,,,,,,,,,,
mc-74449,Външна холна маса KORVER полипропилен в капучино 100x60x46Hсм.,"Кафе масата KORVER от полипропилен е ново попълнение в нашата гама от градински мебели. Тя е в цвят КАПУЧИНО и е идеално предложение за използване в пространства, както професионални (банкетни зали, кетъринг компании и др.), така и за дома.<br>
<br>
РАЗМЕРИ:<br>
100x60x46Hсм.<br>
<br>
МАТЕРИАЛ НА КОНСТРУКЦИЯТА:<br>
Масата е изработена от 100% висококачествен полипропилен. Полипропиленът е особено устойчив на тежест и вода, като има голяма устойчивост на температури до 125 градуса по Целзий. Освен това, неговата издръжливост не се ограничава само до тежест, вода и температура, а е необичайно устойчива на много химически разтворители и киселини. **UV ЗАЩИТА<br>
<br>
ПОДДРЪЖКА:<br>
Полипропиленовите маси се почистват лесно с влажна кърпа. Ако са на открито, могат да се почистват директно с течаща вода.<br>
<br>
НА ПЪРВИ ВГЛЕД:<br>
• Лека конструкция<br>
• Лесна поддръжка<br>
• Много приложения<br>
<br>
** Цветовото възпроизвеждане на продукта може леко да се различава от фотографското му представяне на вашия екран.",Europe,,Маси,"RelatedColor_Dark Olive, Градински маси за кафе",true,Title,Default Title,,,,,,,,0610638,8500.0,shopify,78,deny,manual,70.83,114.70,true,true,,,,,5208067189521,https://cdn.shopify.com/s/files/1/0925/7041/9533/files/trapezi-exoterikoy-choroy-chamilo-fb9633_26f4dbaa-1e74-475a-8f31-7610ec6aa778.jpg?v=1773176700,1,Външна холна маса KORVER полипропилен в капучино 100x60x46Hсм.,false,,,,,,,,,,,,,,,,,,,,kg,,,active
mc-74449,,,,,,,,,,,,,,,,,,,,,,,,,,,,,,,,https://cdn.shopify.com/s/files/1/0925/7041/9533/files/trapezi-exoterikoy-choroy-chamilo-fb9633-1_8be4fc55-1f09-41f1-b76a-ef265349f1b7.jpg?v=1773176700,2,Външна холна маса KORVER полипропилен в капучино 100x60x46Hсм.,,,,,,,,,,,,,,,,,,,,,,,,
mc-74449,,,,,,,,,,,,,,,,,,,,,,,,,,,,,,,,https://cdn.shopify.com/s/files/1/0925/7041/9533/files/trapezi-exoterikoy-choroy-chamilo-fb9633-2_e029fff7-af0f-410d-846a-3e62359a1215.jpg?v=1773176700,3,Външна холна маса KORVER полипропилен в капучино 100x60x46Hсм.,,,,,,,,,,,,,,,,,,,,,,,,
mc-74449,,,,,,,,,,,,,,,,,,,,,,,,,,,,,,,,https://cdn.shopify.com/s/files/1/0925/7041/9533/files/trapezi-exoterikoy-choroy-chamilo-fb9633-3_4b9e041c-43bb-4024-b5c7-6c9e394122a6.jpg?v=1773176700,4,Външна холна маса KORVER полипропилен в капучино 100x60x46Hсм.,,,,,,,,,,,,,,,,,,,,,,,,
mc-74449,,,,,,,,,,,,,,,,,,,,,,,,,,,,,,,,https://cdn.shopify.com/s/files/1/0925/7041/9533/files/trapezi-exoterikoy-choroy-chamilo-fb9633-4_6cb4c4ff-7a29-4b1d-9674-b5ca9836115a.jpg?v=1773176700,5,Външна холна маса KORVER полипропилен в капучино 100x60x46Hсм.,,,,,,,,,,,,,,,,,,,,,,,,
mc-74449,,,,,,,,,,,,,,,,,,,,,,,,,,,,,,,,https://cdn.shopify.com/s/files/1/0925/7041/9533/files/trapezi-exoterikoy-choroy-chamilo-fb9633-5_ddf082b6-60ba-46f8-9cf5-d68e5517a9fa.jpg?v=1773176700,6,Външна холна маса KORVER полипропилен в капучино 100x60x46Hсм.,,,,,,,,,,,,,,,,,,,,,,,,
mc-74449,,,,,,,,,,,,,,,,,,,,,,,,,,,,,,,,https://cdn.shopify.com/s/files/1/0925/7041/9533/files/trapezi-exoterikoy-choroy-chamilo-fb9633-6_1d18c344-541e-43e5-98fd-291729f4c11e.jpg?v=1773176700,7,Външна холна маса KORVER полипропилен в капучино 100x60x46Hсм.,,,,,,,,,,,,,,,,,,,,,,,,
mc-74449,,,,,,,,,,,,,,,,,,,,,,,,,,,,,,,,https://cdn.shopify.com/s/files/1/0925/7041/9533/files/trapezi-exoterikoy-choroy-chamilo-fb9633-7_22c08f63-caa7-453e-b7b1-318134ad11a4.jpg?v=1773176700,8,Външна холна маса KORVER полипропилен в капучино 100x60x46Hсм.,,,,,,,,,,,,,,,,,,,,,,,,
mc-74333,ВЪНШЕН ЛАУНДЖ КОМПЛЕКТ 4 ЧАСТИ Кианти ПОЛИПРОПИЛЕН ТЪМНО ЗЕЛЕНО МАСЛЕНО,"Give a practical and light look to your outdoor space with the 4-piece lounge set of the Кианти series. The set consists of a 2-seater bench with backrest and armrests, 2 armchairs and a coffee table, which are entirely made of polypropylene in DARK OLIVE GREEN color. In terms of design, it is simple and can be used in many ways, offering practical and durable use. Ideal for use in outdoor spaces, either professional (banquet venues, catering companies, etc.) or for the home.<br>
<br>
DIMENSIONS:<br>
Bench:<br>
113x65x76Hcm.<br>
Seat height: 42cm<br>
<br>
Armchairs (2):<br>
48x67x75H cm.<br>
Seat height: 42cm<br>
<br>
Coffee table:<br>
100x60x46H cm.<br>
<br>
CONSTRUCTION MATERIALS:<br>
Τhe set is made of 100% high quality polypropylene. Polypropylene is particularly resistant to weight and water, while it has great resistance to temperatures up to 125 degrees Celsius. Also, its durability is not limited to weight, water, and temperature, but it is unusually resistant to many chemical solvents and acids.<br>
<br>
MAINTENANCE:<br>
Polypropylene furniture are easy to clean with damp cloth. If they are in an outdoor area, they can be cleaned directly with running water.<br>
<br>
AT A GLANCE:<br>
• Light weight<br>
• Easy maintenance<br>
• STACKABLE BENCH AND ARMCHAIRS<br>
<br>
** The color rendering of the product may differ slightly from its photographic representation on your screen.",Europe,,Комплект диван,Градински комплект за хранене,true,Title,Default Title,,,,,,,,9996881,40500.0,shopify,35,deny,manual,298.43,483.29,true,true,,,,,,https://cdn.shopify.com/s/files/1/0925/7041/9533/files/set-saloni-exoterikoy-choroy-4tmch-fb921_dab7b3fa-8e1b-4bc3-9fff-ac927fe3ccff.jpg?v=1773176613,1,ВЪНШЕН ЛАУНДЖ КОМПЛЕКТ 4 ЧАСТИ KORVER ПОЛИПРОПИЛЕН ТЪМНО ЗЕЛЕНО МАСЛЕНО,false,,,,,,,,,,,,,,,,,,,,kg,,,active
mc-74332,ВЪНШЕН ЛАУНДЖ КОМПЛЕКТ 4 ЧАСТИ Кианти ПОЛИПРОПИЛЕН КАПУЧИНО,"Give a practical and light look to your outdoor space with the 4-piece lounge set of the Кианти series. The set consists of a 2-seater bench with backrest and armrests, 2 armchairs and a coffee table, which are entirely made of polypropylene in CAPPUCCINO color. In terms of design, it is simple and can be used in many ways, offering practical and durable use. Ideal for use in outdoor spaces, either professional (banquet venues, catering companies, etc.) or for the home.<br>
<br>
DIMENSIONS:<br>
Bench:<br>
113x65x76Hcm.<br>
Seat height: 42cm<br>
<br>
Armchairs (2):<br>
48x67x75H cm.<br>
Seat height: 42cm<br>
<br>
Coffee table:<br>
100x60x46H cm.<br>
<br>
CONSTRUCTION MATERIALS:<br>
Τhe set is made of 100% high quality polypropylene. Polypropylene is particularly resistant to weight and water, while it has great resistance to temperatures up to 125 degrees Celsius. Also, its durability is not limited to weight, water, and temperature, but it is unusually resistant to many chemical solvents and acids.<br>
<br>
MAINTENANCE:<br>
Polypropylene furniture are easy to clean with damp cloth. If they are in an outdoor area, they can be cleaned directly with running water.<br>
<br>
AT A GLANCE:<br>
• Light weight<br>
• Easy maintenance<br>
• STACKABLE BENCH AND ARMCHAIRS<br>
<br>
** The color rendering of the product may differ slightly from its photographic representation on your screen.",Europe,,Комплект диван,Градински комплект за хранене,true,Title,Default Title,,,,,,,,9996880,40500.0,shopify,1,deny,manual,298.43,483.29,true,true,,,,,,https://cdn.shopify.com/s/files/1/0925/7041/9533/files/set-saloni-exoterikoy-choroy-4tmch-fb921_19fafc48-118b-4185-af9f-9b077ab61f94.jpg?v=1773176612,1,ВЪНШЕН ЛАУНДЖ КОМПЛЕКТ 4 ЧАСТИ KORVER ПОЛИПРОПИЛЕН КАПУЧИНО,false,,,,,,,,,,,,,,,,,,,,kg,,,active
mc-74331,ВЪНШЕН ЛАУНДЖ КОМПЛЕКТ 4 ЧАСТИ Кианти ПОЛИПРОПИЛЕН ЧЕРЕН,"Give a practical and light look to your outdoor space with the 4-piece lounge set of the Кианти series. The set consists of a 2-seater bench with backrest and armrests, 2 armchairs and a coffee table, which are entirely made of polypropylene in BLACK color. In terms of design, it is simple and can be used in many ways, offering practical and durable use. Ideal for use in outdoor spaces, either professional (banquet venues, catering companies, etc.) or for the home.<br>
<br>
DIMENSIONS:<br>
Bench:<br>
113x65x76Hcm.<br>
Seat height: 42cm<br>
<br>
Armchairs (2):<br>
48x67x75H cm.<br>
Seat height: 42cm<br>
<br>
Coffee table:<br>
100x60x46H cm.<br>
<br>
CONSTRUCTION MATERIALS:<br>
Τhe set is made of 100% high quality polypropylene. Polypropylene is particularly resistant to weight and water, while it has great resistance to temperatures up to 125 degrees Celsius. Also, its durability is not limited to weight, water, and temperature, but it is unusually resistant to many chemical solvents and acids.<br>
<br>
MAINTENANCE:<br>
Polypropylene furniture are easy to clean with damp cloth. If they are in an outdoor area, they can be cleaned directly with running water.<br>
<br>
AT A GLANCE:<br>
• Light weight<br>
• Easy maintenance<br>
• STACKABLE BENCH AND ARMCHAIRS<br>
<br>
** The color rendering of the product may differ slightly from its photographic representation on your screen.",Europe,,Комплект диван,Градински комплект за хранене,true,Title,Default Title,,,,,,,,9996879,40500.0,shopify,57,deny,manual,298.43,483.29,true,true,,,,,,https://cdn.shopify.com/s/files/1/0925/7041/9533/files/set-saloni-exoterikoy-choroy-4tmch-fb921_6fda24da-0a57-4883-a9b4-c28b26db8266.jpg?v=1773176611,1,ВЪНШЕН ЛАУНДЖ КОМПЛЕКТ 4 ЧАСТИ KORVER ПОЛИПРОПИЛЕН ЧЕРЕН,false,,,,,,,,,,,,,,,,,,,,kg,,,active
mc-74328,КВАДРАТНА ПОЛИПРОПИЛЕНОВА МАСА TERRIN КАФЯВА 60x60x75Hсм,"Полипропиленовата маса TERRIN в кафяв цвят е идеалното предложение за използване на открито, било то професионално (банкети, кетъринг компании и др.) или за дома. Маса е квадратна, поддържана от централен стълб, завършващ с 4 крака.<br>
<br>
РАЗМЕРИ:<br>
60x60x75H см.<br>
Разстояние между краката: 34x34 см.<br>
<br>
МАТЕРИАЛ НА КОНСТРУКЦИЯТА:<br>
Масата е изработена от 100% висококачествен полипропилен. Полипропиленът е особено устойчив на тежест и вода, като същевременно има голяма устойчивост на топлина.<br>
<br>
ПОДДРЪЖКА:<br>
Полипропиленовите маси се почистват лесно с влажна кърпа. Ако са на открито, могат да се почистват директно с течаща вода.<br>
<br>
ПРЕДИМСТВА:<br>
Полипропиленовата маса има само предимства и е отличен избор за външни бизнес пространства. По-специално, ниското й тегло и издръжливост я правят най-добрият избор за банкетни зали или кетъринг компании, както и за всяко открито пространство. Освен това може да се съхранява в най-малкото възможно пространство, тъй като е модулна. Но най-важното за полипропилена е, че е екологично чист, тъй като е рециклируем.<br>
<br>
*Продуктът се доставя разглобен, в заводска опаковка<br>
** Цветопредаването на продукта може да се различава леко от фотографското му представяне на вашия екран.",Europe,,Маси,Градински маси за кафе,true,Title,Default Title,,,,,,,,0610655,7200.0,shopify,79,deny,manual,60.30,97.65,true,true,,,,,5208067189736,https://cdn.shopify.com/s/files/1/0925/7041/9533/files/trapezi-polypropylenioy-tetragono-fb9612_cf439592-f1fb-4f17-aa38-a58a67e0604b.jpg?v=1773176607,1,КВАДРАТНА ПОЛИПРОПИЛЕНОВА МАСА TERRIN КАФЯВА 60x60x75Hсм,false,,,,,,,,,,,,,,,,,,,,kg,,,active
mc-74328,,,,,,,,,,,,,,,,,,,,,,,,,,,,,,,,https://cdn.shopify.com/s/files/1/0925/7041/9533/files/trapezi-polypropylenioy-tetragono-fb9612-1_33199c88-453d-4181-9cc6-a677b4f2ce42.jpg?v=1773176608,2,КВАДРАТНА ПОЛИПРОПИЛЕНОВА МАСА TERRIN КАФЯВА 60x60x75Hсм,,,,,,,,,,,,,,,,,,,,,,,,
mc-74328,,,,,,,,,,,,,,,,,,,,,,,,,,,,,,,,https://cdn.shopify.com/s/files/1/0925/7041/9533/files/trapezi-polypropylenioy-tetragono-fb9612-2_ea7c773c-dd74-4e6e-bb4b-84b514f612ab.jpg?v=1773176607,3,КВАДРАТНА ПОЛИПРОПИЛЕНОВА МАСА TERRIN КАФЯВА 60x60x75Hсм,,,,,,,,,,,,,,,,,,,,,,,,
mc-74328,,,,,,,,,,,,,,,,,,,,,,,,,,,,,,,,https://cdn.shopify.com/s/files/1/0925/7041/9533/files/trapezi-polypropylenioy-tetragono-fb9612-3_811c445d-9cff-4423-8e8b-2e96ed83727f.jpg?v=1773176608,4,КВАДРАТНА ПОЛИПРОПИЛЕНОВА МАСА TERRIN КАФЯВА 60x60x75Hсм,,,,,,,,,,,,,,,,,,,,,,,,
mc-74328,,,,,,,,,,,,,,,,,,,,,,,,,,,,,,,,https://cdn.shopify.com/s/files/1/0925/7041/9533/files/trapezi-polypropylenioy-tetragono-fb9612-4_a456e2f9-8900-4d84-a975-1a53fc2ad1ab.jpg?v=1773176608,5,КВАДРАТНА ПОЛИПРОПИЛЕНОВА МАСА TERRIN КАФЯВА 60x60x75Hсм,,,,,,,,,,,,,,,,,,,,,,,,
mc-74328,,,,,,,,,,,,,,,,,,,,,,,,,,,,,,,,https://cdn.shopify.com/s/files/1/0925/7041/9533/files/trapezi-polypropylenioy-tetragono-fb9612-5_bc5697fd-9c90-4c0a-be54-66831d7ac5cb.jpg?v=1773176608,6,КВАДРАТНА ПОЛИПРОПИЛЕНОВА МАСА TERRIN КАФЯВА 60x60x75Hсм,,,,,,,,,,,,,,,,,,,,,,,,
mc-74328,,,,,,,,,,,,,,,,,,,,,,,,,,,,,,,,https://cdn.shopify.com/s/files/1/0925/7041/9533/files/trapezi-polypropylenioy-tetragono-fb9612-6_75ac9b9d-5453-4da0-a22f-40b1d0dadba5.jpg?v=1773176608,7,КВАДРАТНА ПОЛИПРОПИЛЕНОВА МАСА TERRIN КАФЯВА 60x60x75Hсм,,,,,,,,,,,,,,,,,,,,,,,,
mc-74328,,,,,,,,,,,,,,,,,,,,,,,,,,,,,,,,https://cdn.shopify.com/s/files/1/0925/7041/9533/files/trapezi-polypropylenioy-tetragono-fb9612-7_718a5ff0-694e-4824-82bf-40e6de631f39.jpg?v=1773176608,8,КВАДРАТНА ПОЛИПРОПИЛЕНОВА МАСА TERRIN КАФЯВА 60x60x75Hсм,,,,,,,,,,,,,,,,,,,,,,,,
mc-74265,Кръгла помощна маса SAMMON метал в капучино цвят Φ45x50Hcm.,"Страничната маса SAMMON ще ви изненада със своя прост стил и практичност. Това е кръгла метална маса с основа във формата на кръст. Цветът ѝ е КАПУЧИНО.<br>
<br>
РАЗМЕРИ:<br>
Φ45x50H см.<br>
Разстояние между краката: 33-30 см.<br>
Размери на метала: 16x1.2мм <br>
<br>
ПОДДРЪЖКА:<br>
Може да се почиства с влажна кърпа.<br>
<br>
*Масата се доставя разглобена в заводска опаковка<br>
**Точният цвят на продукта може леко да се различава от реалния поради различните настройки на монитора.",Europe,,Маси,"RelatedColor_Peanut, RelatedColor_Бял, RelatedColor_Сив, Градински маси за кафе",true,Title,Default Title,,,,,,,,0612787,3300.0,shopify,45,deny,manual,35.41,57.35,true,true,,,,,5208067180252,https://cdn.shopify.com/s/files/1/0925/7041/9533/files/boithitiko-trapezaki-metalliko-stroggylo_346e5f2f-feb5-41b6-a935-0614064a0030.jpg?v=1773176554,1,Кръгла помощна маса SAMMON метал в капучино цвят Φ45x50Hcm.,false,,,,,,,,,,,,,,,,,,,,kg,,,active
mc-74265,,,,,,,,,,,,,,,,,,,,,,,,,,,,,,,,https://cdn.shopify.com/s/files/1/0925/7041/9533/files/boithitiko-trapezaki-metalliko-stroggylo-1_d9f92ffe-36e8-4027-b082-9f54d0993047.jpg?v=1773176554,2,Кръгла помощна маса SAMMON метал в капучино цвят Φ45x50Hcm.,,,,,,,,,,,,,,,,,,,,,,,,
mc-74265,,,,,,,,,,,,,,,,,,,,,,,,,,,,,,,,https://cdn.shopify.com/s/files/1/0925/7041/9533/files/boithitiko-trapezaki-metalliko-stroggylo-2_2ff118de-2337-4d5d-a0a4-1d6b66a201e2.jpg?v=1773176554,3,Кръгла помощна маса SAMMON метал в капучино цвят Φ45x50Hcm.,,,,,,,,,,,,,,,,,,,,,,,,
mc-74265,,,,,,,,,,,,,,,,,,,,,,,,,,,,,,,,https://cdn.shopify.com/s/files/1/0925/7041/9533/files/boithitiko-trapezaki-metalliko-stroggylo-3_10763cb8-5ef2-441b-8543-d52108b6827a.jpg?v=1773176554,4,Кръгла помощна маса SAMMON метал в капучино цвят Φ45x50Hcm.,,,,,,,,,,,,,,,,,,,,,,,,
mc-74265,,,,,,,,,,,,,,,,,,,,,,,,,,,,,,,,https://cdn.shopify.com/s/files/1/0925/7041/9533/files/boithitiko-trapezaki-metalliko-stroggylo-4_455fb708-0c03-4dc6-8599-6e731912ff5d.jpg?v=1773176554,5,Кръгла помощна маса SAMMON метал в капучино цвят Φ45x50Hcm.,,,,,,,,,,,,,,,,,,,,,,,,
mc-74265,,,,,,,,,,,,,,,,,,,,,,,,,,,,,,,,https://cdn.shopify.com/s/files/1/0925/7041/9533/files/boithitiko-trapezaki-metalliko-stroggylo-5_60356ea9-faff-442a-9db0-541ce5d55e52.jpg?v=1773176554,6,Кръгла помощна маса SAMMON метал в капучино цвят Φ45x50Hcm.,,,,,,,,,,,,,,,,,,,,,,,,
mc-74255,Трапезна маса Bruno метал черен с темперирано стъкло 150x90x72 см.,"Външна трапезна маса BRUNO с черна метална рамка и непрозрачен стъклен плот! Това е много популярна маса, която не липсва почти на нито един балкон или градина. Тя е правоъгълна с заоблени ъгли, а стъкленият плот е подсилен (темпериран).<br>
<br>
РАЗМЕРИ:<br>
150x90x72Y см.<br>
<br>
МАТЕРИАЛИ ЗА КОНСТРУКЦИЯ:<br>
Рамката и краката са метални с прахово покритие. Праховото покритие е сух процес на нанасяне, използван като метално покритие. Праховото покритие се нанася като сух прах чрез електростатичен процес, след което се втвърдява чрез нагряване.<br>
<br>
Темперираното или закалено стъкло е вид безопасно стъкло, което е около четири пъти по-здраво от обикновеното стъкло. За разлика от обикновеното стъкло, което може да се разпадне на остри парчета при счупване, темперираното стъкло се чупи на малки, относително безвредни гранулирани частици. Поради това темперираното стъкло се използва в среди, където безопасността на хората е важна, като домашни приложения и др.<br>
<br>
ПОДДРЪЖКА:<br>
От гореизложеното е ясно, че не е необходима специална поддръжка. Достатъчно е почистване с влажна кърпа или дори със специални почистващи препарати.<br>
<br>
ПРЕДИМСТВА:<br>
• Класически и вечен дизайн<br>
• Качествени материали за конструкция<br>
• Отлично съотношение цена-качество<br>
<br>
*Продуктът се доставя разглобен и е лесен за сглобяване, тъй като всички необходими части са включени в опаковката.<br>
** Цветопредаването на продукта може да се различава леко от фотографското му изображение на вашия екран.",Europe,,Маси,Градински маси за хранене,true,Title,Default Title,,,,,,,,0612824,24500.0,shopify,151,deny,manual,73.89,119.66,true,true,,,,,5208067180290,https://cdn.shopify.com/s/files/1/0925/7041/9533/files/trapezi-fb9514503-metalliko-mayro-me-gya.jpg?v=1773176546,1,Трапезна маса Bruno метал черен с темперирано стъкло 150x90x72 см.,false,,,,,,,,,,,,,,,,,,,,kg,,,active
mc-74255,,,,,,,,,,,,,,,,,,,,,,,,,,,,,,,,https://cdn.shopify.com/s/files/1/0925/7041/9533/files/trapezi-fb9514503-metalliko-mayro-me-gya-1.jpg?v=1773176546,2,Трапезна маса Bruno метал черен с темперирано стъкло 150x90x72 см.,,,,,,,,,,,,,,,,,,,,,,,,
mc-74255,,,,,,,,,,,,,,,,,,,,,,,,,,,,,,,,https://cdn.shopify.com/s/files/1/0925/7041/9533/files/trapezi-fb9514503-metalliko-mayro-me-gya-2.jpg?v=1773176545,3,Трапезна маса Bruno метал черен с темперирано стъкло 150x90x72 см.,,,,,,,,,,,,,,,,,,,,,,,,
mc-74255,,,,,,,,,,,,,,,,,,,,,,,,,,,,,,,,https://cdn.shopify.com/s/files/1/0925/7041/9533/files/trapezi-fb9514503-metalliko-mayro-me-gya-3.jpg?v=1773176546,4,Трапезна маса Bruno метал черен с темперирано стъкло 150x90x72 см.,,,,,,,,,,,,,,,,,,,,,,,,
mc-74255,,,,,,,,,,,,,,,,,,,,,,,,,,,,,,,,https://cdn.shopify.com/s/files/1/0925/7041/9533/files/trapezi-fb9514503-metalliko-mayro-me-gya-4.jpg?v=1773176545,5,Трапезна маса Bruno метал черен с темперирано стъкло 150x90x72 см.,,,,,,,,,,,,,,,,,,,,,,,,
mc-74188,Градински комплект за отдих 3 части Бароло PE ратан-метал черен,"Бароло е комплект за външна зона за отдих изцяло в ЧЕРНО, с кръгла масичка с плотове от стъкло и 2 удобни кресла тип гнездо! Тапицерията на целия комплект е изработена от P.E. RATTAN върху черни метални рамки. Ратанът не е материал, а метод за изработка на мебели, главно за външни пространства, като основният материал е синтетичният ратан.<br>
<br>
РАЗМЕРИ:<br>
ГНЕЗДА<br>
70x73x79H см.<br>
Височина на седалката: 38 см.<br>
Размери на седалката: 43x44 см.<br>
Разстояние между краката: 57.5x60 см.<br>
<br>
МАСА<br>
Φ47Х45H см.<br>
<br>
Метални спецификации: 13 мм<br>
<br>
ПОДДРЪЖКА:<br>
Премахване на прах и избърсване с влажна кърпа ще направят целия комплект да изглежда като нов.<br>
<br>
* Продуктите се доставят вече сглобени<br>
За повече подробности, моля посетете www.homemarkt.gr за съответните артикули.<br>
** Цветопредаването на продукта може леко да се различава от фотографското му представяне на вашия екран.",Europe,,Комплект диван,Градински комплект за хранене,true,Title,Default Title,,,,,,,,9996889,24700.0,shopify,269,deny,manual,93.70,151.75,true,true,,,,,,https://cdn.shopify.com/s/files/1/0925/7041/9533/files/set-exoterikoy-choroy-3tmch-fb921101-twi.jpg?v=1773170660,1,Градински комплект за отдих 3 части ACAPULCO PE ратан-метал черен,false,,,,,,,,,,,,,,,,,,,,kg,,,active
mc-74188,,,,,,,,,,,,,,,,,,,,,,,,,,,,,,,,https://cdn.shopify.com/s/files/1/0925/7041/9533/files/set-exoterikoy-choroy-3tmch-fb921101-twi-1.jpg?v=1773170660,2,Градински комплект за отдих 3 части ACAPULCO PE ратан-метал черен,,,,,,,,,,,,,,,,,,,,,,,,
mc-74188,,,,,,,,,,,,,,,,,,,,,,,,,,,,,,,,https://cdn.shopify.com/s/files/1/0925/7041/9533/files/set-exoterikoy-choroy-3tmch-fb921101-twi-2.jpg?v=1773170660,3,Градински комплект за отдих 3 части ACAPULCO PE ратан-метал черен,,,,,,,,,,,,,,,,,,,,,,,,
mc-74188,,,,,,,,,,,,,,,,,,,,,,,,,,,,,,,,https://cdn.shopify.com/s/files/1/0925/7041/9533/files/set-exoterikoy-choroy-3tmch-fb921101-twi-3.jpg?v=1773170660,4,Градински комплект за отдих 3 части ACAPULCO PE ратан-метал черен,,,,,,,,,,,,,,,,,,,,,,,,
mc-74188,,,,,,,,,,,,,,,,,,,,,,,,,,,,,,,,https://cdn.shopify.com/s/files/1/0925/7041/9533/files/set-exoterikoy-choroy-3tmch-fb921101-twi-4.jpg?v=1773170660,5,Градински комплект за отдих 3 части ACAPULCO PE ратан-метал черен,,,,,,,,,,,,,,,,,,,,,,,,
mc-74188,,,,,,,,,,,,,,,,,,,,,,,,,,,,,,,,https://cdn.shopify.com/s/files/1/0925/7041/9533/files/set-exoterikoy-choroy-3tmch-fb921101-twi-5.jpg?v=1773170661,6,Градински комплект за отдих 3 части ACAPULCO PE ратан-метал черен,,,,,,,,,,,,,,,,,,,,,,,,
mc-74188,,,,,,,,,,,,,,,,,,,,,,,,,,,,,,,,https://cdn.shopify.com/s/files/1/0925/7041/9533/files/set-exoterikoy-choroy-3tmch-fb921101-twi-6.jpg?v=1773170661,7,Градински комплект за отдих 3 части ACAPULCO PE ратан-метал черен,,,,,,,,,,,,,,,,,,,,,,,,
mc-74188,,,,,,,,,,,,,,,,,,,,,,,,,,,,,,,,https://cdn.shopify.com/s/files/1/0925/7041/9533/files/set-exoterikoy-choroy-3tmch-fb921101-twi-7.jpg?v=1773170661,8,Градински комплект за отдих 3 части ACAPULCO PE ратан-метал черен,,,,,,,,,,,,,,,,,,,,,,,,
mc-74188,,,,,,,,,,,,,,,,,,,,,,,,,,,,,,,,https://cdn.shopify.com/s/files/1/0925/7041/9533/files/set-exoterikoy-choroy-3tmch-fb921101-twi-8.jpg?v=1773170661,9,Градински комплект за отдих 3 части ACAPULCO PE ратан-метал черен,,,,,,,,,,,,,,,,,,,,,,,,
mc-74188,,,,,,,,,,,,,,,,,,,,,,,,,,,,,,,,https://cdn.shopify.com/s/files/1/0925/7041/9533/files/set-exoterikoy-choroy-3tmch-fb921101-twi-9.jpg?v=1773170661,10,Градински комплект за отдих 3 части ACAPULCO PE ратан-метал черен,,,,,,,,,,,,,,,,,,,,,,,,
mc-74187,Градински комплект за отдих 3 части Бароло усукан ратан-метал,"Бароло е комплект за външна зона за отдих в БЕЖОВО и ЧЕРНО, с кръгла масичка с плотове от стъкло и 2 удобни кресла тип гнездо! Тапицерията на целия комплект е изработена от усукана ратанова плетка върху черни метални рамки. Ратанът не е материал, а метод за изработка на мебели, главно за външни пространства, като основният материал е синтетичният ратан.<br>
<br>
РАЗМЕРИ:<br>
ГНЕЗДА<br>
70x73x79H см.<br>
Височина на седалката: 38 см.<br>
Размери на седалката: 43x44 см.<br>
Разстояние между краката: 57.5x60 см.<br>
<br>
МАСА<br>
Φ47Х45H см.<br>
<br>
Метални спецификации: 13 мм<br>
<br>
ПОДДРЪЖКА:<br>
Премахване на прах и избърсване с влажна кърпа ще направят целия комплект да изглежда като нов.<br>
<br>
* Продуктите се доставят вече сглобени<br>
За повече подробности, моля посетете www.homemarkt.gr за съответните артикули.<br>
** Цветопредаването на продукта може леко да се различава от фотографското му представяне на вашия екран.",Europe,,Комплект диван,Градински комплект за хранене,true,Title,Default Title,,,,,,,,9996888,24700.0,shopify,330,deny,manual,105.72,171.21,true,true,,,,,,https://cdn.shopify.com/s/files/1/0925/7041/9533/files/set-exoterikoy-choroy-3tmch-fb921100-twi.jpg?v=1773170659,1,Градински комплект за отдих 3 части ACAPULCO усукан ратан-метал,false,,,,,,,,,,,,,,,,,,,,kg,,,active
mc-74187,,,,,,,,,,,,,,,,,,,,,,,,,,,,,,,,https://cdn.shopify.com/s/files/1/0925/7041/9533/files/set-exoterikoy-choroy-3tmch-fb921100-twi-1.jpg?v=1773170660,2,Градински комплект за отдих 3 части ACAPULCO усукан ратан-метал,,,,,,,,,,,,,,,,,,,,,,,,
mc-74187,,,,,,,,,,,,,,,,,,,,,,,,,,,,,,,,https://cdn.shopify.com/s/files/1/0925/7041/9533/files/set-exoterikoy-choroy-3tmch-fb921100-twi-2.jpg?v=1773170659,3,Градински комплект за отдих 3 части ACAPULCO усукан ратан-метал,,,,,,,,,,,,,,,,,,,,,,,,
mc-74187,,,,,,,,,,,,,,,,,,,,,,,,,,,,,,,,https://cdn.shopify.com/s/files/1/0925/7041/9533/files/set-exoterikoy-choroy-3tmch-fb921100-twi-3.jpg?v=1773170660,4,Градински комплект за отдих 3 части ACAPULCO усукан ратан-метал,,,,,,,,,,,,,,,,,,,,,,,,
mc-74187,,,,,,,,,,,,,,,,,,,,,,,,,,,,,,,,https://cdn.shopify.com/s/files/1/0925/7041/9533/files/set-exoterikoy-choroy-3tmch-fb921100-twi-4.jpg?v=1773170659,5,Градински комплект за отдих 3 части ACAPULCO усукан ратан-метал,,,,,,,,,,,,,,,,,,,,,,,,
mc-74187,,,,,,,,,,,,,,,,,,,,,,,,,,,,,,,,https://cdn.shopify.com/s/files/1/0925/7041/9533/files/set-exoterikoy-choroy-3tmch-fb921100-twi-5.jpg?v=1773170660,6,Градински комплект за отдих 3 части ACAPULCO усукан ратан-метал,,,,,,,,,,,,,,,,,,,,,,,,
mc-74187,,,,,,,,,,,,,,,,,,,,,,,,,,,,,,,,https://cdn.shopify.com/s/files/1/0925/7041/9533/files/set-exoterikoy-choroy-3tmch-fb921100-twi-6.jpg?v=1773170660,7,Градински комплект за отдих 3 части ACAPULCO усукан ратан-метал,,,,,,,,,,,,,,,,,,,,,,,,
mc-74187,,,,,,,,,,,,,,,,,,,,,,,,,,,,,,,,https://cdn.shopify.com/s/files/1/0925/7041/9533/files/set-exoterikoy-choroy-3tmch-fb921100-twi-7.jpg?v=1773170659,8,Градински комплект за отдих 3 части ACAPULCO усукан ратан-метал,,,,,,,,,,,,,,,,,,,,,,,,
mc-74187,,,,,,,,,,,,,,,,,,,,,,,,,,,,,,,,https://cdn.shopify.com/s/files/1/0925/7041/9533/files/set-exoterikoy-choroy-3tmch-fb921100-twi-8.jpg?v=1773170660,9,Градински комплект за отдих 3 части ACAPULCO усукан ратан-метал,,,,,,,,,,,,,,,,,,,,,,,,
mc-74187,,,,,,,,,,,,,,,,,,,,,,,,,,,,,,,,https://cdn.shopify.com/s/files/1/0925/7041/9533/files/set-exoterikoy-choroy-3tmch-fb921100-twi-9.jpg?v=1773170660,10,Градински комплект за отдих 3 части ACAPULCO усукан ратан-метал,,,,,,,,,,,,,,,,,,,,,,,,
mc-74185,Градински комплект за отдих 4 части Кианти полипропилен бял,"Give a practical and light look to your outdoor space with the 4-piece lounge set of the Кианти series. The set consists of a 2-seater bench with backrest and armrests, 2 armchairs and a coffee table, which are entirely made of polypropylene in WHITE color. In terms of design, it is simple and can be used in many ways, offering practical and durable use. Ideal for use in outdoor spaces, either professional (banquet venues, catering companies, etc.) or for the home.<br>
<br>
DIMENSIONS:<br>
Bench:<br>
113x65x76Hcm.<br>
Seat height: 42cm<br>
<br>
Armchairs (2):<br>
48x67x75H cm.<br>
Seat height: 42cm<br>
<br>
Coffee table:<br>
100x60x46H cm.<br>
<br>
CONSTRUCTION MATERIALS:<br>
Τhe set is made of 100% high quality polypropylene. Polypropylene is particularly resistant to weight and water, while it has great resistance to temperatures up to 125 degrees Celsius. Also, its durability is not limited to weight, water, and temperature, but it is unusually resistant to many chemical solvents and acids.<br>
<br>
MAINTENANCE:<br>
Polypropylene furniture are easy to clean with damp cloth. If they are in an outdoor area, they can be cleaned directly with running water.<br>
<br>
AT A GLANCE:<br>
• Light weight<br>
• Easy maintenance<br>
• STACKABLE BENCH AND ARMCHAIRS<br>
<br>
** The color rendering of the product may differ slightly from its photographic representation on your screen.",Europe,,Комплект диван,Градински комплект за хранене,true,Title,Default Title,,,,,,,,9996878,40500.0,shopify,64,deny,manual,298.43,483.29,true,true,,,,,,https://cdn.shopify.com/s/files/1/0925/7041/9533/files/set-saloni-exoterikoy-choroy-4tmch-fb921.jpg?v=1773170657,1,Градински комплект за отдих 4 части KORVER полипропилен бял,false,,,,,,,,,,,,,,,,,,,,kg,,,active
mc-73510,КРЪГЛА СТРАНИЧНА МАСА Веранда МЕТАЛ В СИВ ЦВЯТ Φ45x50Hсм.,"Страничната маса Веранда ще ви изненада със своя прост стил и практичност. Това е кръгла метална маса с кръстовидна основа. Цветът ѝ е СИВ.<br>
<br>
РАЗМЕРИ:<br>
Φ40x50H см.<br>
Размери на метала: 16x1.2мм <br>
<br>
ПОДДРЪЖКА:<br>
Може да се почиства с влажна кърпа.<br>
<br>
*Масата се доставя разглобена в заводска опаковка<br>
**Точният цвят на продукта може да се различава леко от реалния поради различните настройки на монитора.",Europe,,Маси,"RelatedColor_Cappuccino, Градински маси за кафе, Помощни маси",true,Title,Default Title,,,,,,,,0612785,3300.0,shopify,73,deny,manual,35.41,57.35,true,true,,,,,5208067180238,https://cdn.shopify.com/s/files/1/0925/7041/9533/files/boithitiko-trapezaki-metalliko-stroggylo_33a38923-e745-4145-b4e7-0ad5dc082fe0.jpg?v=1773164698,1,КРЪГЛА СТРАНИЧНА МАСА SAMMON МЕТАЛ В СИВ ЦВЯТ Φ45x50Hсм.,false,,,,,,,,,,,,,,,,,,,,kg,,,active
mc-73510,,,,,,,,,,,,,,,,,,,,,,,,,,,,,,,,https://cdn.shopify.com/s/files/1/0925/7041/9533/files/boithitiko-trapezaki-metalliko-stroggylo-1_5770097d-c3c3-4b37-b383-bdbeb08d586f.jpg?v=1773164698,2,КРЪГЛА СТРАНИЧНА МАСА SAMMON МЕТАЛ В СИВ ЦВЯТ Φ45x50Hсм.,,,,,,,,,,,,,,,,,,,,,,,,
mc-73510,,,,,,,,,,,,,,,,,,,,,,,,,,,,,,,,https://cdn.shopify.com/s/files/1/0925/7041/9533/files/boithitiko-trapezaki-metalliko-stroggylo-2_d9d3bf91-9095-4d15-8d98-3792026b3247.jpg?v=1773164698,3,КРЪГЛА СТРАНИЧНА МАСА SAMMON МЕТАЛ В СИВ ЦВЯТ Φ45x50Hсм.,,,,,,,,,,,,,,,,,,,,,,,,
mc-73510,,,,,,,,,,,,,,,,,,,,,,,,,,,,,,,,https://cdn.shopify.com/s/files/1/0925/7041/9533/files/boithitiko-trapezaki-metalliko-stroggylo-3_9d081448-91de-47c9-8f0e-da521990b15a.jpg?v=1773164698,4,КРЪГЛА СТРАНИЧНА МАСА SAMMON МЕТАЛ В СИВ ЦВЯТ Φ45x50Hсм.,,,,,,,,,,,,,,,,,,,,,,,,
mc-73510,,,,,,,,,,,,,,,,,,,,,,,,,,,,,,,,https://cdn.shopify.com/s/files/1/0925/7041/9533/files/boithitiko-trapezaki-metalliko-stroggylo-4_b416e591-1e7b-48c8-a89b-6d6bb628bfb1.jpg?v=1773164697,5,КРЪГЛА СТРАНИЧНА МАСА SAMMON МЕТАЛ В СИВ ЦВЯТ Φ45x50Hсм.,,,,,,,,,,,,,,,,,,,,,,,,
mc-73510,,,,,,,,,,,,,,,,,,,,,,,,,,,,,,,,https://cdn.shopify.com/s/files/1/0925/7041/9533/files/boithitiko-trapezaki-metalliko-stroggylo-5_be7bf86a-051b-4040-afef-5749c8185a82.jpg?v=1773164697,6,КРЪГЛА СТРАНИЧНА МАСА SAMMON МЕТАЛ В СИВ ЦВЯТ Φ45x50Hсм.,,,,,,,,,,,,,,,,,,,,,,,,
mc-73509,КРЪГЛА СТРАНИЧНА МАСА Веранда МЕТАЛ В ПИСТАЧЕНО ЗЕЛЕНО Φ45x50Hсм.,"Страничната маса Веранда ще ви изненада със своя прост стил и практичност. Това е кръгла метална маса с кръстовидна основа. Цветът ѝ е мек ПИСТАЧЕНО ЗЕЛЕН.<br>
<br>
РАЗМЕРИ:<br>
Φ40x50H см.<br>
Размери на метала: 16x1.2мм <br>
<br>
ПОДДРЪЖКА:<br>
Може да се почиства с влажна кърпа.<br>
<br>
*Масата се доставя разглобена в заводска опаковка<br>
**Точният цвят на продукта може да се различава леко от реалния поради различните настройки на монитора.",Europe,,Маси,"RelatedColor_Cappuccino, Градински маси за кафе, Помощни маси",true,Title,Default Title,,,,,,,,0612784,3300.0,shopify,47,deny,manual,35.41,57.35,true,true,,,,,5208067180269,https://cdn.shopify.com/s/files/1/0925/7041/9533/files/boithitiko-trapezaki-metalliko-stroggylo.jpg?v=1773164696,1,КРЪГЛА СТРАНИЧНА МАСА SAMMON МЕТАЛ В ПИСТАЧЕНО ЗЕЛЕНО Φ45x50Hсм.,false,,,,,,,,,,,,,,,,,,,,kg,,,active
mc-73509,,,,,,,,,,,,,,,,,,,,,,,,,,,,,,,,https://cdn.shopify.com/s/files/1/0925/7041/9533/files/boithitiko-trapezaki-metalliko-stroggylo-1.jpg?v=1773164696,2,КРЪГЛА СТРАНИЧНА МАСА SAMMON МЕТАЛ В ПИСТАЧЕНО ЗЕЛЕНО Φ45x50Hсм.,,,,,,,,,,,,,,,,,,,,,,,,
mc-73509,,,,,,,,,,,,,,,,,,,,,,,,,,,,,,,,https://cdn.shopify.com/s/files/1/0925/7041/9533/files/boithitiko-trapezaki-metalliko-stroggylo-2.jpg?v=1773164696,3,КРЪГЛА СТРАНИЧНА МАСА SAMMON МЕТАЛ В ПИСТАЧЕНО ЗЕЛЕНО Φ45x50Hсм.,,,,,,,,,,,,,,,,,,,,,,,,
mc-73509,,,,,,,,,,,,,,,,,,,,,,,,,,,,,,,,https://cdn.shopify.com/s/files/1/0925/7041/9533/files/boithitiko-trapezaki-metalliko-stroggylo-3.jpg?v=1773164696,4,КРЪГЛА СТРАНИЧНА МАСА SAMMON МЕТАЛ В ПИСТАЧЕНО ЗЕЛЕНО Φ45x50Hсм.,,,,,,,,,,,,,,,,,,,,,,,,
mc-73509,,,,,,,,,,,,,,,,,,,,,,,,,,,,,,,,https://cdn.shopify.com/s/files/1/0925/7041/9533/files/boithitiko-trapezaki-metalliko-stroggylo-4.jpg?v=1773164696,5,КРЪГЛА СТРАНИЧНА МАСА SAMMON МЕТАЛ В ПИСТАЧЕНО ЗЕЛЕНО Φ45x50Hсм.,,,,,,,,,,,,,,,,,,,,,,,,
mc-73509,,,,,,,,,,,,,,,,,,,,,,,,,,,,,,,,https://cdn.shopify.com/s/files/1/0925/7041/9533/files/boithitiko-trapezaki-metalliko-stroggylo-5.jpg?v=1773164696,6,КРЪГЛА СТРАНИЧНА МАСА SAMMON МЕТАЛ В ПИСТАЧЕНО ЗЕЛЕНО Φ45x50Hсм.,,,,,,,,,,,,,,,,,,,,,,,,
mc-73187,Квадратна маса от полипропилен TERRIN тъмно маслинена 60x60x75Hсм.,"Масата TERRIN от полипропилен в цвят ТЪМНО ЗЕЛЕН (DARK OLIVE) е идеалното предложение за използване на открито, било то професионално (банкети, кетъринг компании и др.) или за дома. Масата е квадратна, поддържана от централен стълб, завършващ с 4 крака.<br>
<br>
СПЕЦИФИКАЦИИ:<br>
Общи размери:<br>
60x60x75H см.<br>
Разстояние между краката: 34x34 см.<br>
<br>
МАТЕРИАЛ НА ИЗРАБОТКА:<br>
Масата е изработена от 100% висококачествен полипропилен. Полипропиленът е особено устойчив на тежест и вода, като същевременно има голяма устойчивост на топлина.<br>
<br>
ПОДДРЪЖКА:<br>
Полипропиленовите маси се почистват лесно с влажна кърпа. Ако са на открито, могат да се почистват директно с течаща вода.<br>
<br>
ПРЕДИМСТВА:<br>
Полипропиленовата маса има само предимства и е отличен избор за бизнес пространства на открито. По-специално, ниското й тегло и издръжливост я правят най-добрият избор за зали за банкети или кетъринг компании, както и за всяко открито пространство. Освен това може да се съхранява в най-малкото възможно пространство, тъй като е модулна. Но най-важното за полипропилена е, че е екологично чист, тъй като е рециклируем.<br>
<br>
** Цветопредаването на продукта може да се различава леко от фотографското му представяне на вашия екран.",Europe,,Маси,"RelatedColor_Cappuccino, RelatedColor_Dark grey, RelatedColor_Бял, RelatedColor_Червен, RelatedColor_Черен, Градински маси, Градински маси за кафе",true,Title,Default Title,,,,,,,,0535593,7000.0,shopify,74,deny,manual,60.30,97.65,true,true,,,,,5208067160100,https://cdn.shopify.com/s/files/1/0925/7041/9533/files/trapezi-polypropylenioy-tetragono-fb9612_c33b6a77-905e-45a1-85c6-837d1a28e855.jpg?v=1773164424,1,Квадратна маса от полипропилен TERRIN тъмно маслинена 60x60x75Hсм.,false,,,,,,,,,,,,,,,,,,,,kg,,,active
mc-73187,,,,,,,,,,,,,,,,,,,,,,,,,,,,,,,,https://cdn.shopify.com/s/files/1/0925/7041/9533/files/trapezi-polypropylenioy-tetragono-fb9612-1_bcb941e0-39c9-40ac-86cd-69bc7838be51.jpg?v=1773164423,2,Квадратна маса от полипропилен TERRIN тъмно маслинена 60x60x75Hсм.,,,,,,,,,,,,,,,,,,,,,,,,
mc-73187,,,,,,,,,,,,,,,,,,,,,,,,,,,,,,,,https://cdn.shopify.com/s/files/1/0925/7041/9533/files/trapezi-polypropylenioy-tetragono-fb9612-2_32f82cae-ed99-4efe-9782-044c1bd952bb.jpg?v=1773164423,3,Квадратна маса от полипропилен TERRIN тъмно маслинена 60x60x75Hсм.,,,,,,,,,,,,,,,,,,,,,,,,
mc-73187,,,,,,,,,,,,,,,,,,,,,,,,,,,,,,,,https://cdn.shopify.com/s/files/1/0925/7041/9533/files/trapezi-polypropylenioy-tetragono-fb9612-3_117c712c-7166-4bd2-8100-f09c4f57908f.jpg?v=1773164423,4,Квадратна маса от полипропилен TERRIN тъмно маслинена 60x60x75Hсм.,,,,,,,,,,,,,,,,,,,,,,,,
mc-73187,,,,,,,,,,,,,,,,,,,,,,,,,,,,,,,,https://cdn.shopify.com/s/files/1/0925/7041/9533/files/trapezi-polypropylenioy-tetragono-fb9612-4_a415769d-e6d9-4a32-97f2-bfcec8a5218f.jpg?v=1773164424,5,Квадратна маса от полипропилен TERRIN тъмно маслинена 60x60x75Hсм.,,,,,,,,,,,,,,,,,,,,,,,,
mc-73187,,,,,,,,,,,,,,,,,,,,,,,,,,,,,,,,https://cdn.shopify.com/s/files/1/0925/7041/9533/files/trapezi-polypropylenioy-tetragono-fb9612-5_e97468af-f306-4a72-b0ef-30e241706f63.jpg?v=1773164423,6,Квадратна маса от полипропилен TERRIN тъмно маслинена 60x60x75Hсм.,,,,,,,,,,,,,,,,,,,,,,,,
mc-73187,,,,,,,,,,,,,,,,,,,,,,,,,,,,,,,,https://cdn.shopify.com/s/files/1/0925/7041/9533/files/trapezi-polypropylenioy-tetragono-fb9612-6_247cee96-4625-48b0-a2d1-aeb413800158.jpg?v=1773164424,7,Квадратна маса от полипропилен TERRIN тъмно маслинена 60x60x75Hсм.,,,,,,,,,,,,,,,,,,,,,,,,
mc-73186,Квадратна маса от полипропилен TERRIN бяла 60x60x75Hсм.,"Масата TERRIN от полипропилен в бял цвят е идеалното предложение за използване на открито, било то професионално (банкети, кетъринг компании и др.) или за дома. Масата е квадратна, поддържана от централен стълб, завършващ с 4 крака.<br>
<br>
СПЕЦИФИКАЦИИ:<br>
Общи размери: 60x60x75H см.<br>
Разстояние между краката: 34x34 см.<br>
<br>
МАТЕРИАЛ НА ИЗРАБОТКА:<br>
Масата е изработена от 100% висококачествен полипропилен. Полипропиленът е особено устойчив на тежест и вода, като същевременно има голяма устойчивост на топлина.<br>
<br>
ПОДДРЪЖКА:<br>
Полипропиленовите маси се почистват лесно с влажна кърпа. Ако са на открито, могат да се почистват директно с течаща вода.<br>
<br>
ПРЕДИМСТВА:<br>
Полипропиленовата маса има само предимства и е отличен избор за бизнес пространства на открито. По-специално, ниското й тегло и издръжливост я правят най-добрият избор за зали за банкети или кетъринг компании, както и за всяко открито пространство. Освен това може да се съхранява в най-малкото възможно пространство, тъй като е модулна. Но най-важното за полипропилена е, че е екологично чист, тъй като е рециклируем.<br>
<br>
*Продуктът се доставя разглобен, в заводска опаковка<br>
** Цветопредаването на продукта може да се различава леко от фотографското му представяне на вашия екран.",Europe,,Маси,"RelatedColor_Cappuccino, RelatedColor_Dark grey, RelatedColor_Dark Olive, RelatedColor_Червен, RelatedColor_Черен, Градински маси, Градински маси за кафе",true,Title,Default Title,,,,,,,,0535592,7000.0,shopify,156,deny,manual,60.30,97.65,true,true,,,,,5208067160094,https://cdn.shopify.com/s/files/1/0925/7041/9533/files/trapezi-polypropylenioy-tetragono-fb9612_4b7b647b-e47b-402c-ae71-bb96e8cb4b9e.jpg?v=1773164422,1,Квадратна маса от полипропилен TERRIN бяла 60x60x75Hсм.,false,,,,,,,,,,,,,,,,,,,,kg,,,active
mc-73186,,,,,,,,,,,,,,,,,,,,,,,,,,,,,,,,https://cdn.shopify.com/s/files/1/0925/7041/9533/files/trapezi-polypropylenioy-tetragono-fb9612-1_5d7f7383-2d8d-4ec0-a464-fb5f90916fff.jpg?v=1773164422,2,Квадратна маса от полипропилен TERRIN бяла 60x60x75Hсм.,,,,,,,,,,,,,,,,,,,,,,,,
mc-73186,,,,,,,,,,,,,,,,,,,,,,,,,,,,,,,,https://cdn.shopify.com/s/files/1/0925/7041/9533/files/trapezi-polypropylenioy-tetragono-fb9612-2_eb0b683b-8dec-4514-b5ce-f26897425b2a.jpg?v=1773164422,3,Квадратна маса от полипропилен TERRIN бяла 60x60x75Hсм.,,,,,,,,,,,,,,,,,,,,,,,,
mc-73186,,,,,,,,,,,,,,,,,,,,,,,,,,,,,,,,https://cdn.shopify.com/s/files/1/0925/7041/9533/files/trapezi-polypropylenioy-tetragono-fb9612-3_91119cbb-c9db-46c7-8b07-85410b160ae2.jpg?v=1773164423,4,Квадратна маса от полипропилен TERRIN бяла 60x60x75Hсм.,,,,,,,,,,,,,,,,,,,,,,,,
mc-73186,,,,,,,,,,,,,,,,,,,,,,,,,,,,,,,,https://cdn.shopify.com/s/files/1/0925/7041/9533/files/trapezi-polypropylenioy-tetragono-fb9612-4_dc4d321c-28cd-4c91-a565-5e2c18d8b11b.jpg?v=1773164422,5,Квадратна маса от полипропилен TERRIN бяла 60x60x75Hсм.,,,,,,,,,,,,,,,,,,,,,,,,
mc-73186,,,,,,,,,,,,,,,,,,,,,,,,,,,,,,,,https://cdn.shopify.com/s/files/1/0925/7041/9533/files/trapezi-polypropylenioy-tetragono-fb9612-5_3891d49a-0f68-4549-b0c3-ff207ad812a3.jpg?v=1773164423,6,Квадратна маса от полипропилен TERRIN бяла 60x60x75Hсм.,,,,,,,,,,,,,,,,,,,,,,,,
mc-73186,,,,,,,,,,,,,,,,,,,,,,,,,,,,,,,,https://cdn.shopify.com/s/files/1/0925/7041/9533/files/trapezi-polypropylenioy-tetragono-fb9612-6_5dc74205-8b59-49df-9058-0066ab6cf141.jpg?v=1773164423,7,Квадратна маса от полипропилен TERRIN бяла 60x60x75Hсм.,,,,,,,,,,,,,,,,,,,,,,,,
mc-73186,,,,,,,,,,,,,,,,,,,,,,,,,,,,,,,,https://cdn.shopify.com/s/files/1/0925/7041/9533/files/trapezi-polypropylenioy-tetragono-fb9612-7_2ae29dd3-63bd-4a34-8748-e6509c1e9818.jpg?v=1773164423,8,Квадратна маса от полипропилен TERRIN бяла 60x60x75Hсм.,,,,,,,,,,,,,,,,,,,,,,,,
mc-73186,,,,,,,,,,,,,,,,,,,,,,,,,,,,,,,,https://cdn.shopify.com/s/files/1/0925/7041/9533/files/trapezi-polypropylenioy-tetragono-fb9612-8.jpg?v=1773164422,9,Квадратна маса от полипропилен TERRIN бяла 60x60x75Hсм.,,,,,,,,,,,,,,,,,,,,,,,,
mc-73185,Квадратна маса от полипропилен TERRIN капучино 60x60x75Hсм.,"Масата TERRIN от полипропилен в цвят КАПУЧИНО е идеалното предложение за използване на открито, било то професионално (банкети, кетъринг компании и др.) или за дома. Масата е квадратна, поддържана от централен стълб, завършващ с 4 крака.<br>
<br>
СПЕЦИФИКАЦИИ:<br>
Общи размери: 60x60x75H см.<br>
Разстояние между краката: 34x34 см.<br>
<br>
МАТЕРИАЛ НА ИЗРАБОТКА:<br>
Масата е изработена от 100% висококачествен полипропилен. Полипропиленът е особено устойчив на тежест и вода, като същевременно има голяма устойчивост на топлина.<br>
<br>
ПОДДРЪЖКА:<br>
Полипропиленовите маси се почистват лесно с влажна кърпа. Ако са на открито, могат да се почистват директно с течаща вода.<br>
<br>
ПРЕДИМСТВА:<br>
Полипропиленовата маса има само предимства и е отличен избор за бизнес пространства на открито. По-специално, ниското й тегло и издръжливост я правят най-добрият избор за зали за банкети или кетъринг компании, както и за всяко открито пространство. Освен това може да се съхранява в най-малкото възможно пространство, тъй като е модулна. Но най-важното за полипропилена е, че е екологично чист, тъй като е рециклируем.<br>
<br>
** Цветопредаването на продукта може да се различава леко от фотографското му представяне на вашия екран.",Europe,,Маси,"RelatedColor_Dark grey, RelatedColor_Dark Olive, RelatedColor_Бял, RelatedColor_Червен, RelatedColor_Черен, Градински маси, Градински маси за кафе",true,Title,Default Title,,,,,,,,0535590,7000.0,shopify,244,deny,manual,60.30,97.65,true,true,,,,,5208067160070,https://cdn.shopify.com/s/files/1/0925/7041/9533/files/trapezi-polypropylenioy-tetragono-fb9612_f87a769f-c5ea-47ae-ad51-36f0e763064b.jpg?v=1773164422,1,Квадратна маса от полипропилен TERRIN капучино 60x60x75Hсм.,false,,,,,,,,,,,,,,,,,,,,kg,,,active
mc-73185,,,,,,,,,,,,,,,,,,,,,,,,,,,,,,,,https://cdn.shopify.com/s/files/1/0925/7041/9533/files/trapezi-polypropylenioy-tetragono-fb9612-1_58414c6a-cc89-46f5-8684-2a67a9b3a48d.jpg?v=1773164422,2,Квадратна маса от полипропилен TERRIN капучино 60x60x75Hсм.,,,,,,,,,,,,,,,,,,,,,,,,
mc-73185,,,,,,,,,,,,,,,,,,,,,,,,,,,,,,,,https://cdn.shopify.com/s/files/1/0925/7041/9533/files/trapezi-polypropylenioy-tetragono-fb9612-2_a9bff834-bf8d-4be2-b934-873f4cf8bcc0.jpg?v=1773164422,3,Квадратна маса от полипропилен TERRIN капучино 60x60x75Hсм.,,,,,,,,,,,,,,,,,,,,,,,,
mc-73185,,,,,,,,,,,,,,,,,,,,,,,,,,,,,,,,https://cdn.shopify.com/s/files/1/0925/7041/9533/files/trapezi-polypropylenioy-tetragono-fb9612-3_d1378840-6c2a-4a2e-a0b1-0e2ee1c19172.jpg?v=1773164421,4,Квадратна маса от полипропилен TERRIN капучино 60x60x75Hсм.,,,,,,,,,,,,,,,,,,,,,,,,
mc-73185,,,,,,,,,,,,,,,,,,,,,,,,,,,,,,,,https://cdn.shopify.com/s/files/1/0925/7041/9533/files/trapezi-polypropylenioy-tetragono-fb9612-4_0915e52a-e644-46eb-9cc8-24b00bf2c3d8.jpg?v=1773164422,5,Квадратна маса от полипропилен TERRIN капучино 60x60x75Hсм.,,,,,,,,,,,,,,,,,,,,,,,,
mc-73185,,,,,,,,,,,,,,,,,,,,,,,,,,,,,,,,https://cdn.shopify.com/s/files/1/0925/7041/9533/files/trapezi-polypropylenioy-tetragono-fb9612-5_619f825b-6cd7-4ef8-83e3-d7e1d0df2281.jpg?v=1773164422,6,Квадратна маса от полипропилен TERRIN капучино 60x60x75Hсм.,,,,,,,,,,,,,,,,,,,,,,,,
mc-73185,,,,,,,,,,,,,,,,,,,,,,,,,,,,,,,,https://cdn.shopify.com/s/files/1/0925/7041/9533/files/trapezi-polypropylenioy-tetragono-fb9612-6.jpg?v=1773164422,7,Квадратна маса от полипропилен TERRIN капучино 60x60x75Hсм.,,,,,,,,,,,,,,,,,,,,,,,,
mc-73185,,,,,,,,,,,,,,,,,,,,,,,,,,,,,,,,https://cdn.shopify.com/s/files/1/0925/7041/9533/files/trapezi-polypropylenioy-tetragono-fb9612-7.jpg?v=1773164422,8,Квадратна маса от полипропилен TERRIN капучино 60x60x75Hсм.,,,,,,,,,,,,,,,,,,,,,,,,
mc-73156,"КАФЕ МАСА Задар ПОЛИЕСТЕРЕН РАТАН В БЕЖОВО-ЧЕРНА МЕТАЛНА РАМКА 50x50x47,5Hсм.","Задар е квадратна масичка за кафе с заоблени ъгли. Почива на черна метална основа. Повърхността е изработена от естествен ратан в естествен цвят, върху която е поставен плот от закалено стъкло. Красива масичка, която при съчетание с подходящи столове ще придаде луксозен вид на пространството.<br>
<br>
РАЗМЕРИ:<br>
50x50x47.5H см.<br>
Разстояние между краката: 36x36 см.<br>
<br>
МАТЕРИАЛИ ЗА ИЗРАБОТКА:<br>
Основата е изработена от здрава поцинкована метална конструкция, която придава здравина, а на долната част на краката има пластмасови капачки за защита на пода.<br>
<br>
Масичката е изработена от естествен ратан. Ратанът е най-добрият и най-широко използван естествен материал за плетени конструкции като кошници и др. Ратанът, отглеждан в Югоизточна Азия, е с най-високо качество и издръжливост в сравнение с ратан от други региони.<br>
<br>
Закаленото стъкло е вид безопасно стъкло, което е около четири пъти по-здраво от обикновеното стъкло. За разлика от обикновеното стъкло, което при счупване се разпада на остри парчета, закаленото стъкло се чупи на малки, относително безвредни гранулирани частици. Поради това закаленото стъкло се използва в среди, където безопасността на хората е важна, като домашни приложения и др.<br>
<br>
ПОДДРЪЖКА:<br>
Всички материали за изработка са лесни за поддръжка. Необходимо е само почистване с прахосмукачка и при нужда избърсване с влажна кърпа.<br>
<br>
ПРЕДИМСТВА:<br>
• Красив и вечен дизайн<br>
• Качествени материали за изработка<br>
• Лесна поддръжка<br>
<br>
*Масичката се доставя разглобена в заводска опаковка<br>
** Цветопредаването на продукта може леко да се различава от фотографското му представяне на вашия екран.",Europe,,Маси,"Градински маси за кафе, Холни маси",true,Title,Default Title,,,,,,,,0610490,6200.0,shopify,96,deny,manual,32.55,52.70,true,true,,,,,5208067153805,https://cdn.shopify.com/s/files/1/0925/7041/9533/files/trapezaki-fb9571711-me-wicker-mpez-mayro.jpg?v=1773164405,1,"КАФЕ МАСА GERRY ПОЛИЕСТЕРЕН РАТАН В БЕЖОВО-ЧЕРНА МЕТАЛНА РАМКА 50x50x47,5Hсм.",false,,,,,,,,,,,,,,,,,,,,kg,,,active
mc-73156,,,,,,,,,,,,,,,,,,,,,,,,,,,,,,,,https://cdn.shopify.com/s/files/1/0925/7041/9533/files/trapezaki-fb9571711-me-wicker-mpez-mayro-1.jpg?v=1773164404,2,"КАФЕ МАСА GERRY ПОЛИЕСТЕРЕН РАТАН В БЕЖОВО-ЧЕРНА МЕТАЛНА РАМКА 50x50x47,5Hсм.",,,,,,,,,,,,,,,,,,,,,,,,
mc-73156,,,,,,,,,,,,,,,,,,,,,,,,,,,,,,,,https://cdn.shopify.com/s/files/1/0925/7041/9533/files/trapezaki-fb9571711-me-wicker-mpez-mayro-2.jpg?v=1773164405,3,"КАФЕ МАСА GERRY ПОЛИЕСТЕРЕН РАТАН В БЕЖОВО-ЧЕРНА МЕТАЛНА РАМКА 50x50x47,5Hсм.",,,,,,,,,,,,,,,,,,,,,,,,
mc-73156,,,,,,,,,,,,,,,,,,,,,,,,,,,,,,,,https://cdn.shopify.com/s/files/1/0925/7041/9533/files/trapezaki-fb9571711-me-wicker-mpez-mayro-3.jpg?v=1773164405,4,"КАФЕ МАСА GERRY ПОЛИЕСТЕРЕН РАТАН В БЕЖОВО-ЧЕРНА МЕТАЛНА РАМКА 50x50x47,5Hсм.",,,,,,,,,,,,,,,,,,,,,,,,
mc-73156,,,,,,,,,,,,,,,,,,,,,,,,,,,,,,,,https://cdn.shopify.com/s/files/1/0925/7041/9533/files/trapezaki-fb9571711-me-wicker-mpez-mayro-4.jpg?v=1773164405,5,"КАФЕ МАСА GERRY ПОЛИЕСТЕРЕН РАТАН В БЕЖОВО-ЧЕРНА МЕТАЛНА РАМКА 50x50x47,5Hсм.",,,,,,,,,,,,,,,,,,,,,,,,
mc-73156,,,,,,,,,,,,,,,,,,,,,,,,,,,,,,,,https://cdn.shopify.com/s/files/1/0925/7041/9533/files/trapezaki-fb9571711-me-wicker-mpez-mayro-5.jpg?v=1773164404,6,"КАФЕ МАСА GERRY ПОЛИЕСТЕРЕН РАТАН В БЕЖОВО-ЧЕРНА МЕТАЛНА РАМКА 50x50x47,5Hсм.",,,,,,,,,,,,,,,,,,,,,,,,
mc-73156,,,,,,,,,,,,,,,,,,,,,,,,,,,,,,,,https://cdn.shopify.com/s/files/1/0925/7041/9533/files/trapezaki-fb9571711-me-wicker-mpez-mayro-6.jpg?v=1773164404,7,"КАФЕ МАСА GERRY ПОЛИЕСТЕРЕН РАТАН В БЕЖОВО-ЧЕРНА МЕТАЛНА РАМКА 50x50x47,5Hсм.",,,,,,,,,,,,,,,,,,,,,,,,
mc-73137,Кръгла маса от полипропилен TERRIN маслиненозелена Φ60x75Hсм.,"Полипропиленовата маса TERRIN в цвят МАСЛИНОВО ЗЕЛЕНО е идеалното предложение за използване на открито, било то професионално (банкети, кетъринг компании и др.) или за дома. Маса е кръгла, подпирана от централна колона, завършваща с 4 крака.<br>
<br>
СПЕЦИФИКАЦИИ:<br>
Общи размери: Φ61x77H см.<br>
<br>
МАТЕРИАЛ НА КОНСТРУКЦИЯТА:<br>
Масата е изработена от 100% висококачествен полипропилен. Полипропиленът е особено устойчив на тежест и вода<br>
ПОДДРЪЖКА:<br>
Полипропиленовите маси се почистват лесно с влажна кърпа. Ако са на открито, могат да се почистват директно с течаща вода.<br>
<br>
ПРЕДИМСТВА:<br>
Полипропиленовата маса има само предимства и е отличен избор за бизнес пространства на открито. По-специално ниското й тегло и издръжливост я правят най-добрият избор за банкетни зали или кетъринг компании, както и за всяко открито пространство. Освен това може да се съхранява в най-малкото възможно пространство, тъй като е модулна. Но най-важното за полипропилена е, че е екологично чист, тъй като е рециклируем.<br>
<br>
*Продуктът се доставя разглобен, в заводска опаковка<br>
** Цветопредаването на продукта може да се различава леко от фотографското му представяне на вашия екран.",Europe,,Маси,"RelatedColor_Бял, RelatedColor_Сив, RelatedColor_Червен, Градински маси, Градински маси за кафе",true,Title,Default Title,,,,,,,,0535587,6000.0,shopify,226,deny,manual,53.58,86.77,true,true,,,,,5208067160049,https://cdn.shopify.com/s/files/1/0925/7041/9533/files/trapezi-polypropylenioy-stroggylo-fb9612_c19ebc26-a32b-45e7-8102-91235778d5f1.jpg?v=1773164390,1,Кръгла маса от полипропилен TERRIN маслиненозелена Φ60x75Hсм.,false,,,,,,,,,,,,,,,,,,,,kg,,,active
mc-73137,,,,,,,,,,,,,,,,,,,,,,,,,,,,,,,,https://cdn.shopify.com/s/files/1/0925/7041/9533/files/trapezi-polypropylenioy-stroggylo-fb9612-1_d0f1f308-814b-4bb9-94ab-35a12b883c3b.jpg?v=1773164390,2,Кръгла маса от полипропилен TERRIN маслиненозелена Φ60x75Hсм.,,,,,,,,,,,,,,,,,,,,,,,,
mc-73137,,,,,,,,,,,,,,,,,,,,,,,,,,,,,,,,https://cdn.shopify.com/s/files/1/0925/7041/9533/files/trapezi-polypropylenioy-stroggylo-fb9612-2_813a6133-2827-420c-a211-2b2e12d169a5.jpg?v=1773164390,3,Кръгла маса от полипропилен TERRIN маслиненозелена Φ60x75Hсм.,,,,,,,,,,,,,,,,,,,,,,,,
mc-73137,,,,,,,,,,,,,,,,,,,,,,,,,,,,,,,,https://cdn.shopify.com/s/files/1/0925/7041/9533/files/trapezi-polypropylenioy-stroggylo-fb9612-3_5724697c-c735-4395-9ba7-ba3c695cb63f.jpg?v=1773164390,4,Кръгла маса от полипропилен TERRIN маслиненозелена Φ60x75Hсм.,,,,,,,,,,,,,,,,,,,,,,,,
mc-73137,,,,,,,,,,,,,,,,,,,,,,,,,,,,,,,,https://cdn.shopify.com/s/files/1/0925/7041/9533/files/trapezi-polypropylenioy-stroggylo-fb9612-4_c9721497-fdbd-40c4-8114-a63859cb4d9e.jpg?v=1773164390,5,Кръгла маса от полипропилен TERRIN маслиненозелена Φ60x75Hсм.,,,,,,,,,,,,,,,,,,,,,,,,
mc-73137,,,,,,,,,,,,,,,,,,,,,,,,,,,,,,,,https://cdn.shopify.com/s/files/1/0925/7041/9533/files/trapezi-polypropylenioy-stroggylo-fb9612-5_77873be2-f4b5-4f60-8362-75bcee2a53db.jpg?v=1773164390,6,Кръгла маса от полипропилен TERRIN маслиненозелена Φ60x75Hсм.,,,,,,,,,,,,,,,,,,,,,,,,
mc-73136,Кръгла маса от полипропилен TERRIN бяла Φ61x77Hсм.,"Полипропиленовата маса TERRIN в БЯЛ цвят е идеалното предложение за използване на открито, било то професионално (банкети, кетъринг компании и др.) или за дома. Маса е кръгла, подпирана от централна колона, завършваща с 4 крака.<br>
<br>
СПЕЦИФИКАЦИИ:<br>
Общи размери: Φ61x77H см.<br>
Разстояние между краката: 44x44 см.<br>
<br>
МАТЕРИАЛ НА КОНСТРУКЦИЯТА:<br>
Масата е изработена от 100% висококачествен полипропилен. Полипропиленът е особено устойчив на тежест и вода.<br>
<br>
ПОДДРЪЖКА:<br>
Полипропиленовите маси се почистват лесно с влажна кърпа. Ако са на открито, могат да се почистват директно с течаща вода.<br>
<br>
ПРЕДИМСТВА:<br>
Полипропиленовата маса има само предимства и е отличен избор за бизнес пространства на открито. По-специално ниското й тегло и издръжливост я правят най-добрият избор за банкетни зали или кетъринг компании, както и за всяко открито пространство. Освен това може да се съхранява в най-малкото възможно пространство, тъй като е модулна. Но най-важното за полипропилена е, че е екологично чист, тъй като е рециклируем.<br>
<br>
<br>
*Продуктът се доставя разглобен, в заводска опаковка<br>
** Цветопредаването на продукта може да се различава леко от фотографското му представяне на вашия екран.",Europe,,Маси,"RelatedColor_Cappuccino, RelatedColor_Зелен, RelatedColor_Сив, RelatedColor_Червен, Градински маси, Градински маси за кафе",true,Title,Default Title,,,,,,,,0535586,7000.0,shopify,267,deny,manual,53.58,86.77,true,true,,,,,5208067160032,https://cdn.shopify.com/s/files/1/0925/7041/9533/files/trapezi-polypropylenioy-stroggylo-fb9612_7325720e-05c0-4f7a-9cbe-97c66847468a.jpg?v=1773164389,1,Кръгла маса от полипропилен TERRIN бяла Φ61x77Hсм.,false,,,,,,,,,,,,,,,,,,,,kg,,,active
mc-73136,,,,,,,,,,,,,,,,,,,,,,,,,,,,,,,,https://cdn.shopify.com/s/files/1/0925/7041/9533/files/trapezi-polypropylenioy-stroggylo-fb9612-1_179d4f1c-11c0-4b3b-bd9a-04a70c164172.jpg?v=1773164389,2,Кръгла маса от полипропилен TERRIN бяла Φ61x77Hсм.,,,,,,,,,,,,,,,,,,,,,,,,
mc-73136,,,,,,,,,,,,,,,,,,,,,,,,,,,,,,,,https://cdn.shopify.com/s/files/1/0925/7041/9533/files/trapezi-polypropylenioy-stroggylo-fb9612-2_6352626a-00ba-49ba-8430-55f203b83420.jpg?v=1773164389,3,Кръгла маса от полипропилен TERRIN бяла Φ61x77Hсм.,,,,,,,,,,,,,,,,,,,,,,,,
mc-73136,,,,,,,,,,,,,,,,,,,,,,,,,,,,,,,,https://cdn.shopify.com/s/files/1/0925/7041/9533/files/trapezi-polypropylenioy-stroggylo-fb9612-3_e1a50274-edbb-4c5a-ae67-68b27a2acffe.jpg?v=1773164389,4,Кръгла маса от полипропилен TERRIN бяла Φ61x77Hсм.,,,,,,,,,,,,,,,,,,,,,,,,
mc-73136,,,,,,,,,,,,,,,,,,,,,,,,,,,,,,,,https://cdn.shopify.com/s/files/1/0925/7041/9533/files/trapezi-polypropylenioy-stroggylo-fb9612-4_6a570e47-36ca-4c16-a150-766ce112afbf.jpg?v=1773164389,5,Кръгла маса от полипропилен TERRIN бяла Φ61x77Hсм.,,,,,,,,,,,,,,,,,,,,,,,,
mc-73136,,,,,,,,,,,,,,,,,,,,,,,,,,,,,,,,https://cdn.shopify.com/s/files/1/0925/7041/9533/files/trapezi-polypropylenioy-stroggylo-fb9612-5_203b7209-04e1-46e1-82a8-8435ad3a541f.jpg?v=1773164389,6,Кръгла маса от полипропилен TERRIN бяла Φ61x77Hсм.,,,,,,,,,,,,,,,,,,,,,,,,
mc-73135,Кръгла маса от полипропилен TERRIN капучино Φ61x77Hсм.,"Полипропиленовата маса TERRIN в цвят КАПУЧИНО е идеалното предложение за използване на открито, било то професионално (банкети, кетъринг компании и др.) или за дома. Маса е кръгла, подпирана на централна колона, завършваща с 4 крака.<br>
<br>
СПЕЦИФИКАЦИИ:<br>
Общи размери: Φ61x77H см.<br>
Разстояние между краката: 44x44 см.<br>
<br>
МАТЕРИАЛ ЗА ИЗРАБОТКА:<br>
Масата е изработена от 100% висококачествен полипропилен. Полипропиленът е особено устойчив на тежест и вода.<br>
<br>
ПОДДРЪЖКА:<br>
Полипропиленовите маси се почистват лесно с влажна кърпа. Ако са на открито, могат да се почистват директно с течаща вода.<br>
<br>
ПРЕДИМСТВА:<br>
Полипропиленовата маса има само предимства и е отличен избор за бизнес пространства на открито. По-специално ниското й тегло и издръжливост я правят най-добрия избор за зали за банкети или кетъринг компании, както и за всяко открито пространство. Освен това може да се съхранява на най-малко възможно пространство, тъй като е модулна. Но най-важното за полипропилена е, че е екологично чист, защото е рециклируем.<br>
<br>
*Продуктът се доставя разглобен, в заводска опаковка<br>
** Цветопредаването на продукта може да се различава леко от фотографското му изображение на вашия екран.",Europe,,Маси,"RelatedColor_Бял, RelatedColor_Зелен, RelatedColor_Сив, RelatedColor_Червен, Градински маси, Градински маси за кафе",true,Title,Default Title,,,,,,,,0535584,6000.0,shopify,227,deny,manual,53.58,86.77,true,true,,,,,5208067160018,https://cdn.shopify.com/s/files/1/0925/7041/9533/files/trapezi-polypropylenioy-stroggylo-fb9612_71569098-b1d5-4324-82ae-25612938bd52.jpg?v=1773164388,1,Кръгла маса от полипропилен TERRIN капучино Φ61x77Hсм.,false,,,,,,,,,,,,,,,,,,,,kg,,,active
mc-73135,,,,,,,,,,,,,,,,,,,,,,,,,,,,,,,,https://cdn.shopify.com/s/files/1/0925/7041/9533/files/trapezi-polypropylenioy-stroggylo-fb9612-1_a237ac0c-2e68-4689-a56a-7872c39cb484.jpg?v=1773164388,2,Кръгла маса от полипропилен TERRIN капучино Φ61x77Hсм.,,,,,,,,,,,,,,,,,,,,,,,,
mc-73135,,,,,,,,,,,,,,,,,,,,,,,,,,,,,,,,https://cdn.shopify.com/s/files/1/0925/7041/9533/files/trapezi-polypropylenioy-stroggylo-fb9612-2_8b35f7f2-72fa-4a25-a33e-b083c5b51a1d.jpg?v=1773164388,3,Кръгла маса от полипропилен TERRIN капучино Φ61x77Hсм.,,,,,,,,,,,,,,,,,,,,,,,,
mc-73135,,,,,,,,,,,,,,,,,,,,,,,,,,,,,,,,https://cdn.shopify.com/s/files/1/0925/7041/9533/files/trapezi-polypropylenioy-stroggylo-fb9612-3_505e6cce-0cca-4dfa-8648-4fb1232380ee.jpg?v=1773164388,4,Кръгла маса от полипропилен TERRIN капучино Φ61x77Hсм.,,,,,,,,,,,,,,,,,,,,,,,,
mc-73135,,,,,,,,,,,,,,,,,,,,,,,,,,,,,,,,https://cdn.shopify.com/s/files/1/0925/7041/9533/files/trapezi-polypropylenioy-stroggylo-fb9612-4_6f9b1cf1-bdb5-4ad8-9708-c5dea3d45ceb.jpg?v=1773164388,5,Кръгла маса от полипропилен TERRIN капучино Φ61x77Hсм.,,,,,,,,,,,,,,,,,,,,,,,,
mc-73135,,,,,,,,,,,,,,,,,,,,,,,,,,,,,,,,https://cdn.shopify.com/s/files/1/0925/7041/9533/files/trapezi-polypropylenioy-stroggylo-fb9612-5_5f54ebc8-f3b1-4cb1-bd9b-e197b44bb49b.jpg?v=1773164388,6,Кръгла маса от полипропилен TERRIN капучино Φ61x77Hсм.,,,,,,,,,,,,,,,,,,,,,,,,
mc-73134,КРЪГЛА МАСА ОТ ПОЛИПРОПИЛЕН TERRIN СИВА Φ61x77Hсм.,"Полипропиленовата маса TERRIN в СИВ цвят е идеалното предложение за използване на открито, било то професионално (банкети, кетъринг компании и др.) или за дома. Маса е кръгла, подпирана на централна колона, завършваща с 4 крака.<br>
<br>
СПЕЦИФИКАЦИИ:<br>
Общи размери: Φ61x77H см.<br>
Разстояние между краката: 44x44 см.<br>
<br>
МАТЕРИАЛ ЗА ИЗРАБОТКА:<br>
Масата е изработена от 100% висококачествен полипропилен. Полипропиленът е особено устойчив на тежест и вода.<br>
<br>
ПОДДРЪЖКА:<br>
Полипропиленовите маси се почистват лесно с влажна кърпа. Ако са на открито, могат да се почистват директно с течаща вода.<br>
<br>
ПРЕДИМСТВА:<br>
Полипропиленовата маса има само предимства и е отличен избор за бизнес пространства на открито. По-специално ниското й тегло и издръжливост я правят най-добрия избор за зали за банкети или кетъринг компании, както и за всяко открито пространство. Освен това може да се съхранява на най-малко възможно пространство, тъй като е модулна. Но най-важното за полипропилена е, че е екологично чист, защото е рециклируем.<br>
<br>
*Продуктът се доставя разглобен, в заводска опаковка<br>
** Цветопредаването на продукта може да се различава леко от фотографското му изображение на вашия екран.",Europe,,Маси,"RelatedColor_Cappuccino, RelatedColor_Бял, RelatedColor_Червен, Градински маси, Градински маси за кафе",true,Title,Default Title,,,,,,,,0535583,10000.0,shopify,400,deny,manual,53.58,86.77,true,true,,,,,5208067160001,https://cdn.shopify.com/s/files/1/0925/7041/9533/files/trapezi-polypropylenioy-stroggylo-fb9612.jpg?v=1773164388,1,КРЪГЛА МАСА ОТ ПОЛИПРОПИЛЕН TERRIN СИВА Φ61x77Hсм.,false,,,,,,,,,,,,,,,,,,,,kg,,,active
mc-73134,,,,,,,,,,,,,,,,,,,,,,,,,,,,,,,,https://cdn.shopify.com/s/files/1/0925/7041/9533/files/trapezi-polypropylenioy-stroggylo-fb9612-1.jpg?v=1773164387,2,КРЪГЛА МАСА ОТ ПОЛИПРОПИЛЕН TERRIN СИВА Φ61x77Hсм.,,,,,,,,,,,,,,,,,,,,,,,,
mc-73134,,,,,,,,,,,,,,,,,,,,,,,,,,,,,,,,https://cdn.shopify.com/s/files/1/0925/7041/9533/files/trapezi-polypropylenioy-stroggylo-fb9612-2.jpg?v=1773164387,3,КРЪГЛА МАСА ОТ ПОЛИПРОПИЛЕН TERRIN СИВА Φ61x77Hсм.,,,,,,,,,,,,,,,,,,,,,,,,
mc-73134,,,,,,,,,,,,,,,,,,,,,,,,,,,,,,,,https://cdn.shopify.com/s/files/1/0925/7041/9533/files/trapezi-polypropylenioy-stroggylo-fb9612-3.jpg?v=1773164388,4,КРЪГЛА МАСА ОТ ПОЛИПРОПИЛЕН TERRIN СИВА Φ61x77Hсм.,,,,,,,,,,,,,,,,,,,,,,,,
mc-73134,,,,,,,,,,,,,,,,,,,,,,,,,,,,,,,,https://cdn.shopify.com/s/files/1/0925/7041/9533/files/trapezi-polypropylenioy-stroggylo-fb9612-4.jpg?v=1773164387,5,КРЪГЛА МАСА ОТ ПОЛИПРОПИЛЕН TERRIN СИВА Φ61x77Hсм.,,,,,,,,,,,,,,,,,,,,,,,,
mc-73134,,,,,,,,,,,,,,,,,,,,,,,,,,,,,,,,https://cdn.shopify.com/s/files/1/0925/7041/9533/files/trapezi-polypropylenioy-stroggylo-fb9612-5.jpg?v=1773164388,6,КРЪГЛА МАСА ОТ ПОЛИПРОПИЛЕН TERRIN СИВА Φ61x77Hсм.,,,,,,,,,,,,,,,,,,,,,,,,
mc-73046,Външен лоундж комплект 3 части Шенонсо метал и алуминий в цвят шампанско,"Комплект за външна употреба, състоящ се от 2 бар стола със средна височина и 1 бар маса, всички в ЦВЯТ ШАМПАНСКО. Столовете имат облегалки и седалки от алуминиеви ламели, а рамката както на столовете, така и на масата е метална. Стъклото на масата е закалено стъкло.<br>
<br>
РАЗМЕРИ:<br>
БАР СТОЛ:<br>
58.5x58x104H см.<br>
Размери на седалката: 45.5x44 см.<br>
Размери на облегалката: 40x37 см.<br>
Височина на седалката: 69 см.<br>
Височина на краката: 67 см.<br>
Разстояние между краката: 58.5x58 см.<br>
Спецификации на рамката: Φ24x0.8мм<br>
<br>
МАСА:<br>
60x60x100H см.<br>
Метална рамка: 42x4x0.8мм дебелина<br>
<br>
<br>
<br>
*Продуктът се доставя НЕСГЛОБЕН<br>
**Точният цвят на продукта може да се различава леко от реалния поради различни настройки на мониторите.<br>
***За повече подробности, моля, намерете артикулите поотделно на нашия уебсайт.",Europe,,Комплекти трапезни маси,"RelatedColor_Сив, RelatedColor_Черен, Градински комплект за хранене",true,Title,Default Title,,,,,,,,9996795,29000.0,shopify,69,deny,manual,129.21,209.25,true,true,,,,,,https://cdn.shopify.com/s/files/1/0925/7041/9533/files/set-3tmch-exoterikoy-choroy-fb921056-sam.jpg?v=1773164316,1,Външен лоундж комплект 3 части LAURA метал и алуминий в цвят шампанско,false,,,,,,,,,,,,,,,,,,,,kg,,,active
mc-73046,,,,,,,,,,,,,,,,,,,,,,,,,,,,,,,,https://cdn.shopify.com/s/files/1/0925/7041/9533/files/set-3tmch-exoterikoy-choroy-fb921056-sam-1.jpg?v=1773164316,2,Външен лоундж комплект 3 части LAURA метал и алуминий в цвят шампанско,,,,,,,,,,,,,,,,,,,,,,,,
mc-73046,,,,,,,,,,,,,,,,,,,,,,,,,,,,,,,,https://cdn.shopify.com/s/files/1/0925/7041/9533/files/set-3tmch-exoterikoy-choroy-fb921056-sam-2.jpg?v=1773164316,3,Външен лоундж комплект 3 части LAURA метал и алуминий в цвят шампанско,,,,,,,,,,,,,,,,,,,,,,,,
mc-73045,Външен лоундж комплект 3 части Шенонсо черен метал и алуминий,"Комплект за външна употреба, състоящ се от 2 бар стола със средна височина и 1 бар маса, всички в ЧЕРЕН цвят. Столовете имат облегалки и седалки от алуминиеви ламели, а рамката както на столовете, така и на масата е метална. Стъклото на масата е закалено стъкло.<br>
<br>
РАЗМЕРИ:<br>
БАР СТОЛ:<br>
58.5x58x104H см.<br>
Размери на седалката: 45.5x44 см.<br>
Размери на облегалката: 40x37 см.<br>
Височина на седалката: 69 см.<br>
Височина на краката: 67 см.<br>
Разстояние между краката: 58.5x58 см.<br>
Спецификации на рамката: Φ24x0.8мм<br>
<br>
МАСА:<br>
60x60x100H см.<br>
Метална рамка: 42x4x0.8мм дебелина<br>
<br>
<br>
<br>
*Продуктът се доставя НЕСГЛОБЕН<br>
**Точният цвят на продукта може да се различава леко от реалния поради различни настройки на мониторите.<br>
***За повече подробности, моля, намерете артикулите поотделно на нашия уебсайт.",Europe,,Комплекти трапезни маси,"RelatedColor_Champagne, RelatedColor_Сив, Градински комплект за хранене",true,Title,Default Title,,,,,,,,9996794,29000.0,shopify,62,deny,manual,129.21,209.25,true,true,,,,,,https://cdn.shopify.com/s/files/1/0925/7041/9533/files/set-3tmch-exoterikoy-choroy-fb921055-may.jpg?v=1773164315,1,Външен лоундж комплект 3 части LAURA черен метал и алуминий,false,,,,,,,,,,,,,,,,,,,,kg,,,active
mc-73045,,,,,,,,,,,,,,,,,,,,,,,,,,,,,,,,https://cdn.shopify.com/s/files/1/0925/7041/9533/files/set-3tmch-exoterikoy-choroy-fb921055-may-1.jpg?v=1773164315,2,Външен лоундж комплект 3 части LAURA черен метал и алуминий,,,,,,,,,,,,,,,,,,,,,,,,
mc-73045,,,,,,,,,,,,,,,,,,,,,,,,,,,,,,,,https://cdn.shopify.com/s/files/1/0925/7041/9533/files/set-3tmch-exoterikoy-choroy-fb921055-may-2.jpg?v=1773164315,3,Външен лоундж комплект 3 части LAURA черен метал и алуминий,,,,,,,,,,,,,,,,,,,,,,,,
mc-73044,Външен лоундж комплект 3 части Шенонсо сив метал и алуминий,"Комплект за външна употреба, състоящ се от 2 бар стола със средна височина и 1 бар маса, всички в СИВ цвят. Столовете имат облегалки и седалки от алуминиеви ламели, а рамката както на столовете, така и на масата е метална. Стъклото на масата е закалено стъкло.<br>
<br>
РАЗМЕРИ:<br>
БАР СТОЛ:<br>
58.5x58x104H см.<br>
Размери на седалката: 45.5x44 см.<br>
Размери на облегалката: 40x37 см.<br>
Височина на седалката: 69 см.<br>
Височина на краката: 67 см.<br>
Разстояние между краката: 58.5x58 см.<br>
Спецификации на рамката: Φ24x0.8мм<br>
<br>
МАСА:<br>
60x60x100H см.<br>
Метална рамка: 42x4x0.8мм дебелина<br>
<br>
<br>
<br>
*Продуктът се доставя НЕСГЛОБЕН<br>
**Точният цвят на продукта може да се различава леко от реалния поради различни настройки на мониторите.<br>
***За повече подробности, моля, намерете артикулите поотделно на нашия уебсайт.",Europe,,Комплекти трапезни маси,"RelatedColor_Champagne, RelatedColor_Черен, Градински комплект за хранене",true,Title,Default Title,,,,,,,,9996793,29000.0,shopify,193,deny,manual,129.21,209.25,true,true,,,,,,https://cdn.shopify.com/s/files/1/0925/7041/9533/files/set-3tmch-exoterikoy-choroy-fb921054-gkr.jpg?v=1773164315,1,Външен лоундж комплект 3 части LAURA сив метал и алуминий,false,,,,,,,,,,,,,,,,,,,,kg,,,active
mc-73044,,,,,,,,,,,,,,,,,,,,,,,,,,,,,,,,https://cdn.shopify.com/s/files/1/0925/7041/9533/files/set-3tmch-exoterikoy-choroy-fb921054-gkr-1.jpg?v=1773164315,2,Външен лоундж комплект 3 части LAURA сив метал и алуминий,,,,,,,,,,,,,,,,,,,,,,,,
mc-73044,,,,,,,,,,,,,,,,,,,,,,,,,,,,,,,,https://cdn.shopify.com/s/files/1/0925/7041/9533/files/set-3tmch-exoterikoy-choroy-fb921054-gkr-2.jpg?v=1773164315,3,Външен лоундж комплект 3 части LAURA сив метал и алуминий,,,,,,,,,,,,,,,,,,,,,,,,
mc-73013,БАР МАСА КВАДРАТНА FIGGY МЕТАЛИК ШАМПАНСКИ ЦВЯТ-ЗАКАЛЕНО СТЪКЛО 60x60x100см ВИС.,"Бар масата FIGGY за външна употреба в цвят ШАМПАНСКО е квадратна с заоблени ъгли и извити крака. Това е много здрава и издръжлива маса с плот от закалено стъкло и две „пръстена“, които свързват краката. Тази маса ще задоволи дори най-взискателните клиенти.<br>
<br>
РАЗМЕРИ:<br>
60x60x100H см.<br>
Метална рамка: 42x4x0.8 мм дебела<br>
<br>
МАТЕРИАЛИ ЗА ИЗРАБОТКА:<br>
Рамката е метална с прахово покритие. Праховото покритие е сух процес на нанасяне, използван като метално покритие. Праховото покритие се нанася като сух прах чрез електростатичен процес, след което се втвърдява с топлина.<br>
Плотът е изработен от закалено или безопасно стъкло. Закаленото или усилено стъкло е вид безопасно стъкло, което е около четири пъти по-здраво от обикновеното стъкло. За разлика от обикновеното стъкло, което може да се разпадне на остри парчета при счупване, закаленото стъкло се чупи на малки, относително безвредни гранулирани частици. Поради това закаленото стъкло се използва в среди, където безопасността на хората е важна, като домашни приложения и др.<br>
<br>
ПОДДРЪЖКА:<br>
От гореизложеното е ясно, че не е необходима специална поддръжка. Достатъчно е почистване с влажна кърпа или дори със специални почистващи препарати.<br>
<br>
ПРЕДИМСТВА:<br>
• Класически и вечен дизайн<br>
• Лесна поддръжка<br>
• Качествени материали за изработка<br>
• Отлично съотношение цена-качество<br>
<br>
Масата се доставя разглобена и е лесна за сглобяване, тъй като всички необходими части са включени в пакета.<br>
** Точният цвят на продукта може да се различава леко от реалния поради различните настройки на монитора.",Europe,,Маси,"RelatedColor_Сив, RelatedColor_Черен, бар маси, Градински маси за кафе",true,Title,Default Title,,,,,,,,0603189,11000.0,shopify,161,deny,manual,54.55,88.35,true,true,,,,,,https://cdn.shopify.com/s/files/1/0925/7041/9533/files/trapezi-mpar-tetragono-fb9606604-metalli.jpg?v=1773164289,1,БАР МАСА КВАДРАТНА FIGGY МЕТАЛИК ШАМПАНСКИ ЦВЯТ-ЗАКАЛЕНО СТЪКЛО 60x60x100см ВИС.,false,,,,,,,,,,,,,,,,,,,,kg,,,active
mc-73013,,,,,,,,,,,,,,,,,,,,,,,,,,,,,,,,https://cdn.shopify.com/s/files/1/0925/7041/9533/files/trapezi-mpar-tetragono-fb9606604-metalli-1.jpg?v=1773164290,2,БАР МАСА КВАДРАТНА FIGGY МЕТАЛИК ШАМПАНСКИ ЦВЯТ-ЗАКАЛЕНО СТЪКЛО 60x60x100см ВИС.,,,,,,,,,,,,,,,,,,,,,,,,
mc-73013,,,,,,,,,,,,,,,,,,,,,,,,,,,,,,,,https://cdn.shopify.com/s/files/1/0925/7041/9533/files/trapezi-mpar-tetragono-fb9606604-metalli-2.jpg?v=1773164289,3,БАР МАСА КВАДРАТНА FIGGY МЕТАЛИК ШАМПАНСКИ ЦВЯТ-ЗАКАЛЕНО СТЪКЛО 60x60x100см ВИС.,,,,,,,,,,,,,,,,,,,,,,,,
mc-73013,,,,,,,,,,,,,,,,,,,,,,,,,,,,,,,,https://cdn.shopify.com/s/files/1/0925/7041/9533/files/trapezi-mpar-tetragono-fb9606604-metalli-3.jpg?v=1773164289,4,БАР МАСА КВАДРАТНА FIGGY МЕТАЛИК ШАМПАНСКИ ЦВЯТ-ЗАКАЛЕНО СТЪКЛО 60x60x100см ВИС.,,,,,,,,,,,,,,,,,,,,,,,,
mc-73013,,,,,,,,,,,,,,,,,,,,,,,,,,,,,,,,https://cdn.shopify.com/s/files/1/0925/7041/9533/files/trapezi-mpar-tetragono-fb9606604-metalli-4.jpg?v=1773164289,5,БАР МАСА КВАДРАТНА FIGGY МЕТАЛИК ШАМПАНСКИ ЦВЯТ-ЗАКАЛЕНО СТЪКЛО 60x60x100см ВИС.,,,,,,,,,,,,,,,,,,,,,,,,
mc-73013,,,,,,,,,,,,,,,,,,,,,,,,,,,,,,,,https://cdn.shopify.com/s/files/1/0925/7041/9533/files/trapezi-mpar-tetragono-fb9606604-metalli-5.jpg?v=1773164289,6,БАР МАСА КВАДРАТНА FIGGY МЕТАЛИК ШАМПАНСКИ ЦВЯТ-ЗАКАЛЕНО СТЪКЛО 60x60x100см ВИС.,,,,,,,,,,,,,,,,,,,,,,,,
mc-73013,,,,,,,,,,,,,,,,,,,,,,,,,,,,,,,,https://cdn.shopify.com/s/files/1/0925/7041/9533/files/trapezi-mpar-tetragono-fb9606604-metalli-6.jpg?v=1773164288,7,БАР МАСА КВАДРАТНА FIGGY МЕТАЛИК ШАМПАНСКИ ЦВЯТ-ЗАКАЛЕНО СТЪКЛО 60x60x100см ВИС.,,,,,,,,,,,,,,,,,,,,,,,,
mc-73012,ВЪНШЕН ФОТЬОЙЛ Херцег МЕТАЛ В СИВО-СИНТЕТИЧЕН РАТАН В ЕСТЕСТВЕН ЦВЯТ 54.5x56x78см ВИС.,"Външният стол с подлакътници Херцег е още едно ново попълнение в нашата гама! Рамката му е метална в СИВ цвят с гръб с средна височина и ниски подлакътници. Гърбът и седалката са изработени от синтетичен ратан в ЕСТЕСТВЕН цвят. Разбира се, столът е подредим, което увеличава практичността му.<br>
<br>
РАЗМЕРИ:<br>
54.5x56x78H см.<br>
Размери на седалката: 43x41 см.<br>
Размери на облегалката: 43x39 см.<br>
Височина на подлакътниците: 58 см.<br>
Височина на седалката: 42 см.<br>
Височина на краката: 39 см.<br>
Разстояние между краката: 51x56 см.<br>
Метална рамка: Φ24x0.80 мм дебелина<br>
<br>
МАТЕРИАЛИ ЗА ИЗРАБОТКА:<br>
Рамката е метална, а в долната част на краката има пластмасови капачки за защита на пода и за предпазване на краката от влага.<br>
<br>
Облегалката и седалката са изработени от висококачествен синтетичен ратан. Това е синтетичен материал, направен от висококачествени изкуствени влакна. Това осигурява отлична здравина и издръжливост при екстремни топлинни или студени условия.<br>
<br>
ПОДДРЪЖКА:<br>
Благодарение на издръжливостта както на стоманата, така и на полиестерния ратан, поддръжката на стола е лесна. Освен редовното почистване от прах, може да се почиства с влажна кърпа. НЕ използваме почистващи препарати, белина или полиращи средства. Ако все пак е необходимо използването на препарат, използваме мек сапун с топла вода. НЕ използваме водоструйка или маркуч под налягане, тъй като това може да повреди влакната.<br>
<br>
ПРЕДИМСТВА:<br>
• Здрава конструкция<br>
• Модерен дизайн<br>
• ПОДРЕДИМ<br>
• Лесна поддръжка<br>
• Отлично съотношение цена-качество<br>
<br>
** Цветовото възпроизвеждане на продукта може леко да се различава от фотографското му представяне на вашия екран.",Europe,,Столове-Фотьойли,"RelatedColor_Сив, Градински столове",true,Title,Default Title,,,,,,,,0615237,3500.0,shopify,1541,deny,manual,24.69,39.99,true,true,,,,,5208067143004,https://cdn.shopify.com/s/files/1/0925/7041/9533/files/polythrona-exchoroy-fb9596802-metallo-gk.jpg?v=1773164288,1,ВЪНШЕН ФОТЬОЙЛ AVRIL МЕТАЛ В СИВО-СИНТЕТИЧЕН РАТАН В ЕСТЕСТВЕН ЦВЯТ 54.5x56x78см ВИС.,false,,,,,,,,,,,,,,,,,,,,kg,,,active
mc-73012,,,,,,,,,,,,,,,,,,,,,,,,,,,,,,,,https://cdn.shopify.com/s/files/1/0925/7041/9533/files/polythrona-exchoroy-fb9596802-metallo-gk-1.jpg?v=1773164288,2,ВЪНШЕН ФОТЬОЙЛ AVRIL МЕТАЛ В СИВО-СИНТЕТИЧЕН РАТАН В ЕСТЕСТВЕН ЦВЯТ 54.5x56x78см ВИС.,,,,,,,,,,,,,,,,,,,,,,,,
mc-73012,,,,,,,,,,,,,,,,,,,,,,,,,,,,,,,,https://cdn.shopify.com/s/files/1/0925/7041/9533/files/polythrona-exchoroy-fb9596802-metallo-gk-2.jpg?v=1773164288,3,ВЪНШЕН ФОТЬОЙЛ AVRIL МЕТАЛ В СИВО-СИНТЕТИЧЕН РАТАН В ЕСТЕСТВЕН ЦВЯТ 54.5x56x78см ВИС.,,,,,,,,,,,,,,,,,,,,,,,,
mc-73012,,,,,,,,,,,,,,,,,,,,,,,,,,,,,,,,https://cdn.shopify.com/s/files/1/0925/7041/9533/files/polythrona-exchoroy-fb9596802-metallo-gk-3.jpg?v=1773164288,4,ВЪНШЕН ФОТЬОЙЛ AVRIL МЕТАЛ В СИВО-СИНТЕТИЧЕН РАТАН В ЕСТЕСТВЕН ЦВЯТ 54.5x56x78см ВИС.,,,,,,,,,,,,,,,,,,,,,,,,
mc-73012,,,,,,,,,,,,,,,,,,,,,,,,,,,,,,,,https://cdn.shopify.com/s/files/1/0925/7041/9533/files/polythrona-exchoroy-fb9596802-metallo-gk-4.jpg?v=1773164288,5,ВЪНШЕН ФОТЬОЙЛ AVRIL МЕТАЛ В СИВО-СИНТЕТИЧЕН РАТАН В ЕСТЕСТВЕН ЦВЯТ 54.5x56x78см ВИС.,,,,,,,,,,,,,,,,,,,,,,,,
mc-73012,,,,,,,,,,,,,,,,,,,,,,,,,,,,,,,,https://cdn.shopify.com/s/files/1/0925/7041/9533/files/polythrona-exchoroy-fb9596802-metallo-gk-5.jpg?v=1773164288,6,ВЪНШЕН ФОТЬОЙЛ AVRIL МЕТАЛ В СИВО-СИНТЕТИЧЕН РАТАН В ЕСТЕСТВЕН ЦВЯТ 54.5x56x78см ВИС.,,,,,,,,,,,,,,,,,,,,,,,,
mc-73012,,,,,,,,,,,,,,,,,,,,,,,,,,,,,,,,https://cdn.shopify.com/s/files/1/0925/7041/9533/files/polythrona-exchoroy-fb9596802-metallo-gk-6.jpg?v=1773164289,7,ВЪНШЕН ФОТЬОЙЛ AVRIL МЕТАЛ В СИВО-СИНТЕТИЧЕН РАТАН В ЕСТЕСТВЕН ЦВЯТ 54.5x56x78см ВИС.,,,,,,,,,,,,,,,,,,,,,,,,
mc-73012,,,,,,,,,,,,,,,,,,,,,,,,,,,,,,,,https://cdn.shopify.com/s/files/1/0925/7041/9533/files/polythrona-exchoroy-fb9596802-metallo-gk-7.jpg?v=1773164288,8,ВЪНШЕН ФОТЬОЙЛ AVRIL МЕТАЛ В СИВО-СИНТЕТИЧЕН РАТАН В ЕСТЕСТВЕН ЦВЯТ 54.5x56x78см ВИС.,,,,,,,,,,,,,,,,,,,,,,,,
mc-73012,,,,,,,,,,,,,,,,,,,,,,,,,,,,,,,,https://cdn.shopify.com/s/files/1/0925/7041/9533/files/polythrona-exchoroy-fb9596802-metallo-gk-8.jpg?v=1773164288,9,ВЪНШЕН ФОТЬОЙЛ AVRIL МЕТАЛ В СИВО-СИНТЕТИЧЕН РАТАН В ЕСТЕСТВЕН ЦВЯТ 54.5x56x78см ВИС.,,,,,,,,,,,,,,,,,,,,,,,,
mc-73012,,,,,,,,,,,,,,,,,,,,,,,,,,,,,,,,https://cdn.shopify.com/s/files/1/0925/7041/9533/files/polythrona-exchoroy-fb9596802-metallo-gk-9.jpg?v=1773164288,10,ВЪНШЕН ФОТЬОЙЛ AVRIL МЕТАЛ В СИВО-СИНТЕТИЧЕН РАТАН В ЕСТЕСТВЕН ЦВЯТ 54.5x56x78см ВИС.,,,,,,,,,,,,,,,,,,,,,,,,
mc-73011,ВЪНШЕН ФОТЬОЙЛ Херцег МЕТАЛ И СИНТЕТИЧЕН РАТАН В СИВ ЦВЯТ 54.5x56x78см ВИС.,"Външният стол с подлакътници Херцег е още едно ново попълнение в нашата гама! Рамката му е метална в СИВ цвят с гръб с средна височина и ниски подлакътници. Гърбът и седалката са изработени от синтетичен ратан в СИВ цвят. Разбира се, столът е подредим, което увеличава практичността му.<br>
<br>
РАЗМЕРИ:<br>
54.5x56x78H см.<br>
Размери на седалката: 43x41 см.<br>
Размери на облегалката: 43x39 см.<br>
Височина на подлакътниците: 58 см.<br>
Височина на седалката: 42 см.<br>
Височина на краката: 39 см.<br>
Разстояние между краката: 51x56 см.<br>
Метална рамка: Φ24x0.80 мм дебелина<br>
<br>
МАТЕРИАЛИ ЗА ИЗРАБОТКА:<br>
Рамката е метална, а в долната част на краката има пластмасови капачки за защита на пода и за предпазване на краката от влага.<br>
<br>
Облегалката и седалката са изработени от висококачествен синтетичен ратан. Това е синтетичен материал, направен от висококачествени изкуствени влакна. Това осигурява отлична здравина и издръжливост при екстремни топлинни или студени условия.<br>
<br>
ПОДДРЪЖКА:<br>
Благодарение на издръжливостта както на стоманата, така и на полиестерния ратан, поддръжката на стола е лесна. Освен редовното почистване от прах, може да се почиства с влажна кърпа. НЕ използваме почистващи препарати, белина или полиращи средства. Ако все пак е необходимо използването на препарат, използваме мек сапун с топла вода. НЕ използваме водоструйка или маркуч под налягане, тъй като това може да повреди влакната.<br>
<br>
ПРЕДИМСТВА:<br>
• Здрава конструкция<br>
• Модерен дизайн<br>
• ПОДРЕДИМ<br>
• Лесна поддръжка<br>
• Отлично съотношение цена-качество<br>
<br>
** Цветовото възпроизвеждане на продукта може леко да се различава от фотографското му представяне на вашия екран.",Europe,,Столове-Фотьойли,"RelatedColor_Natural, Градински столове",true,Title,Default Title,,,,,,,,0615236,3500.0,shopify,1023,deny,manual,24.69,39.99,true,true,,,,,,https://cdn.shopify.com/s/files/1/0925/7041/9533/files/polythrona-exchoroy-fb9596801-metallo-ka.jpg?v=1773164288,1,ВЪНШЕН ФОТЬОЙЛ AVRIL МЕТАЛ И СИНТЕТИЧЕН РАТАН В СИВ ЦВЯТ 54.5x56x78см ВИС.,false,,,,,,,,,,,,,,,,,,,,kg,,,active
mc-73011,,,,,,,,,,,,,,,,,,,,,,,,,,,,,,,,https://cdn.shopify.com/s/files/1/0925/7041/9533/files/polythrona-exchoroy-fb9596801-metallo-ka-1.jpg?v=1773164287,2,ВЪНШЕН ФОТЬОЙЛ AVRIL МЕТАЛ И СИНТЕТИЧЕН РАТАН В СИВ ЦВЯТ 54.5x56x78см ВИС.,,,,,,,,,,,,,,,,,,,,,,,,
mc-73011,,,,,,,,,,,,,,,,,,,,,,,,,,,,,,,,https://cdn.shopify.com/s/files/1/0925/7041/9533/files/polythrona-exchoroy-fb9596801-metallo-ka-2.jpg?v=1773164287,3,ВЪНШЕН ФОТЬОЙЛ AVRIL МЕТАЛ И СИНТЕТИЧЕН РАТАН В СИВ ЦВЯТ 54.5x56x78см ВИС.,,,,,,,,,,,,,,,,,,,,,,,,
mc-73011,,,,,,,,,,,,,,,,,,,,,,,,,,,,,,,,https://cdn.shopify.com/s/files/1/0925/7041/9533/files/polythrona-exchoroy-fb9596801-metallo-ka-3.jpg?v=1773164287,4,ВЪНШЕН ФОТЬОЙЛ AVRIL МЕТАЛ И СИНТЕТИЧЕН РАТАН В СИВ ЦВЯТ 54.5x56x78см ВИС.,,,,,,,,,,,,,,,,,,,,,,,,
mc-73011,,,,,,,,,,,,,,,,,,,,,,,,,,,,,,,,https://cdn.shopify.com/s/files/1/0925/7041/9533/files/polythrona-exchoroy-fb9596801-metallo-ka-4.jpg?v=1773164287,5,ВЪНШЕН ФОТЬОЙЛ AVRIL МЕТАЛ И СИНТЕТИЧЕН РАТАН В СИВ ЦВЯТ 54.5x56x78см ВИС.,,,,,,,,,,,,,,,,,,,,,,,,
mc-73011,,,,,,,,,,,,,,,,,,,,,,,,,,,,,,,,https://cdn.shopify.com/s/files/1/0925/7041/9533/files/polythrona-exchoroy-fb9596801-metallo-ka-5.jpg?v=1773164287,6,ВЪНШЕН ФОТЬОЙЛ AVRIL МЕТАЛ И СИНТЕТИЧЕН РАТАН В СИВ ЦВЯТ 54.5x56x78см ВИС.,,,,,,,,,,,,,,,,,,,,,,,,
mc-73011,,,,,,,,,,,,,,,,,,,,,,,,,,,,,,,,https://cdn.shopify.com/s/files/1/0925/7041/9533/files/polythrona-exchoroy-fb9596801-metallo-ka-6.jpg?v=1773164287,7,ВЪНШЕН ФОТЬОЙЛ AVRIL МЕТАЛ И СИНТЕТИЧЕН РАТАН В СИВ ЦВЯТ 54.5x56x78см ВИС.,,,,,,,,,,,,,,,,,,,,,,,,
mc-73011,,,,,,,,,,,,,,,,,,,,,,,,,,,,,,,,https://cdn.shopify.com/s/files/1/0925/7041/9533/files/polythrona-exchoroy-fb9596801-metallo-ka-7.jpg?v=1773164287,8,ВЪНШЕН ФОТЬОЙЛ AVRIL МЕТАЛ И СИНТЕТИЧЕН РАТАН В СИВ ЦВЯТ 54.5x56x78см ВИС.,,,,,,,,,,,,,,,,,,,,,,,,
mc-73011,,,,,,,,,,,,,,,,,,,,,,,,,,,,,,,,https://cdn.shopify.com/s/files/1/0925/7041/9533/files/polythrona-exchoroy-fb9596801-metallo-ka-8.jpg?v=1773164287,9,ВЪНШЕН ФОТЬОЙЛ AVRIL МЕТАЛ И СИНТЕТИЧЕН РАТАН В СИВ ЦВЯТ 54.5x56x78см ВИС.,,,,,,,,,,,,,,,,,,,,,,,,
mc-73011,,,,,,,,,,,,,,,,,,,,,,,,,,,,,,,,https://cdn.shopify.com/s/files/1/0925/7041/9533/files/polythrona-exchoroy-fb9596801-metallo-ka-9.jpg?v=1773164287,10,ВЪНШЕН ФОТЬОЙЛ AVRIL МЕТАЛ И СИНТЕТИЧЕН РАТАН В СИВ ЦВЯТ 54.5x56x78см ВИС.,,,,,,,,,,,,,,,,,,,,,,,,
mc-73010,БАР МАСА КВАДРАТНА FIGGY МЕТАЛИК ЧЕРНО-ЗАКАЛЕНО СТЪКЛО 60x60x100см ВИС.,"Бар масата FIGGY за външна употреба в ЧЕРЕН цвят е квадратна с заоблени ъгли и извити крака. Това е много здрава и издръжлива маса с плот от закалено стъкло и два „пръстена“, които свързват краката. Тази маса ще удовлетвори дори най-взискателните клиенти.<br>
<br>
РАЗМЕРИ:<br>
60x60x100H см.<br>
Метална рамка: 42x4x0.8 мм дебелина<br>
<br>
МАТЕРИАЛИ ЗА ИЗРАБОТКА:<br>
Рамката е метална с прахово покритие. Праховото покритие е сух процес на нанасяне, използван като метално покритие. Праховото покритие се нанася като сух прах чрез електростатичен процес, след което се втвърдява чрез нагряване.<br>
Плотът е изработен от закалено или безопасно стъкло. Закаленото или подсилено стъкло е вид безопасно стъкло, което е около четири пъти по-здраво от обикновеното стъкло. За разлика от обикновеното стъкло, което при счупване се разпада на остри парчета, закаленото стъкло се чупи на малки, относително безвредни гранулирани частици. Поради това закаленото стъкло се използва в среди, където безопасността на хората е важна, като домашни приложения и др.<br>
<br>
ПОДДРЪЖКА:<br>
От горното е ясно, че не се изисква специална поддръжка. Достатъчно е почистване с влажна кърпа или дори със специални почистващи препарати.<br>
<br>
ПРЕДИМСТВА:<br>
• Класически и вечен дизайн<br>
• Лесна поддръжка<br>
• Качествени материали за изработка<br>
• Отлично съотношение цена-качество<br>
<br>
Масата се доставя разглобена и е лесна за сглобяване, тъй като всички необходими части са включени в опаковката.<br>
**Точният цветови оттенък на продукта може леко да се различава от реалния продукт поради различните настройки на монитора.",Europe,,Маси,"RelatedColor_Champagne, RelatedColor_Сив, бар маси, Градински маси за кафе",true,Title,Default Title,,,,,,,,0603188,11000.0,shopify,65,deny,manual,54.55,88.35,true,true,,,,,5208067151320,https://cdn.shopify.com/s/files/1/0925/7041/9533/files/trapezi-mpar-tetragono-fb9606603-metalli.jpg?v=1773164287,1,БАР МАСА КВАДРАТНА FIGGY МЕТАЛИК ЧЕРНО-ЗАКАЛЕНО СТЪКЛО 60x60x100см ВИС.,false,,,,,,,,,,,,,,,,,,,,kg,,,active
mc-73010,,,,,,,,,,,,,,,,,,,,,,,,,,,,,,,,https://cdn.shopify.com/s/files/1/0925/7041/9533/files/trapezi-mpar-tetragono-fb9606603-metalli-1.jpg?v=1773164286,2,БАР МАСА КВАДРАТНА FIGGY МЕТАЛИК ЧЕРНО-ЗАКАЛЕНО СТЪКЛО 60x60x100см ВИС.,,,,,,,,,,,,,,,,,,,,,,,,
mc-73010,,,,,,,,,,,,,,,,,,,,,,,,,,,,,,,,https://cdn.shopify.com/s/files/1/0925/7041/9533/files/trapezi-mpar-tetragono-fb9606603-metalli-2.jpg?v=1773164286,3,БАР МАСА КВАДРАТНА FIGGY МЕТАЛИК ЧЕРНО-ЗАКАЛЕНО СТЪКЛО 60x60x100см ВИС.,,,,,,,,,,,,,,,,,,,,,,,,
mc-73010,,,,,,,,,,,,,,,,,,,,,,,,,,,,,,,,https://cdn.shopify.com/s/files/1/0925/7041/9533/files/trapezi-mpar-tetragono-fb9606603-metalli-3.jpg?v=1773164286,4,БАР МАСА КВАДРАТНА FIGGY МЕТАЛИК ЧЕРНО-ЗАКАЛЕНО СТЪКЛО 60x60x100см ВИС.,,,,,,,,,,,,,,,,,,,,,,,,
mc-73010,,,,,,,,,,,,,,,,,,,,,,,,,,,,,,,,https://cdn.shopify.com/s/files/1/0925/7041/9533/files/trapezi-mpar-tetragono-fb9606603-metalli-4.jpg?v=1773164286,5,БАР МАСА КВАДРАТНА FIGGY МЕТАЛИК ЧЕРНО-ЗАКАЛЕНО СТЪКЛО 60x60x100см ВИС.,,,,,,,,,,,,,,,,,,,,,,,,
mc-73010,,,,,,,,,,,,,,,,,,,,,,,,,,,,,,,,https://cdn.shopify.com/s/files/1/0925/7041/9533/files/trapezi-mpar-tetragono-fb9606603-metalli-5.jpg?v=1773164286,6,БАР МАСА КВАДРАТНА FIGGY МЕТАЛИК ЧЕРНО-ЗАКАЛЕНО СТЪКЛО 60x60x100см ВИС.,,,,,,,,,,,,,,,,,,,,,,,,
mc-73010,,,,,,,,,,,,,,,,,,,,,,,,,,,,,,,,https://cdn.shopify.com/s/files/1/0925/7041/9533/files/trapezi-mpar-tetragono-fb9606603-metalli-6.jpg?v=1773164286,7,БАР МАСА КВАДРАТНА FIGGY МЕТАЛИК ЧЕРНО-ЗАКАЛЕНО СТЪКЛО 60x60x100см ВИС.,,,,,,,,,,,,,,,,,,,,,,,,
mc-73009,БАР МАСА КВАДРАТНА FIGGY МЕТАЛИК СИВО-ЗАКАЛЕНО СТЪКЛО 60x60x100см ВИС.,"Външната бар маса FIGGY в сив цвят е квадратна с заоблени ъгли и извити крака. Това е много здрава и издръжлива маса с плот от закалено стъкло и два „пръстена“, които свързват краката. Тази маса ще удовлетвори дори най-взискателните клиенти.<br>
<br>
РАЗМЕРИ:<br>
60x60x100H см.<br>
Метална рамка: 42x4x0.8 мм дебела<br>
<br>
МАТЕРИАЛИ ЗА ИЗРАБОТКА:<br>
Рамката е метална с прахово покритие. Праховото покритие е сух процес на нанасяне, използван като метално покритие. Праховото покритие се нанася като сух прах чрез електростатичен процес, след което се втвърдява с топлина.<br>
Плотът е изработен от закалено стъкло или безопасно стъкло. Закаленото или усилено стъкло е вид безопасно стъкло, което е около четири пъти по-здраво от обикновеното стъкло. За разлика от обикновеното стъкло, което може да се разпадне на остри парчета при счупване, закаленото стъкло се чупи на малки, относително безвредни гранулирани парчета. Поради това закаленото стъкло се използва в среди, където безопасността на хората е важна, като домашни приложения и др.<br>
<br>
ПОДДРЪЖКА:<br>
От гореизложеното е ясно, че не е необходима специална поддръжка. Достатъчно е почистване с влажна кърпа или дори със специални почистващи препарати.<br>
<br>
ПРЕДИМСТВА:<br>
• Класически и вечен дизайн<br>
• Лесна поддръжка<br>
• Качествени материали за изработка<br>
• Отлично съотношение цена-качество<br>
<br>
Масата се доставя разглобена и е лесна за сглобяване, тъй като всички необходими части са включени в пакета.<br>
**Точният цвят на продукта може леко да се различава от реалния поради различни настройки на монитора.",Europe,,Маси,"RelatedColor_Champagne, RelatedColor_Черен, бар маси, Градински маси за кафе",true,Title,Default Title,,,,,,,,0603187,11000.0,shopify,188,deny,manual,54.55,88.35,true,true,,,,,5208067151313,https://cdn.shopify.com/s/files/1/0925/7041/9533/files/trapezi-mpar-tetragono-fb9606601-metalli.jpg?v=1773164285,1,БАР МАСА КВАДРАТНА FIGGY МЕТАЛИК СИВО-ЗАКАЛЕНО СТЪКЛО 60x60x100см ВИС.,false,,,,,,,,,,,,,,,,,,,,kg,,,active
mc-73009,,,,,,,,,,,,,,,,,,,,,,,,,,,,,,,,https://cdn.shopify.com/s/files/1/0925/7041/9533/files/trapezi-mpar-tetragono-fb9606601-metalli-1.jpg?v=1773164285,2,БАР МАСА КВАДРАТНА FIGGY МЕТАЛИК СИВО-ЗАКАЛЕНО СТЪКЛО 60x60x100см ВИС.,,,,,,,,,,,,,,,,,,,,,,,,
mc-73009,,,,,,,,,,,,,,,,,,,,,,,,,,,,,,,,https://cdn.shopify.com/s/files/1/0925/7041/9533/files/trapezi-mpar-tetragono-fb9606601-metalli-2.jpg?v=1773164285,3,БАР МАСА КВАДРАТНА FIGGY МЕТАЛИК СИВО-ЗАКАЛЕНО СТЪКЛО 60x60x100см ВИС.,,,,,,,,,,,,,,,,,,,,,,,,
mc-73009,,,,,,,,,,,,,,,,,,,,,,,,,,,,,,,,https://cdn.shopify.com/s/files/1/0925/7041/9533/files/trapezi-mpar-tetragono-fb9606601-metalli-3.jpg?v=1773164285,4,БАР МАСА КВАДРАТНА FIGGY МЕТАЛИК СИВО-ЗАКАЛЕНО СТЪКЛО 60x60x100см ВИС.,,,,,,,,,,,,,,,,,,,,,,,,
mc-73009,,,,,,,,,,,,,,,,,,,,,,,,,,,,,,,,https://cdn.shopify.com/s/files/1/0925/7041/9533/files/trapezi-mpar-tetragono-fb9606601-metalli-4.jpg?v=1773164285,5,БАР МАСА КВАДРАТНА FIGGY МЕТАЛИК СИВО-ЗАКАЛЕНО СТЪКЛО 60x60x100см ВИС.,,,,,,,,,,,,,,,,,,,,,,,,
mc-73009,,,,,,,,,,,,,,,,,,,,,,,,,,,,,,,,https://cdn.shopify.com/s/files/1/0925/7041/9533/files/trapezi-mpar-tetragono-fb9606601-metalli-5.jpg?v=1773164285,6,БАР МАСА КВАДРАТНА FIGGY МЕТАЛИК СИВО-ЗАКАЛЕНО СТЪКЛО 60x60x100см ВИС.,,,,,,,,,,,,,,,,,,,,,,,,
mc-73009,,,,,,,,,,,,,,,,,,,,,,,,,,,,,,,,https://cdn.shopify.com/s/files/1/0925/7041/9533/files/trapezi-mpar-tetragono-fb9606601-metalli-6.jpg?v=1773164285,7,БАР МАСА КВАДРАТНА FIGGY МЕТАЛИК СИВО-ЗАКАЛЕНО СТЪКЛО 60x60x100см ВИС.,,,,,,,,,,,,,,,,,,,,,,,,
mc-73009,,,,,,,,,,,,,,,,,,,,,,,,,,,,,,,,https://cdn.shopify.com/s/files/1/0925/7041/9533/files/trapezi-mpar-tetragono-fb9606601-metalli-7.jpg?v=1773164285,8,БАР МАСА КВАДРАТНА FIGGY МЕТАЛИК СИВО-ЗАКАЛЕНО СТЪКЛО 60x60x100см ВИС.,,,,,,,,,,,,,,,,,,,,,,,,
mc-73008,КАФЕНА МАСА FIGO МЕТАЛ В СИВО-ЗАКАЛЕНО СТЪКЛО 45x45x51см ВИС.,"Външната кафе маса FIGO в сив цвят е ниска, квадратна с заоблени ъгли и извити крака. Това е много популярен модел, който липсва в почти никоя тераса или градина. Тази малка маса е подходяща и за ограничени пространства, като тераси или малки дворове.<br>
<br>
РАЗМЕРИ:<br>
45x45x51H см.<br>
Разстояние между краката: 40x40 см<br>
Метална рамка: Φ24x0.8 мм дебела<br>
<br>
МАТЕРИАЛИ ЗА ИЗРАБОТКА:<br>
Рамката е метална с прахово покритие. Праховото покритие е сух процес на нанасяне, използван като метално покритие. Праховото покритие се нанася като сух прах чрез електростатичен процес, след което се втвърдява с топлина.<br>
Плотът е изработен от закалено стъкло или безопасно стъкло.<br>
Закаленото или усилено стъкло е вид безопасно стъкло, което е около четири пъти по-здраво от обикновеното стъкло. За разлика от обикновеното стъкло, което може да се разпадне на остри парчета при счупване, закаленото стъкло се чупи на малки, относително безвредни гранулирани парчета. Поради това закаленото стъкло се използва в среди, където безопасността на хората е важна, като домашни приложения и др.<br>
<br>
ПОДДРЪЖКА:<br>
От гореизложеното е ясно, че не е необходима специална поддръжка. Достатъчно е почистване с влажна кърпа или дори със специални почистващи препарати.<br>
<br>
ПРЕДИМСТВА:<br>
• Класически и вечен дизайн<br>
• Лесна поддръжка<br>
• Качествени материали за изработка<br>
• Отлично съотношение цена-качество<br>
<br>
Масата се доставя разглобена и е лесна за сглобяване, тъй като всички необходими части са включени в пакета.<br>
**Точният цвят на продукта може леко да се различава от реалния поради различни настройки на монитора.",Europe,,Маси,"RelatedColor_Champagne, RelatedColor_Черен, Градински маси за кафе",true,Title,Default Title,,,,,,,,0603192,5000.0,shopify,0,deny,manual,19.75,31.99,true,true,,,,,5208067151344,https://cdn.shopify.com/s/files/1/0925/7041/9533/files/trapezi-boithitiko-fb9606701-metalliko-g.jpg?v=1773164284,1,КАФЕНА МАСА FIGO МЕТАЛ В СИВО-ЗАКАЛЕНО СТЪКЛО 45x45x51см ВИС.,false,,,,,,,,,,,,,,,,,,,,kg,,,active
mc-73008,,,,,,,,,,,,,,,,,,,,,,,,,,,,,,,,https://cdn.shopify.com/s/files/1/0925/7041/9533/files/trapezi-boithitiko-fb9606701-metalliko-g-1.jpg?v=1773164284,2,КАФЕНА МАСА FIGO МЕТАЛ В СИВО-ЗАКАЛЕНО СТЪКЛО 45x45x51см ВИС.,,,,,,,,,,,,,,,,,,,,,,,,
mc-73008,,,,,,,,,,,,,,,,,,,,,,,,,,,,,,,,https://cdn.shopify.com/s/files/1/0925/7041/9533/files/trapezi-boithitiko-fb9606701-metalliko-g-2.jpg?v=1773164284,3,КАФЕНА МАСА FIGO МЕТАЛ В СИВО-ЗАКАЛЕНО СТЪКЛО 45x45x51см ВИС.,,,,,,,,,,,,,,,,,,,,,,,,
mc-73008,,,,,,,,,,,,,,,,,,,,,,,,,,,,,,,,https://cdn.shopify.com/s/files/1/0925/7041/9533/files/trapezi-boithitiko-fb9606701-metalliko-g-3.jpg?v=1773164284,4,КАФЕНА МАСА FIGO МЕТАЛ В СИВО-ЗАКАЛЕНО СТЪКЛО 45x45x51см ВИС.,,,,,,,,,,,,,,,,,,,,,,,,
mc-73008,,,,,,,,,,,,,,,,,,,,,,,,,,,,,,,,https://cdn.shopify.com/s/files/1/0925/7041/9533/files/trapezi-boithitiko-fb9606701-metalliko-g-4.jpg?v=1773164284,5,КАФЕНА МАСА FIGO МЕТАЛ В СИВО-ЗАКАЛЕНО СТЪКЛО 45x45x51см ВИС.,,,,,,,,,,,,,,,,,,,,,,,,
mc-73008,,,,,,,,,,,,,,,,,,,,,,,,,,,,,,,,https://cdn.shopify.com/s/files/1/0925/7041/9533/files/trapezi-boithitiko-fb9606701-metalliko-g-5.jpg?v=1773164284,6,КАФЕНА МАСА FIGO МЕТАЛ В СИВО-ЗАКАЛЕНО СТЪКЛО 45x45x51см ВИС.,,,,,,,,,,,,,,,,,,,,,,,,
mc-73008,,,,,,,,,,,,,,,,,,,,,,,,,,,,,,,,https://cdn.shopify.com/s/files/1/0925/7041/9533/files/trapezi-boithitiko-fb9606701-metalliko-g-6.jpg?v=1773164284,7,КАФЕНА МАСА FIGO МЕТАЛ В СИВО-ЗАКАЛЕНО СТЪКЛО 45x45x51см ВИС.,,,,,,,,,,,,,,,,,,,,,,,,
mc-73008,,,,,,,,,,,,,,,,,,,,,,,,,,,,,,,,https://cdn.shopify.com/s/files/1/0925/7041/9533/files/trapezi-boithitiko-fb9606701-metalliko-g-7.jpg?v=1773164284,8,КАФЕНА МАСА FIGO МЕТАЛ В СИВО-ЗАКАЛЕНО СТЪКЛО 45x45x51см ВИС.,,,,,,,,,,,,,,,,,,,,,,,,
mc-73007,КАФЕНА МАСА FIGO МЕТАЛ В ЧЕРНО-ЗАКАЛЕНО СТЪКЛО 45x45x51см ВИС.,"Външната кафе маса FIGO в черен цвят е ниска, квадратна с заоблени ъгли и извити крака. Това е много популярен модел, който липсва в почти никоя тераса или градина. Тази малка маса е подходяща и за ограничени пространства, като тераси или малки дворове.<br>
<br>
РАЗМЕРИ:<br>
45x45x51H см.<br>
Разстояние между краката: 40x40 см.<br>
Метална рамка: Φ24x0.8 мм дебела<br>
<br>
МАТЕРИАЛИ ЗА ИЗРАБОТКА:<br>
Рамката е метална с прахово покритие. Праховото покритие е сух процес на нанасяне, използван като метално покритие. Праховото покритие се нанася като сух прах чрез електростатичен процес, след което се втвърдява с топлина.<br>
Плотът е изработен от закалено стъкло или безопасно стъкло.<br>
Закаленото или усилено стъкло е вид безопасно стъкло, което е около четири пъти по-здраво от обикновеното стъкло. За разлика от обикновеното стъкло, което може да се разпадне на остри парчета при счупване, закаленото стъкло се чупи на малки, относително безвредни гранулирани парчета. Поради това закаленото стъкло се използва в среди, където безопасността на хората е важна, като домашни приложения и др.<br>
<br>
ПОДДРЪЖКА:<br>
От гореизложеното е ясно, че не е необходима специална поддръжка. Достатъчно е почистване с влажна кърпа или дори със специални почистващи препарати.<br>
<br>
ПРЕДИМСТВА:<br>
• Класически и вечен дизайн<br>
• Лесна поддръжка<br>
• Качествени материали за изработка<br>
• Отлично съотношение цена-качество<br>
<br>
Масата се доставя разглобена и е лесна за сглобяване, тъй като всички необходими части са включени в пакета.<br>
**Точният цвят на продукта може леко да се различава от реалния поради различни настройки на монитора.",Europe,,Маси,"RelatedColor_Champagne, RelatedColor_Сив, Градински маси за кафе",true,Title,Default Title,,,,,,,,0603191,5000.0,shopify,8,deny,manual,19.75,31.99,true,true,,,,,5208067151351,https://cdn.shopify.com/s/files/1/0925/7041/9533/files/trapezi-boithitiko-fb9606703-metalliko-m.jpg?v=1773164283,1,КАФЕНА МАСА FIGO МЕТАЛ В ЧЕРНО-ЗАКАЛЕНО СТЪКЛО 45x45x51см ВИС.,false,,,,,,,,,,,,,,,,,,,,kg,,,active
mc-73007,,,,,,,,,,,,,,,,,,,,,,,,,,,,,,,,https://cdn.shopify.com/s/files/1/0925/7041/9533/files/trapezi-boithitiko-fb9606703-metalliko-m-1.jpg?v=1773164283,2,КАФЕНА МАСА FIGO МЕТАЛ В ЧЕРНО-ЗАКАЛЕНО СТЪКЛО 45x45x51см ВИС.,,,,,,,,,,,,,,,,,,,,,,,,
mc-73007,,,,,,,,,,,,,,,,,,,,,,,,,,,,,,,,https://cdn.shopify.com/s/files/1/0925/7041/9533/files/trapezi-boithitiko-fb9606703-metalliko-m-2.jpg?v=1773164285,3,КАФЕНА МАСА FIGO МЕТАЛ В ЧЕРНО-ЗАКАЛЕНО СТЪКЛО 45x45x51см ВИС.,,,,,,,,,,,,,,,,,,,,,,,,
mc-73007,,,,,,,,,,,,,,,,,,,,,,,,,,,,,,,,https://cdn.shopify.com/s/files/1/0925/7041/9533/files/trapezi-boithitiko-fb9606703-metalliko-m-3.jpg?v=1773164283,4,КАФЕНА МАСА FIGO МЕТАЛ В ЧЕРНО-ЗАКАЛЕНО СТЪКЛО 45x45x51см ВИС.,,,,,,,,,,,,,,,,,,,,,,,,
mc-73007,,,,,,,,,,,,,,,,,,,,,,,,,,,,,,,,https://cdn.shopify.com/s/files/1/0925/7041/9533/files/trapezi-boithitiko-fb9606703-metalliko-m-4.jpg?v=1773164284,5,КАФЕНА МАСА FIGO МЕТАЛ В ЧЕРНО-ЗАКАЛЕНО СТЪКЛО 45x45x51см ВИС.,,,,,,,,,,,,,,,,,,,,,,,,
mc-73007,,,,,,,,,,,,,,,,,,,,,,,,,,,,,,,,https://cdn.shopify.com/s/files/1/0925/7041/9533/files/trapezi-boithitiko-fb9606703-metalliko-m-5.jpg?v=1773164283,6,КАФЕНА МАСА FIGO МЕТАЛ В ЧЕРНО-ЗАКАЛЕНО СТЪКЛО 45x45x51см ВИС.,,,,,,,,,,,,,,,,,,,,,,,,
mc-73007,,,,,,,,,,,,,,,,,,,,,,,,,,,,,,,,https://cdn.shopify.com/s/files/1/0925/7041/9533/files/trapezi-boithitiko-fb9606703-metalliko-m-6.jpg?v=1773164283,7,КАФЕНА МАСА FIGO МЕТАЛ В ЧЕРНО-ЗАКАЛЕНО СТЪКЛО 45x45x51см ВИС.,,,,,,,,,,,,,,,,,,,,,,,,
mc-73007,,,,,,,,,,,,,,,,,,,,,,,,,,,,,,,,https://cdn.shopify.com/s/files/1/0925/7041/9533/files/trapezi-boithitiko-fb9606703-metalliko-m-7.jpg?v=1773164283,8,КАФЕНА МАСА FIGO МЕТАЛ В ЧЕРНО-ЗАКАЛЕНО СТЪКЛО 45x45x51см ВИС.,,,,,,,,,,,,,,,,,,,,,,,,
mc-73006,КАФЕНА МАСА FIGO МЕТАЛ В ЦВЯТ ШАМПАНСКО-ЗАКАЛЕНО СТЪКЛО 45x45x51см ВИС.,"Външната кафе маса FIGO в цвят ШАМПАНСКО е ниска, квадратна с заоблени ъгли и извити крака. Това е много популярен модел, който липсва почти на никоя тераса или градина. Тази малка маса е подходяща и за ограничени пространства, като тераси или малки дворове.<br>
<br>
РАЗМЕРИ:<br>
45x45x51H см.<br>
Разстояние между краката: 40x40 см<br>
Метална рамка: Φ24x0.8 мм дебелина<br>
<br>
МАТЕРИАЛИ ЗА ИЗРАБОТКА:<br>
Рамката е метална с прахово покритие. Праховото покритие е сух процес на нанасяне, използван като метално покритие. Праховото покритие се нанася като сух прах чрез електростатичен процес, след което се втвърдява с топлина.<br>
Плотът е изработен от закалено стъкло или безопасно стъкло.<br>
Закаленото или усилено стъкло е вид безопасно стъкло, което е около четири пъти по-здраво от обикновеното стъкло. За разлика от обикновеното стъкло, което може да се счупи на остри парчета, закаленото стъкло се чупи на малки, относително безвредни гранулирани парчета. Поради това закаленото стъкло се използва в среди, където безопасността на хората е важна, като домашни приложения и др.<br>
<br>
ПОДДРЪЖКА:<br>
От горното е ясно, че не е необходима специална поддръжка. Достатъчно е почистване с влажна кърпа или дори със специални почистващи препарати.<br>
<br>
ПРЕДИМСТВА:<br>
• Класически и вечен дизайн<br>
• Лесна поддръжка<br>
• Качествени материали<br>
• Отлично съотношение цена-качество<br>
<br>
Масата се доставя разглобена и е лесна за сглобяване, тъй като всички необходими части са включени в опаковката.<br>
**Точното цветопредаване на продукта може да се различава леко от реалния продукт поради различните настройки на монитора.",Europe,,Маси,"RelatedColor_Сив, RelatedColor_Черен, Градински маси за кафе",true,Title,Default Title,,,,,,,,0603190,5000.0,shopify,0,deny,manual,19.75,31.99,true,true,,,,,5208067151368,https://cdn.shopify.com/s/files/1/0925/7041/9533/files/trapezi-boithitiko-fb9606704-metalliko-s.jpg?v=1773164282,1,КАФЕНА МАСА FIGO МЕТАЛ В ЦВЯТ ШАМПАНСКО-ЗАКАЛЕНО СТЪКЛО 45x45x51см ВИС.,false,,,,,,,,,,,,,,,,,,,,kg,,,active
mc-73006,,,,,,,,,,,,,,,,,,,,,,,,,,,,,,,,https://cdn.shopify.com/s/files/1/0925/7041/9533/files/trapezi-boithitiko-fb9606704-metalliko-s-1.jpg?v=1773164282,2,КАФЕНА МАСА FIGO МЕТАЛ В ЦВЯТ ШАМПАНСКО-ЗАКАЛЕНО СТЪКЛО 45x45x51см ВИС.,,,,,,,,,,,,,,,,,,,,,,,,
mc-73006,,,,,,,,,,,,,,,,,,,,,,,,,,,,,,,,https://cdn.shopify.com/s/files/1/0925/7041/9533/files/trapezi-boithitiko-fb9606704-metalliko-s-2.jpg?v=1773164282,3,КАФЕНА МАСА FIGO МЕТАЛ В ЦВЯТ ШАМПАНСКО-ЗАКАЛЕНО СТЪКЛО 45x45x51см ВИС.,,,,,,,,,,,,,,,,,,,,,,,,
mc-73006,,,,,,,,,,,,,,,,,,,,,,,,,,,,,,,,https://cdn.shopify.com/s/files/1/0925/7041/9533/files/trapezi-boithitiko-fb9606704-metalliko-s-3.jpg?v=1773164282,4,КАФЕНА МАСА FIGO МЕТАЛ В ЦВЯТ ШАМПАНСКО-ЗАКАЛЕНО СТЪКЛО 45x45x51см ВИС.,,,,,,,,,,,,,,,,,,,,,,,,
mc-73006,,,,,,,,,,,,,,,,,,,,,,,,,,,,,,,,https://cdn.shopify.com/s/files/1/0925/7041/9533/files/trapezi-boithitiko-fb9606704-metalliko-s-4.jpg?v=1773164283,5,КАФЕНА МАСА FIGO МЕТАЛ В ЦВЯТ ШАМПАНСКО-ЗАКАЛЕНО СТЪКЛО 45x45x51см ВИС.,,,,,,,,,,,,,,,,,,,,,,,,
mc-73006,,,,,,,,,,,,,,,,,,,,,,,,,,,,,,,,https://cdn.shopify.com/s/files/1/0925/7041/9533/files/trapezi-boithitiko-fb9606704-metalliko-s-5.jpg?v=1773164282,6,КАФЕНА МАСА FIGO МЕТАЛ В ЦВЯТ ШАМПАНСКО-ЗАКАЛЕНО СТЪКЛО 45x45x51см ВИС.,,,,,,,,,,,,,,,,,,,,,,,,
mc-73006,,,,,,,,,,,,,,,,,,,,,,,,,,,,,,,,https://cdn.shopify.com/s/files/1/0925/7041/9533/files/trapezi-boithitiko-fb9606704-metalliko-s-6.jpg?v=1773164282,7,КАФЕНА МАСА FIGO МЕТАЛ В ЦВЯТ ШАМПАНСКО-ЗАКАЛЕНО СТЪКЛО 45x45x51см ВИС.,,,,,,,,,,,,,,,,,,,,,,,,
mc-72943,Сгъваем стол за външна употреба MAG кафяв метал и кафява текстилен 45x51x81Hcm.,"Стол MAG е без подлакътници, но с красив и семпъл дизайн. Основната характеристика на този стол е, че е сгъваем и по този начин лесно се съхранява, заемайки малко място. Рамката му е метална в кафяв цвят, а както облегалката с нормална височина, така и седалката са изработени от текстилен плат, също в кафяв цвят. Хубавата особеност на този стол е, че рамката в частта на облегалката е извита, образувайки дискретна дръжка за носене.<br>
<br>
РАЗМЕРИ:<br>
45x51x81H см.<br>
Размери на седалката: 41x38 см.<br>
Размери на облегалката: 45x24 см.<br>
Височина на седалката: 47 см.<br>
Разстояние между краката: 45x44 см.<br>
Метални спецификации: 30x15xT0.8 мм<br>
<br>
МАТЕРИАЛИ НА КОНСТРУКЦИЯТА:<br>
Рамката на стола е метална с прахово покритие, а текстилената материя е с 1X1 спецификация. Текстиленът е плътен, здрав и издръжлив полиестерен плат. Това означава, че е изработен от полиестерни нишки, покрити с PVC.<br>
<br>
ПОДДРЪЖКА:<br>
Нуждае се само от почистване на прах и при необходимост почистване с влажна кърпа.<br>
<br>
ПРЕДИМСТВА:<br>
• Качествена конструкция<br>
• Сгъваем за спестяване на място и лесен транспорт<br>
• Добро съотношение цена-качество<br>
• Доставя се готов за употреба<br>
<br>
**Точният цвят на продукта може да се различава леко от реалния поради различни настройки на монитора.",Europe,,Столове-Фотьойли,"RelatedColor_Сив, Градински столове",true,Title,Default Title,,,,,,,,0615244,3250.0,shopify,394,deny,manual,21.25,34.41,true,true,,,,,5208067143073,https://cdn.shopify.com/s/files/1/0925/7041/9533/files/ptyssomeni-karekla-fb9597102-kafe-metall.jpg?v=1773155455,1,Сгъваем стол за външна употреба MAG кафяв метал и кафява текстилен 45x51x81Hcm.,false,,,,,,,,,,,,,,,,,,,,kg,,,active
mc-72943,,,,,,,,,,,,,,,,,,,,,,,,,,,,,,,,https://cdn.shopify.com/s/files/1/0925/7041/9533/files/ptyssomeni-karekla-fb9597102-kafe-metall-1.jpg?v=1773155455,2,Сгъваем стол за външна употреба MAG кафяв метал и кафява текстилен 45x51x81Hcm.,,,,,,,,,,,,,,,,,,,,,,,,
mc-72943,,,,,,,,,,,,,,,,,,,,,,,,,,,,,,,,https://cdn.shopify.com/s/files/1/0925/7041/9533/files/ptyssomeni-karekla-fb9597102-kafe-metall-2.jpg?v=1773155455,3,Сгъваем стол за външна употреба MAG кафяв метал и кафява текстилен 45x51x81Hcm.,,,,,,,,,,,,,,,,,,,,,,,,
mc-72943,,,,,,,,,,,,,,,,,,,,,,,,,,,,,,,,https://cdn.shopify.com/s/files/1/0925/7041/9533/files/ptyssomeni-karekla-fb9597102-kafe-metall-3.jpg?v=1773155455,4,Сгъваем стол за външна употреба MAG кафяв метал и кафява текстилен 45x51x81Hcm.,,,,,,,,,,,,,,,,,,,,,,,,
mc-72943,,,,,,,,,,,,,,,,,,,,,,,,,,,,,,,,https://cdn.shopify.com/s/files/1/0925/7041/9533/files/ptyssomeni-karekla-fb9597102-kafe-metall-4.jpg?v=1773155456,5,Сгъваем стол за външна употреба MAG кафяв метал и кафява текстилен 45x51x81Hcm.,,,,,,,,,,,,,,,,,,,,,,,,
mc-72943,,,,,,,,,,,,,,,,,,,,,,,,,,,,,,,,https://cdn.shopify.com/s/files/1/0925/7041/9533/files/ptyssomeni-karekla-fb9597102-kafe-metall-5.jpg?v=1773155455,6,Сгъваем стол за външна употреба MAG кафяв метал и кафява текстилен 45x51x81Hcm.,,,,,,,,,,,,,,,,,,,,,,,,
mc-72943,,,,,,,,,,,,,,,,,,,,,,,,,,,,,,,,https://cdn.shopify.com/s/files/1/0925/7041/9533/files/ptyssomeni-karekla-fb9597102-kafe-metall-6.jpg?v=1773155456,7,Сгъваем стол за външна употреба MAG кафяв метал и кафява текстилен 45x51x81Hcm.,,,,,,,,,,,,,,,,,,,,,,,,
mc-72943,,,,,,,,,,,,,,,,,,,,,,,,,,,,,,,,https://cdn.shopify.com/s/files/1/0925/7041/9533/files/ptyssomeni-karekla-fb9597102-kafe-metall-7.jpg?v=1773155456,8,Сгъваем стол за външна употреба MAG кафяв метал и кафява текстилен 45x51x81Hcm.,,,,,,,,,,,,,,,,,,,,,,,,
mc-72943,,,,,,,,,,,,,,,,,,,,,,,,,,,,,,,,https://cdn.shopify.com/s/files/1/0925/7041/9533/files/ptyssomeni-karekla-fb9597102-kafe-metall-8.jpg?v=1773155455,9,Сгъваем стол за външна употреба MAG кафяв метал и кафява текстилен 45x51x81Hcm.,,,,,,,,,,,,,,,,,,,,,,,,
mc-72942,Сгъваем стол за външна употреба MAG сив метал и сива текстилен 45x51x81Hcm.,"Стол MAG е без подлакътници, но с красив и семпъл дизайн. Основната характеристика на този стол е, че е сгъваем и по този начин лесно се съхранява, заемайки малко място. Рамката му е метална в сив цвят, а както облегалката с нормална височина, така и седалката са изработени от текстилен плат, също в сив цвят. Хубавата особеност на този стол е, че рамката в частта на облегалката е извита, образувайки дискретна дръжка за носене.<br>
<br>
РАЗМЕРИ:<br>
45x51x81H см.<br>
Размери на седалката: 41x38 см.<br>
Размери на облегалката: 45x24 см.<br>
Височина на седалката: 47 см.<br>
Разстояние между краката: 45x44 см.<br>
Метални спецификации: 30x15xT0.8 мм<br>
<br>
МАТЕРИАЛИ НА КОНСТРУКЦИЯТА:<br>
Рамката на стола е метална с прахово покритие, а текстилената материя е с 1X1 спецификация. Текстиленът е плътен, здрав и издръжлив полиестерен плат. Това означава, че е изработен от полиестерни нишки, покрити с PVC.<br>
<br>
ПОДДРЪЖКА:<br>
Нуждае се само от почистване на прах и при необходимост почистване с влажна кърпа.<br>
<br>
ПРЕДИМСТВА:<br>
• Качествена конструкция<br>
• Сгъваем за спестяване на място и лесен транспорт<br>
• Добро съотношение цена-качество<br>
• Доставя се готов за употреба<br>
<br>
**Точният цвят на продукта може да се различава леко от реалния поради различни настройки на монитора.",Europe,,Столове-Фотьойли,"RelatedColor_Кафяв, Градински столове",true,Title,Default Title,,,,,,,,0615243,3250.0,shopify,338,deny,manual,21.25,34.41,true,true,,,,,5208067143066,https://cdn.shopify.com/s/files/1/0925/7041/9533/files/ptyssomeni-karekla-fb9597101-gkri-metall.jpg?v=1773155454,1,Сгъваем стол за външна употреба MAG сив метал и сива текстилен 45x51x81Hcm.,false,,,,,,,,,,,,,,,,,,,,kg,,,active
mc-72942,,,,,,,,,,,,,,,,,,,,,,,,,,,,,,,,https://cdn.shopify.com/s/files/1/0925/7041/9533/files/ptyssomeni-karekla-fb9597101-gkri-metall-1.jpg?v=1773155455,2,Сгъваем стол за външна употреба MAG сив метал и сива текстилен 45x51x81Hcm.,,,,,,,,,,,,,,,,,,,,,,,,
mc-72942,,,,,,,,,,,,,,,,,,,,,,,,,,,,,,,,https://cdn.shopify.com/s/files/1/0925/7041/9533/files/ptyssomeni-karekla-fb9597101-gkri-metall-2.jpg?v=1773155454,3,Сгъваем стол за външна употреба MAG сив метал и сива текстилен 45x51x81Hcm.,,,,,,,,,,,,,,,,,,,,,,,,
mc-72942,,,,,,,,,,,,,,,,,,,,,,,,,,,,,,,,https://cdn.shopify.com/s/files/1/0925/7041/9533/files/ptyssomeni-karekla-fb9597101-gkri-metall-3.jpg?v=1773155454,4,Сгъваем стол за външна употреба MAG сив метал и сива текстилен 45x51x81Hcm.,,,,,,,,,,,,,,,,,,,,,,,,
mc-72942,,,,,,,,,,,,,,,,,,,,,,,,,,,,,,,,https://cdn.shopify.com/s/files/1/0925/7041/9533/files/ptyssomeni-karekla-fb9597101-gkri-metall-4.jpg?v=1773155454,5,Сгъваем стол за външна употреба MAG сив метал и сива текстилен 45x51x81Hcm.,,,,,,,,,,,,,,,,,,,,,,,,
mc-72942,,,,,,,,,,,,,,,,,,,,,,,,,,,,,,,,https://cdn.shopify.com/s/files/1/0925/7041/9533/files/ptyssomeni-karekla-fb9597101-gkri-metall-5.jpg?v=1773155454,6,Сгъваем стол за външна употреба MAG сив метал и сива текстилен 45x51x81Hcm.,,,,,,,,,,,,,,,,,,,,,,,,
mc-72942,,,,,,,,,,,,,,,,,,,,,,,,,,,,,,,,https://cdn.shopify.com/s/files/1/0925/7041/9533/files/ptyssomeni-karekla-fb9597101-gkri-metall-6.jpg?v=1773155456,7,Сгъваем стол за външна употреба MAG сив метал и сива текстилен 45x51x81Hcm.,,,,,,,,,,,,,,,,,,,,,,,,
mc-72942,,,,,,,,,,,,,,,,,,,,,,,,,,,,,,,,https://cdn.shopify.com/s/files/1/0925/7041/9533/files/ptyssomeni-karekla-fb9597101-gkri-metall-7.jpg?v=1773155455,8,Сгъваем стол за външна употреба MAG сив метал и сива текстилен 45x51x81Hcm.,,,,,,,,,,,,,,,,,,,,,,,,
mc-72942,,,,,,,,,,,,,,,,,,,,,,,,,,,,,,,,https://cdn.shopify.com/s/files/1/0925/7041/9533/files/ptyssomeni-karekla-fb9597101-gkri-metall-8.jpg?v=1773155454,9,Сгъваем стол за външна употреба MAG сив метал и сива текстилен 45x51x81Hcm.,,,,,,,,,,,,,,,,,,,,,,,,
mc-72942,,,,,,,,,,,,,,,,,,,,,,,,,,,,,,,,https://cdn.shopify.com/s/files/1/0925/7041/9533/files/ptyssomeni-karekla-fb9597101-gkri-metall-9.jpg?v=1773155454,10,Сгъваем стол за външна употреба MAG сив метал и сива текстилен 45x51x81Hcm.,,,,,,,,,,,,,,,,,,,,,,,,
mc-72883,"Полукръгла маса LIMA метал кафяв с плот от стъкло 70x40x64,5Hсм.","LIMA, в кафяв цвят на рамката, е маса с форма на полукръг (половин кръг) с плот от прозрачно закалено стъкло. Стъклото се поддържа от 3 метални крака с красива, извита подредба. Маса, специално направена за малки и тесни пространства, която може да се постави до стени и парапети, спестявайки място!<br>
<br>
РАЗМЕРИ:<br>
70x40x64.5H см.<br>
Разстояние между краката: 73x57-57 см.<br>
<br>
МАТЕРИАЛИ НА КОНСТРУКЦИЯТА:<br>
Краката са метални и имат пластмасови капачки отдолу за защита на подовете.<br>
<br>
Характерното за тази маса е нейната повърхност. Тя е изработена от закалено стъкло или стъкло за безопасност.<br>
Закаленото стъкло е вид безопасно стъкло, което е около четири пъти по-здраво от обикновеното стъкло. За разлика от обикновеното стъкло, което при счупване се разпада на остри парчета, закаленото стъкло се чупи на малки, относително безвредни гранулирани частици. Поради това закаленото стъкло се използва в среди, където безопасността на хората е важна, като домашни приложения и др.<br>
<br>
ПОДДРЪЖКА:<br>
От горното е ясно, че не е необходима специална поддръжка. Достатъчно е почистване с влажна кърпа или дори със специални почистващи препарати.<br>
<br>
*Продуктът се доставя разглобен в заводска опаковка<br>
** Цветопредаването на продукта може да се различава леко от фотографското му представяне на вашия екран.",Europe,,Маси,"RelatedColor_Сив, Градински маси, Градински маси за кафе",true,Title,Default Title,,,,,,,,0603163,5500.0,shopify,210,deny,manual,27.18,44.02,true,true,,,,,5208067142984,https://cdn.shopify.com/s/files/1/0925/7041/9533/files/trapezi-imikykliko-fb9596702-metalliko-k.jpg?v=1773155408,1,"Полукръгла маса LIMA метал кафяв с плот от стъкло 70x40x64,5Hсм.",false,,,,,,,,,,,,,,,,,,,,kg,,,active
mc-72883,,,,,,,,,,,,,,,,,,,,,,,,,,,,,,,,https://cdn.shopify.com/s/files/1/0925/7041/9533/files/trapezi-imikykliko-fb9596702-metalliko-k-1.jpg?v=1773155408,2,"Полукръгла маса LIMA метал кафяв с плот от стъкло 70x40x64,5Hсм.",,,,,,,,,,,,,,,,,,,,,,,,
mc-72883,,,,,,,,,,,,,,,,,,,,,,,,,,,,,,,,https://cdn.shopify.com/s/files/1/0925/7041/9533/files/trapezi-imikykliko-fb9596702-metalliko-k-2.jpg?v=1773155409,3,"Полукръгла маса LIMA метал кафяв с плот от стъкло 70x40x64,5Hсм.",,,,,,,,,,,,,,,,,,,,,,,,
mc-72883,,,,,,,,,,,,,,,,,,,,,,,,,,,,,,,,https://cdn.shopify.com/s/files/1/0925/7041/9533/files/trapezi-imikykliko-fb9596702-metalliko-k-3.jpg?v=1773155408,4,"Полукръгла маса LIMA метал кафяв с плот от стъкло 70x40x64,5Hсм.",,,,,,,,,,,,,,,,,,,,,,,,
mc-72883,,,,,,,,,,,,,,,,,,,,,,,,,,,,,,,,https://cdn.shopify.com/s/files/1/0925/7041/9533/files/trapezi-imikykliko-fb9596702-metalliko-k-4.jpg?v=1773155408,5,"Полукръгла маса LIMA метал кафяв с плот от стъкло 70x40x64,5Hсм.",,,,,,,,,,,,,,,,,,,,,,,,
mc-72883,,,,,,,,,,,,,,,,,,,,,,,,,,,,,,,,https://cdn.shopify.com/s/files/1/0925/7041/9533/files/trapezi-imikykliko-fb9596702-metalliko-k-5.jpg?v=1773155408,6,"Полукръгла маса LIMA метал кафяв с плот от стъкло 70x40x64,5Hсм.",,,,,,,,,,,,,,,,,,,,,,,,
mc-72883,,,,,,,,,,,,,,,,,,,,,,,,,,,,,,,,https://cdn.shopify.com/s/files/1/0925/7041/9533/files/trapezi-imikykliko-fb9596702-metalliko-k-6.jpg?v=1773155407,7,"Полукръгла маса LIMA метал кафяв с плот от стъкло 70x40x64,5Hсм.",,,,,,,,,,,,,,,,,,,,,,,,
mc-72883,,,,,,,,,,,,,,,,,,,,,,,,,,,,,,,,https://cdn.shopify.com/s/files/1/0925/7041/9533/files/trapezi-imikykliko-fb9596702-metalliko-k-7.jpg?v=1773155408,8,"Полукръгла маса LIMA метал кафяв с плот от стъкло 70x40x64,5Hсм.",,,,,,,,,,,,,,,,,,,,,,,,
mc-72882,"Полукръгла маса LIMA метал сив с плот от стъкло 70x40x64,5Hсм.","LIMA, в сив цвят на рамката, е маса с форма на полукръг (половин кръг) с плот от прозрачно закалено стъкло. Стъклото се поддържа от 3 метални крака с красива, извита подредба. Маса, специално направена за малки и тесни пространства, която може да се постави до стени и парапети, спестявайки място!<br>
<br>
РАЗМЕРИ:<br>
70x40x64.5H см.<br>
Разстояние между краката: 73x57-57 см.<br>
<br>
МАТЕРИАЛИ НА КОНСТРУКЦИЯТА:<br>
Краката са метални и имат пластмасови капачки отдолу за защита на подовете.<br>
<br>
Характерното за тази маса е нейната повърхност. Тя е изработена от закалено стъкло или стъкло за безопасност.<br>
Закаленото стъкло е вид безопасно стъкло, което е около четири пъти по-здраво от обикновеното стъкло. За разлика от обикновеното стъкло, което при счупване се разпада на остри парчета, закаленото стъкло се чупи на малки, относително безвредни гранулирани частици. Поради това закаленото стъкло се използва в среди, където безопасността на хората е важна, като домашни приложения и др.<br>
<br>
ПОДДРЪЖКА:<br>
От горното е ясно, че не е необходима специална поддръжка. Достатъчно е почистване с влажна кърпа или дори със специални почистващи препарати.<br>
<br>
*Продуктът се доставя разглобен в заводска опаковка<br>
** Цветопредаването на продукта може да се различава леко от фотографското му представяне на вашия екран.",Europe,,Маси,"RelatedColor_Кафяв, Градински маси, Градински маси за кафе",true,Title,Default Title,,,,,,,,0603162,5500.0,shopify,210,deny,manual,27.18,44.02,true,true,,,,,5208067142977,https://cdn.shopify.com/s/files/1/0925/7041/9533/files/trapezi-imikykliko-fb9596701-metalliko-g.jpg?v=1773155407,1,"Полукръгла маса LIMA метал сив с плот от стъкло 70x40x64,5Hсм.",false,,,,,,,,,,,,,,,,,,,,kg,,,active
mc-72882,,,,,,,,,,,,,,,,,,,,,,,,,,,,,,,,https://cdn.shopify.com/s/files/1/0925/7041/9533/files/trapezi-imikykliko-fb9596701-metalliko-g-1.jpg?v=1773155408,2,"Полукръгла маса LIMA метал сив с плот от стъкло 70x40x64,5Hсм.",,,,,,,,,,,,,,,,,,,,,,,,
mc-72882,,,,,,,,,,,,,,,,,,,,,,,,,,,,,,,,https://cdn.shopify.com/s/files/1/0925/7041/9533/files/trapezi-imikykliko-fb9596701-metalliko-g-2.jpg?v=1773155407,3,"Полукръгла маса LIMA метал сив с плот от стъкло 70x40x64,5Hсм.",,,,,,,,,,,,,,,,,,,,,,,,
mc-72882,,,,,,,,,,,,,,,,,,,,,,,,,,,,,,,,https://cdn.shopify.com/s/files/1/0925/7041/9533/files/trapezi-imikykliko-fb9596701-metalliko-g-3.jpg?v=1773155407,4,"Полукръгла маса LIMA метал сив с плот от стъкло 70x40x64,5Hсм.",,,,,,,,,,,,,,,,,,,,,,,,
mc-72882,,,,,,,,,,,,,,,,,,,,,,,,,,,,,,,,https://cdn.shopify.com/s/files/1/0925/7041/9533/files/trapezi-imikykliko-fb9596701-metalliko-g-4.jpg?v=1773155407,5,"Полукръгла маса LIMA метал сив с плот от стъкло 70x40x64,5Hсм.",,,,,,,,,,,,,,,,,,,,,,,,
mc-72882,,,,,,,,,,,,,,,,,,,,,,,,,,,,,,,,https://cdn.shopify.com/s/files/1/0925/7041/9533/files/trapezi-imikykliko-fb9596701-metalliko-g-5.jpg?v=1773155407,6,"Полукръгла маса LIMA метал сив с плот от стъкло 70x40x64,5Hсм.",,,,,,,,,,,,,,,,,,,,,,,,
mc-72882,,,,,,,,,,,,,,,,,,,,,,,,,,,,,,,,https://cdn.shopify.com/s/files/1/0925/7041/9533/files/trapezi-imikykliko-fb9596701-metalliko-g-6.jpg?v=1773155406,7,"Полукръгла маса LIMA метал сив с плот от стъкло 70x40x64,5Hсм.",,,,,,,,,,,,,,,,,,,,,,,,
mc-72864,Външна квадратна маса FIGO кафяв метал - плот от стъкло 80x80x71Hсм.,"Градинската маса FIGO в КАФЯВ цвят е квадратна с заоблени ъгли и извити крака. Това е много популярна маса, която не липсва почти на никоя тераса или градина. Тази маса е най-голяма по размери от серията FIGO и както по-малките й версии, няма отвор за чадър.<br>
<br>
РАЗМЕРИ:<br>
80x80x71H см.<br>
Разстояние между краката: 66x66 см.<br>
Метална рамка: Φ25x0.8мм дебела<br>
<br>
МАТЕРИАЛИ ЗА ИЗРАБОТКА:<br>
Рамката е метална с прахово покритие. Праховото покритие е сух процес на нанасяне, използван като метално покритие. Праховото покритие се нанася като сух прах чрез електростатичен процес, след което се втвърдява с топлина.<br>
Плотът е изработен от закалено или безопасно стъкло. Закаленото или усилено стъкло е вид безопасно стъкло, което е около четири пъти по-здраво от обикновеното стъкло. И за разлика от обикновеното стъкло, което при счупване се разпада на остри парчета, закаленото стъкло се чупи на малки, относително безвредни гранулирани частици. Поради това закаленото стъкло се използва в среди, където безопасността на хората е важна, като домашни приложения и др.<br>
<br>
ПОДДРЪЖКА:<br>
От горното е ясно, че не е необходима специална поддръжка. Достатъчно е почистване с влажна кърпа или дори със специални почистващи препарати.<br>
<br>
ПРЕДИМСТВА:<br>
• Класически и вечен дизайн<br>
• Лесна поддръжка<br>
• Качествени материали за изработка<br>
• Отлично съотношение цена-качество<br>
<br>
Масата се доставя разглобена и е лесна за сглобяване, тъй като всички необходими части са включени в опаковката.<br>
**Точният цвят на продукта може леко да се различава от реалния поради различните настройки на монитора.",Europe,,Маси,"RelatedColor_Черен, Градински маси, Градински маси за кафе",true,Title,Default Title,,,,,,,,0603172,12500.0,shopify,103,deny,manual,47.86,77.50,true,true,,,,,,https://cdn.shopify.com/s/files/1/0925/7041/9533/files/trapezi-exotchoroy-fb9597202-metallo-kaf.jpg?v=1773155395,1,Външна квадратна маса FIGO кафяв метал - плот от стъкло 80x80x71Hсм.,false,,,,,,,,,,,,,,,,,,,,kg,,,active
mc-72864,,,,,,,,,,,,,,,,,,,,,,,,,,,,,,,,https://cdn.shopify.com/s/files/1/0925/7041/9533/files/trapezi-exotchoroy-fb9597202-metallo-kaf-1.jpg?v=1773155395,2,Външна квадратна маса FIGO кафяв метал - плот от стъкло 80x80x71Hсм.,,,,,,,,,,,,,,,,,,,,,,,,
mc-72864,,,,,,,,,,,,,,,,,,,,,,,,,,,,,,,,https://cdn.shopify.com/s/files/1/0925/7041/9533/files/trapezi-exotchoroy-fb9597202-metallo-kaf-2.jpg?v=1773155395,3,Външна квадратна маса FIGO кафяв метал - плот от стъкло 80x80x71Hсм.,,,,,,,,,,,,,,,,,,,,,,,,
mc-72864,,,,,,,,,,,,,,,,,,,,,,,,,,,,,,,,https://cdn.shopify.com/s/files/1/0925/7041/9533/files/trapezi-exotchoroy-fb9597202-metallo-kaf-3.jpg?v=1773155395,4,Външна квадратна маса FIGO кафяв метал - плот от стъкло 80x80x71Hсм.,,,,,,,,,,,,,,,,,,,,,,,,
mc-72864,,,,,,,,,,,,,,,,,,,,,,,,,,,,,,,,https://cdn.shopify.com/s/files/1/0925/7041/9533/files/trapezi-exotchoroy-fb9597202-metallo-kaf-4.jpg?v=1773155395,5,Външна квадратна маса FIGO кафяв метал - плот от стъкло 80x80x71Hсм.,,,,,,,,,,,,,,,,,,,,,,,,
mc-72864,,,,,,,,,,,,,,,,,,,,,,,,,,,,,,,,https://cdn.shopify.com/s/files/1/0925/7041/9533/files/trapezi-exotchoroy-fb9597202-metallo-kaf-5.jpg?v=1773155395,6,Външна квадратна маса FIGO кафяв метал - плот от стъкло 80x80x71Hсм.,,,,,,,,,,,,,,,,,,,,,,,,
mc-72864,,,,,,,,,,,,,,,,,,,,,,,,,,,,,,,,https://cdn.shopify.com/s/files/1/0925/7041/9533/files/trapezi-exotchoroy-fb9597202-metallo-kaf-6.jpg?v=1773155395,7,Външна квадратна маса FIGO кафяв метал - плот от стъкло 80x80x71Hсм.,,,,,,,,,,,,,,,,,,,,,,,,
mc-72863,Външна квадратна маса FIGO черен метал - плот от стъкло 80x80x71Hсм.,"Градинската маса FIGO в ЧЕРЕН цвят е квадратна с заоблени ъгли и извити крака. Това е много популярна маса, която не липсва почти на никоя тераса или градина. Тази маса е най-голяма по размери от серията FIGO и както по-малките й версии, няма отвор за чадър.<br>
<br>
РАЗМЕРИ:<br>
80x80x71H см.<br>
Разстояние между краката: 66x66 см.<br>
Метална рамка: Φ25x0.8мм дебела<br>
<br>
МАТЕРИАЛИ ЗА ИЗРАБОТКА:<br>
Рамката е метална с прахово покритие. Праховото покритие е сух процес на нанасяне, използван като метално покритие. Праховото покритие се нанася като сух прах чрез електростатичен процес, след което се втвърдява с топлина.<br>
Плотът е изработен от закалено или безопасно стъкло. Закаленото или усилено стъкло е вид безопасно стъкло, което е около четири пъти по-здраво от обикновеното стъкло. И за разлика от обикновеното стъкло, което при счупване се разпада на остри парчета, закаленото стъкло се чупи на малки, относително безвредни гранулирани частици. Поради това закаленото стъкло се използва в среди, където безопасността на хората е важна, като домашни приложения и др.<br>
<br>
ПОДДРЪЖКА:<br>
От горното е ясно, че не е необходима специална поддръжка. Достатъчно е почистване с влажна кърпа или дори със специални почистващи препарати.<br>
<br>
ПРЕДИМСТВА:<br>
• Класически и вечен дизайн<br>
• Лесна поддръжка<br>
• Качествени материали за изработка<br>
• Отлично съотношение цена-качество<br>
<br>
Масата се доставя разглобена и е лесна за сглобяване, тъй като всички необходими части са включени в опаковката.<br>
**Точният цвят на продукта може леко да се различава от реалния поради различните настройки на монитора.",Europe,,Маси,"RelatedColor_Dark grey, RelatedColor_Кафяв, Градински маси, Градински маси за кафе",true,Title,Default Title,,,,,,,,0603171,12500.0,shopify,189,deny,manual,47.86,77.50,true,true,,,,,,https://cdn.shopify.com/s/files/1/0925/7041/9533/files/trapezi-exotchoroy-fb9597203-metallo-may.jpg?v=1773155394,1,Външна квадратна маса FIGO черен метал - плот от стъкло 80x80x71Hсм.,false,,,,,,,,,,,,,,,,,,,,kg,,,active
mc-72863,,,,,,,,,,,,,,,,,,,,,,,,,,,,,,,,https://cdn.shopify.com/s/files/1/0925/7041/9533/files/trapezi-exotchoroy-fb9597203-metallo-may-1.jpg?v=1773155394,2,Външна квадратна маса FIGO черен метал - плот от стъкло 80x80x71Hсм.,,,,,,,,,,,,,,,,,,,,,,,,
mc-72863,,,,,,,,,,,,,,,,,,,,,,,,,,,,,,,,https://cdn.shopify.com/s/files/1/0925/7041/9533/files/trapezi-exotchoroy-fb9597203-metallo-may-2.jpg?v=1773155394,3,Външна квадратна маса FIGO черен метал - плот от стъкло 80x80x71Hсм.,,,,,,,,,,,,,,,,,,,,,,,,
mc-72863,,,,,,,,,,,,,,,,,,,,,,,,,,,,,,,,https://cdn.shopify.com/s/files/1/0925/7041/9533/files/trapezi-exotchoroy-fb9597203-metallo-may-3.jpg?v=1773155394,4,Външна квадратна маса FIGO черен метал - плот от стъкло 80x80x71Hсм.,,,,,,,,,,,,,,,,,,,,,,,,
mc-72863,,,,,,,,,,,,,,,,,,,,,,,,,,,,,,,,https://cdn.shopify.com/s/files/1/0925/7041/9533/files/trapezi-exotchoroy-fb9597203-metallo-may-4.jpg?v=1773155395,5,Външна квадратна маса FIGO черен метал - плот от стъкло 80x80x71Hсм.,,,,,,,,,,,,,,,,,,,,,,,,
mc-72863,,,,,,,,,,,,,,,,,,,,,,,,,,,,,,,,https://cdn.shopify.com/s/files/1/0925/7041/9533/files/trapezi-exotchoroy-fb9597203-metallo-may-5.jpg?v=1773155394,6,Външна квадратна маса FIGO черен метал - плот от стъкло 80x80x71Hсм.,,,,,,,,,,,,,,,,,,,,,,,,
mc-72863,,,,,,,,,,,,,,,,,,,,,,,,,,,,,,,,https://cdn.shopify.com/s/files/1/0925/7041/9533/files/trapezi-exotchoroy-fb9597203-metallo-may-6.jpg?v=1773155394,7,Външна квадратна маса FIGO черен метал - плот от стъкло 80x80x71Hсм.,,,,,,,,,,,,,,,,,,,,,,,,
mc-72863,,,,,,,,,,,,,,,,,,,,,,,,,,,,,,,,https://cdn.shopify.com/s/files/1/0925/7041/9533/files/trapezi-exotchoroy-fb9597203-metallo-may-7.jpg?v=1773155394,8,Външна квадратна маса FIGO черен метал - плот от стъкло 80x80x71Hсм.,,,,,,,,,,,,,,,,,,,,,,,,
mc-72862,Външна квадратна маса FIGO сив метал - плот от стъкло 80x80x71Hсм.,"Външната маса FIGO в сив цвят е квадратна с заоблени ъгли и извити крака. Това е много популярна маса, която липсва в почти никой балкон или градина. Тази маса е най-голямата по размери от серията FIGO и както по-малките ѝ версии, няма отвор за чадър.<br>
<br>
РАЗМЕРИ:<br>
80x80x71H см.<br>
Разстояние между краката: 66x66 см.<br>
Метална рамка: Φ25x0.8 мм дебелина<br>
<br>
МАТЕРИАЛИ НА КОНСТРУКЦИЯТА:<br>
Рамката е метална с прахово покритие. Праховото покритие е сух процес на нанасяне на покритие, използван като метално покритие. Праховото покритие се нанася като сух прах чрез електростатичен процес, след което се втвърдява чрез нагряване.<br>
Плотът е изработен от закалено стъкло или безопасно стъкло. Закаленото или усилено стъкло е вид безопасно стъкло, което е около четири пъти по-здраво от обикновеното стъкло. За разлика от обикновеното стъкло, което може да се счупи на остри парчета, закаленото стъкло се чупи на малки, относително безвредни гранулирани парчета. Поради това закаленото стъкло се използва в среди, където безопасността на хората е важна, като домашни приложения и др.<br>
<br>
ПОДДРЪЖКА:<br>
От гореизложеното е ясно, че не се изисква специална поддръжка. Достатъчно е почистване с влажна кърпа или дори със специални почистващи препарати.<br>
<br>
ПРЕДИМСТВА:<br>
• Класически и вечен дизайн<br>
• Лесна поддръжка<br>
• Качествени материали<br>
• Отлично съотношение цена-качество<br>
<br>
Масата се доставя разглобена и е лесна за сглобяване, тъй като всички необходими части са включени в опаковката.<br>
** Точният цвят на продукта може да варира леко от реалния поради различни настройки на монитора.",Europe,,Маси,"RelatedColor_Кафяв, RelatedColor_Черен, Градински маси, Градински маси за кафе",true,Title,Default Title,,,,,,,,0603170,12500.0,shopify,318,deny,manual,47.86,77.50,true,true,,,,,5208067143141,https://cdn.shopify.com/s/files/1/0925/7041/9533/files/trapezi-exotchoroy-fb9597201-metallo-gkr.jpg?v=1773155392,1,Външна квадратна маса FIGO сив метал - плот от стъкло 80x80x71Hсм.,false,,,,,,,,,,,,,,,,,,,,kg,,,active
mc-72862,,,,,,,,,,,,,,,,,,,,,,,,,,,,,,,,https://cdn.shopify.com/s/files/1/0925/7041/9533/files/trapezi-exotchoroy-fb9597201-metallo-gkr-1.jpg?v=1773155392,2,Външна квадратна маса FIGO сив метал - плот от стъкло 80x80x71Hсм.,,,,,,,,,,,,,,,,,,,,,,,,
mc-72862,,,,,,,,,,,,,,,,,,,,,,,,,,,,,,,,https://cdn.shopify.com/s/files/1/0925/7041/9533/files/trapezi-exotchoroy-fb9597201-metallo-gkr-2.jpg?v=1773155392,3,Външна квадратна маса FIGO сив метал - плот от стъкло 80x80x71Hсм.,,,,,,,,,,,,,,,,,,,,,,,,
mc-72862,,,,,,,,,,,,,,,,,,,,,,,,,,,,,,,,https://cdn.shopify.com/s/files/1/0925/7041/9533/files/trapezi-exotchoroy-fb9597201-metallo-gkr-3.jpg?v=1773155393,4,Външна квадратна маса FIGO сив метал - плот от стъкло 80x80x71Hсм.,,,,,,,,,,,,,,,,,,,,,,,,
mc-72862,,,,,,,,,,,,,,,,,,,,,,,,,,,,,,,,https://cdn.shopify.com/s/files/1/0925/7041/9533/files/trapezi-exotchoroy-fb9597201-metallo-gkr-4.jpg?v=1773155393,5,Външна квадратна маса FIGO сив метал - плот от стъкло 80x80x71Hсм.,,,,,,,,,,,,,,,,,,,,,,,,
mc-72862,,,,,,,,,,,,,,,,,,,,,,,,,,,,,,,,https://cdn.shopify.com/s/files/1/0925/7041/9533/files/trapezi-exotchoroy-fb9597201-metallo-gkr-5.jpg?v=1773155393,6,Външна квадратна маса FIGO сив метал - плот от стъкло 80x80x71Hсм.,,,,,,,,,,,,,,,,,,,,,,,,
mc-72862,,,,,,,,,,,,,,,,,,,,,,,,,,,,,,,,https://cdn.shopify.com/s/files/1/0925/7041/9533/files/trapezi-exotchoroy-fb9597201-metallo-gkr-6.jpg?v=1773155392,7,Външна квадратна маса FIGO сив метал - плот от стъкло 80x80x71Hсм.,,,,,,,,,,,,,,,,,,,,,,,,
mc-72862,,,,,,,,,,,,,,,,,,,,,,,,,,,,,,,,https://cdn.shopify.com/s/files/1/0925/7041/9533/files/trapezi-exotchoroy-fb9597201-metallo-gkr-7.jpg?v=1773155392,8,Външна квадратна маса FIGO сив метал - плот от стъкло 80x80x71Hсм.,,,,,,,,,,,,,,,,,,,,,,,,
mc-72844,ВЪНШНА КВАДРАТНА МАСА FIGO ШАМПАНСКО МЕТАЛ-СТЪКЛЕН ПЛОТ 70Х70Х72.5См.,"Външната маса FIGO в цвят ШАМПАНСКО е квадратна с заоблени ъгли и извити крака. Това е много популярна маса, която не липсва почти на нито един балкон или градина. Масата е подходяща и за ограничени пространства, като балкони или малки дворове.<br>
<br>
РАЗМЕРИ:<br>
70x70x72.5H см.<br>
Разстояние между краката: 62x62 см.<br>
Метална рамка: Φ25x0.8мм дебелина<br>
<br>
МАТЕРИАЛИ ЗА ИЗРАБОТКА:<br>
Рамката е метална с прахово покритие. Праховото покритие е сух процес на нанасяне, използван като метално покритие. Праховото покритие се нанася като сух прах чрез електростатичен процес, след което се втвърдява с топлина.<br>
Плотът е изработен от закалено стъкло или безопасно стъкло. Закаленото или подсилено стъкло е вид безопасно стъкло, което е около четири пъти по-здраво от обикновеното стъкло. За разлика от обикновеното стъкло, което при счупване се разпада на остри парчета, закаленото стъкло се чупи на малки, относително безвредни гранулирани частици. Поради това закаленото стъкло се използва в среди, където безопасността на хората е важна, като домашни приложения и др.<br>
<br>
ПОДДРЪЖКА:<br>
От гореизложеното е ясно, че не е необходима специална поддръжка. Достатъчно е почистване с влажна кърпа или дори със специални почистващи препарати.<br>
<br>
ПРЕДИМСТВА:<br>
• Класически и вечен дизайн<br>
• Лесна поддръжка<br>
• Качествени материали за изработка<br>
• Отлично съотношение цена-качество<br>
<br>
Масата се доставя разглобена и е лесна за сглобяване, тъй като всички необходими части са включени в опаковката.<br>
**Точният цвят на продукта може да се различава леко от реалния поради различните настройки на монитора.",Europe,,Маси,"RelatedColor_Черен, Градински маси, Градински маси за кафе",true,Title,Default Title,,,,,,,,0603169,9500.0,shopify,43,deny,manual,34.74,56.26,true,true,,,,,5208067143134,https://cdn.shopify.com/s/files/1/0925/7041/9533/files/trapezi-exotchoroy-fb9503604-metallo-sam.jpg?v=1773155381,1,ВЪНШНА КВАДРАТНА МАСА FIGO ШАМПАНСКО МЕТАЛ-СТЪКЛЕН ПЛОТ 70Х70Х72.5См.,false,,,,,,,,,,,,,,,,,,,,kg,,,active
mc-72844,,,,,,,,,,,,,,,,,,,,,,,,,,,,,,,,https://cdn.shopify.com/s/files/1/0925/7041/9533/files/trapezi-exotchoroy-fb9503604-metallo-sam-1.jpg?v=1773155381,2,ВЪНШНА КВАДРАТНА МАСА FIGO ШАМПАНСКО МЕТАЛ-СТЪКЛЕН ПЛОТ 70Х70Х72.5См.,,,,,,,,,,,,,,,,,,,,,,,,
mc-72844,,,,,,,,,,,,,,,,,,,,,,,,,,,,,,,,https://cdn.shopify.com/s/files/1/0925/7041/9533/files/trapezi-exotchoroy-fb9503604-metallo-sam-2.jpg?v=1773155381,3,ВЪНШНА КВАДРАТНА МАСА FIGO ШАМПАНСКО МЕТАЛ-СТЪКЛЕН ПЛОТ 70Х70Х72.5См.,,,,,,,,,,,,,,,,,,,,,,,,
mc-72844,,,,,,,,,,,,,,,,,,,,,,,,,,,,,,,,https://cdn.shopify.com/s/files/1/0925/7041/9533/files/trapezi-exotchoroy-fb9503604-metallo-sam-3.jpg?v=1773155381,4,ВЪНШНА КВАДРАТНА МАСА FIGO ШАМПАНСКО МЕТАЛ-СТЪКЛЕН ПЛОТ 70Х70Х72.5См.,,,,,,,,,,,,,,,,,,,,,,,,
mc-72844,,,,,,,,,,,,,,,,,,,,,,,,,,,,,,,,https://cdn.shopify.com/s/files/1/0925/7041/9533/files/trapezi-exotchoroy-fb9503604-metallo-sam-4.jpg?v=1773155381,5,ВЪНШНА КВАДРАТНА МАСА FIGO ШАМПАНСКО МЕТАЛ-СТЪКЛЕН ПЛОТ 70Х70Х72.5См.,,,,,,,,,,,,,,,,,,,,,,,,
mc-72844,,,,,,,,,,,,,,,,,,,,,,,,,,,,,,,,https://cdn.shopify.com/s/files/1/0925/7041/9533/files/trapezi-exotchoroy-fb9503604-metallo-sam-5.jpg?v=1773155381,6,ВЪНШНА КВАДРАТНА МАСА FIGO ШАМПАНСКО МЕТАЛ-СТЪКЛЕН ПЛОТ 70Х70Х72.5См.,,,,,,,,,,,,,,,,,,,,,,,,
mc-72844,,,,,,,,,,,,,,,,,,,,,,,,,,,,,,,,https://cdn.shopify.com/s/files/1/0925/7041/9533/files/trapezi-exotchoroy-fb9503604-metallo-sam-6.jpg?v=1773155381,7,ВЪНШНА КВАДРАТНА МАСА FIGO ШАМПАНСКО МЕТАЛ-СТЪКЛЕН ПЛОТ 70Х70Х72.5См.,,,,,,,,,,,,,,,,,,,,,,,,
mc-72844,,,,,,,,,,,,,,,,,,,,,,,,,,,,,,,,https://cdn.shopify.com/s/files/1/0925/7041/9533/files/trapezi-exotchoroy-fb9503604-metallo-sam-7.jpg?v=1773155381,8,ВЪНШНА КВАДРАТНА МАСА FIGO ШАМПАНСКО МЕТАЛ-СТЪКЛЕН ПЛОТ 70Х70Х72.5См.,,,,,,,,,,,,,,,,,,,,,,,,
mc-72749,Външен фотьойл Хвар метален в черно 61x53x87Hсм.,"""Хвар"" външен фотьойл, изработен от метал в ЧЕРЕН цвят. Дизайнът му е прост с красиви извивки и много специални подлакътници, а фактът, че е лек и СТАПВАЕМ, го прави особено практичен, тъй като може лесно да се съхранява в най-малкото възможно пространство.<br>
<br>
РАЗМЕРИ:<br>
61x53x87H см.<br>
Размери на седалката: 40x41.5 см.<br>
Размери на облегалката: 39.5x44.5-49.5 см.<br>
Височина на подлакътниците: 63-54 см.<br>
Височина на седалката: 42 см.<br>
Височина на краката: 41 см.<br>
Разстояние между краката: 42-52 см.<br>
Метални спецификации: Φ19x1 мм<br>
<br>
МАТЕРИАЛИ ЗА ИЗРАБОТКА:<br>
Метал с прахово покритие. Праховото покритие е сух процес на нанасяне, използван като метално покритие. Праховото покритие се нанася като сух прах чрез електростатичен процес и след това се втвърдява с топлина.<br>
<br>
ПОДДРЪЖКА:<br>
Благодарение на издръжливостта на материалите, поддръжката на фотьойла е лесна. Освен редовно почистване от прах, може да се избърсва с влажна кърпа.<br>
<br>
* Възпроизвеждането на цвета на продукта може леко да се различава от фотографското му представяне на вашия екран.",Europe,,Столове-Фотьойли,Градински столове,true,Title,Default Title,,,,,,,,0615261,4700.0,shopify,325,deny,manual,41.93,67.89,true,true,,,,,5208067150309,https://cdn.shopify.com/s/files/1/0925/7041/9533/files/polythrona-exchoroy-fb96045-metalliki-ma.jpg?v=1773155302,1,Външен фотьойл FREE метален в черно 61x53x87Hсм.,false,,,,,,,,,,,,,,,,,,,,kg,,,active
mc-72749,,,,,,,,,,,,,,,,,,,,,,,,,,,,,,,,https://cdn.shopify.com/s/files/1/0925/7041/9533/files/polythrona-exchoroy-fb96045-metalliki-ma-1.jpg?v=1773155302,2,Външен фотьойл FREE метален в черно 61x53x87Hсм.,,,,,,,,,,,,,,,,,,,,,,,,
mc-72749,,,,,,,,,,,,,,,,,,,,,,,,,,,,,,,,https://cdn.shopify.com/s/files/1/0925/7041/9533/files/polythrona-exchoroy-fb96045-metalliki-ma-2.jpg?v=1773155302,3,Външен фотьойл FREE метален в черно 61x53x87Hсм.,,,,,,,,,,,,,,,,,,,,,,,,
mc-72749,,,,,,,,,,,,,,,,,,,,,,,,,,,,,,,,https://cdn.shopify.com/s/files/1/0925/7041/9533/files/polythrona-exchoroy-fb96045-metalliki-ma-3.jpg?v=1773155302,4,Външен фотьойл FREE метален в черно 61x53x87Hсм.,,,,,,,,,,,,,,,,,,,,,,,,
mc-72749,,,,,,,,,,,,,,,,,,,,,,,,,,,,,,,,https://cdn.shopify.com/s/files/1/0925/7041/9533/files/polythrona-exchoroy-fb96045-metalliki-ma-4.jpg?v=1773155302,5,Външен фотьойл FREE метален в черно 61x53x87Hсм.,,,,,,,,,,,,,,,,,,,,,,,,
mc-72749,,,,,,,,,,,,,,,,,,,,,,,,,,,,,,,,https://cdn.shopify.com/s/files/1/0925/7041/9533/files/polythrona-exchoroy-fb96045-metalliki-ma-5.jpg?v=1773155302,6,Външен фотьойл FREE метален в черно 61x53x87Hсм.,,,,,,,,,,,,,,,,,,,,,,,,
mc-72749,,,,,,,,,,,,,,,,,,,,,,,,,,,,,,,,https://cdn.shopify.com/s/files/1/0925/7041/9533/files/polythrona-exchoroy-fb96045-metalliki-ma-6.jpg?v=1773155302,7,Външен фотьойл FREE метален в черно 61x53x87Hсм.,,,,,,,,,,,,,,,,,,,,,,,,
mc-72749,,,,,,,,,,,,,,,,,,,,,,,,,,,,,,,,https://cdn.shopify.com/s/files/1/0925/7041/9533/files/polythrona-exchoroy-fb96045-metalliki-ma-7.jpg?v=1773155302,8,Външен фотьойл FREE метален в черно 61x53x87Hсм.,,,,,,,,,,,,,,,,,,,,,,,,
mc-72749,,,,,,,,,,,,,,,,,,,,,,,,,,,,,,,,https://cdn.shopify.com/s/files/1/0925/7041/9533/files/polythrona-exchoroy-fb96045-metalliki-ma-8.jpg?v=1773155302,9,Външен фотьойл FREE метален в черно 61x53x87Hсм.,,,,,,,,,,,,,,,,,,,,,,,,
mc-72749,,,,,,,,,,,,,,,,,,,,,,,,,,,,,,,,https://cdn.shopify.com/s/files/1/0925/7041/9533/files/polythrona-exchoroy-fb96045-metalliki-ma-9.jpg?v=1773155302,10,Външен фотьойл FREE метален в черно 61x53x87Hсм.,,,,,,,,,,,,,,,,,,,,,,,,
mc-72721,ГРАДИНСКА КРЪГЛА МАСА Пула МЕТАЛНА ШАМПАНСКИ ЦВЯТ Φ60x70Hсм.,"Пула е кръгла маса, изцяло изработена от метал в цвят Шампанско. Плотът на масата се поддържа от стълб с четири крака. Идеална за множество приложения, която, ако се комбинира с подходящи столове, ще подобри визията на всяко външно пространство.<br>
<br>
РАЗМЕРИ:<br>
Φ60x70H см.<br>
Разстояние между краката: 45x45 см.<br>
Метални спецификации: Φ24x0.8 мм<br>
<br>
МАТЕРИАЛИ ЗА ИЗРАБОТКА:<br>
Цялата маса е изработена от метал с е-покритие. Е-покритието, наричано още електропокритие, е процес на потапяне на продукта в баня с водна основа, за да се залепи боята върху повърхността на продукта. Е-покритието предпазва от ръжда и корозия през целия експлоатационен живот на продукта.<br>
<br>
ПОДДРЪЖКА:<br>
От гореизложеното е ясно, че не е необходима специална поддръжка. Достатъчно е избърсване с влажна кърпа.<br>
<br>
*Продуктът се доставя разглобен в заводска опаковка<br>
** Цветопредаването на продукта може леко да се различава от фотографското му представяне на вашия екран.",Europe,,Маси,"RelatedColor_Бял, RelatedColor_Черен, Градински маси, Градински маси за кафе",true,Title,Default Title,,,,,,,,0603180,5000.0,shopify,0,deny,manual,29.67,48.05,true,true,,,,,5208067143240,https://cdn.shopify.com/s/files/1/0925/7041/9533/files/trapezi-exchoroy-stroggylo-fb9597304-met.jpg?v=1773155283,1,ГРАДИНСКА КРЪГЛА МАСА LINO МЕТАЛНА ШАМПАНСКИ ЦВЯТ Φ60x70Hсм.,false,,,,,,,,,,,,,,,,,,,,kg,,,active
mc-72721,,,,,,,,,,,,,,,,,,,,,,,,,,,,,,,,https://cdn.shopify.com/s/files/1/0925/7041/9533/files/trapezi-exchoroy-stroggylo-fb9597304-met-1.jpg?v=1773155283,2,ГРАДИНСКА КРЪГЛА МАСА LINO МЕТАЛНА ШАМПАНСКИ ЦВЯТ Φ60x70Hсм.,,,,,,,,,,,,,,,,,,,,,,,,
mc-72721,,,,,,,,,,,,,,,,,,,,,,,,,,,,,,,,https://cdn.shopify.com/s/files/1/0925/7041/9533/files/trapezi-exchoroy-stroggylo-fb9597304-met-2.jpg?v=1773155283,3,ГРАДИНСКА КРЪГЛА МАСА LINO МЕТАЛНА ШАМПАНСКИ ЦВЯТ Φ60x70Hсм.,,,,,,,,,,,,,,,,,,,,,,,,
mc-72721,,,,,,,,,,,,,,,,,,,,,,,,,,,,,,,,https://cdn.shopify.com/s/files/1/0925/7041/9533/files/trapezi-exchoroy-stroggylo-fb9597304-met-3.jpg?v=1773155283,4,ГРАДИНСКА КРЪГЛА МАСА LINO МЕТАЛНА ШАМПАНСКИ ЦВЯТ Φ60x70Hсм.,,,,,,,,,,,,,,,,,,,,,,,,
mc-72721,,,,,,,,,,,,,,,,,,,,,,,,,,,,,,,,https://cdn.shopify.com/s/files/1/0925/7041/9533/files/trapezi-exchoroy-stroggylo-fb9597304-met-4.jpg?v=1773155283,5,ГРАДИНСКА КРЪГЛА МАСА LINO МЕТАЛНА ШАМПАНСКИ ЦВЯТ Φ60x70Hсм.,,,,,,,,,,,,,,,,,,,,,,,,
mc-72721,,,,,,,,,,,,,,,,,,,,,,,,,,,,,,,,https://cdn.shopify.com/s/files/1/0925/7041/9533/files/trapezi-exchoroy-stroggylo-fb9597304-met-5.jpg?v=1773155283,6,ГРАДИНСКА КРЪГЛА МАСА LINO МЕТАЛНА ШАМПАНСКИ ЦВЯТ Φ60x70Hсм.,,,,,,,,,,,,,,,,,,,,,,,,
mc-72721,,,,,,,,,,,,,,,,,,,,,,,,,,,,,,,,https://cdn.shopify.com/s/files/1/0925/7041/9533/files/trapezi-exchoroy-stroggylo-fb9597304-met-6.jpg?v=1773155283,7,ГРАДИНСКА КРЪГЛА МАСА LINO МЕТАЛНА ШАМПАНСКИ ЦВЯТ Φ60x70Hсм.,,,,,,,,,,,,,,,,,,,,,,,,
mc-72721,,,,,,,,,,,,,,,,,,,,,,,,,,,,,,,,https://cdn.shopify.com/s/files/1/0925/7041/9533/files/trapezi-exchoroy-stroggylo-fb9597304-met-7.jpg?v=1773155283,8,ГРАДИНСКА КРЪГЛА МАСА LINO МЕТАЛНА ШАМПАНСКИ ЦВЯТ Φ60x70Hсм.,,,,,,,,,,,,,,,,,,,,,,,,
mc-72720,ГРАДИНСКА КРЪГЛА МАСА Пула МЕТАЛНА БЯЛА Φ60x70Hсм.,"Пула е кръгла маса, изцяло изработена от метал в БЯЛ цвят. Плотът се поддържа от колона с четири крака. Идеална за множество приложения, които, ако се комбинират с подходящите столове, ще подобрят визията на всяко външно пространство.<br>
<br>
РАЗМЕРИ:<br>
Φ60x70H см.<br>
Разстояние между краката: 45x45 см.<br>
Метални спецификации: Φ24x0.8 мм<br>
<br>
МАТЕРИАЛИ ЗА КОНСТРУКЦИЯ:<br>
Цялата маса е изработена от метал с е-покритие. Е-покритието, наричано още електропокритие, е процес на потапяне на продукта в баня с водна основа, за да се залепи боята върху повърхността на продукта. Е-покритието предпазва от ръжда и корозия през целия експлоатационен живот на продукта.<br>
<br>
ПОДДРЪЖКА:<br>
От горното е ясно, че не е необходима специална поддръжка. Достатъчно е почистване с влажна кърпа.<br>
<br>
*Продуктът се доставя разглобен в заводска опаковка<br>
** Цветовото възпроизвеждане на продукта може леко да се различава от фотографското му представяне на вашия екран.",Europe,,Маси,"RelatedColor_Champagne, Градински маси, Градински маси за кафе",true,Title,Default Title,,,,,,,,0603179,5000.0,shopify,25,deny,manual,29.67,48.05,true,true,,,,,5208067143233,https://cdn.shopify.com/s/files/1/0925/7041/9533/files/trapezi-exchoroy-stroggylo-fb9597302-met.jpg?v=1773155282,1,ГРАДИНСКА КРЪГЛА МАСА LINO МЕТАЛНА БЯЛА Φ60x70Hсм.,false,,,,,,,,,,,,,,,,,,,,kg,,,active
mc-72720,,,,,,,,,,,,,,,,,,,,,,,,,,,,,,,,https://cdn.shopify.com/s/files/1/0925/7041/9533/files/trapezi-exchoroy-stroggylo-fb9597302-met-1.jpg?v=1773155282,2,ГРАДИНСКА КРЪГЛА МАСА LINO МЕТАЛНА БЯЛА Φ60x70Hсм.,,,,,,,,,,,,,,,,,,,,,,,,
mc-72720,,,,,,,,,,,,,,,,,,,,,,,,,,,,,,,,https://cdn.shopify.com/s/files/1/0925/7041/9533/files/trapezi-exchoroy-stroggylo-fb9597302-met-2.jpg?v=1773155282,3,ГРАДИНСКА КРЪГЛА МАСА LINO МЕТАЛНА БЯЛА Φ60x70Hсм.,,,,,,,,,,,,,,,,,,,,,,,,
mc-72720,,,,,,,,,,,,,,,,,,,,,,,,,,,,,,,,https://cdn.shopify.com/s/files/1/0925/7041/9533/files/trapezi-exchoroy-stroggylo-fb9597302-met-3.jpg?v=1773155282,4,ГРАДИНСКА КРЪГЛА МАСА LINO МЕТАЛНА БЯЛА Φ60x70Hсм.,,,,,,,,,,,,,,,,,,,,,,,,
mc-72720,,,,,,,,,,,,,,,,,,,,,,,,,,,,,,,,https://cdn.shopify.com/s/files/1/0925/7041/9533/files/trapezi-exchoroy-stroggylo-fb9597302-met-4.jpg?v=1773155282,5,ГРАДИНСКА КРЪГЛА МАСА LINO МЕТАЛНА БЯЛА Φ60x70Hсм.,,,,,,,,,,,,,,,,,,,,,,,,
mc-72720,,,,,,,,,,,,,,,,,,,,,,,,,,,,,,,,https://cdn.shopify.com/s/files/1/0925/7041/9533/files/trapezi-exchoroy-stroggylo-fb9597302-met-5.jpg?v=1773155283,6,ГРАДИНСКА КРЪГЛА МАСА LINO МЕТАЛНА БЯЛА Φ60x70Hсм.,,,,,,,,,,,,,,,,,,,,,,,,
mc-72720,,,,,,,,,,,,,,,,,,,,,,,,,,,,,,,,https://cdn.shopify.com/s/files/1/0925/7041/9533/files/trapezi-exchoroy-stroggylo-fb9597302-met-6.jpg?v=1773155282,7,ГРАДИНСКА КРЪГЛА МАСА LINO МЕТАЛНА БЯЛА Φ60x70Hсм.,,,,,,,,,,,,,,,,,,,,,,,,
mc-72720,,,,,,,,,,,,,,,,,,,,,,,,,,,,,,,,https://cdn.shopify.com/s/files/1/0925/7041/9533/files/trapezi-exchoroy-stroggylo-fb9597302-met-7.jpg?v=1773155282,8,ГРАДИНСКА КРЪГЛА МАСА LINO МЕТАЛНА БЯЛА Φ60x70Hсм.,,,,,,,,,,,,,,,,,,,,,,,,
mc-72719,ГРАДИНСКА Опатия МАСА ЧЕРНА МЕТАЛНА ЧЕРНА Φ60x70Hсм.,"LINO е Опатия маса, изцяло изработена от метал в ЧЕРЕН цвят. Плотът се поддържа от колона с четири крака. Идеална за множество приложения, които, ако се комбинират с подходящите столове, ще подобрят визията на всяко външно пространство.<br>
<br>
РАЗМЕРИ:<br>
Φ60x70H см.<br>
Разстояние между краката: 45x45 см.<br>
Метални спецификации: Φ24x0.8 мм<br>
<br>
МАТЕРИАЛИ ЗА КОНСТРУКЦИЯ:<br>
Цялата маса е изработена от метал с е-покритие. Е-покритието, наричано още електропокритие, е процес на потапяне на продукта в баня с водна основа, за да се залепи боята върху повърхността на продукта. Е-покритието предпазва от ръжда и корозия през целия експлоатационен живот на продукта.<br>
<br>
ПОДДРЪЖКА:<br>
От горното е ясно, че не е необходима специална поддръжка. Достатъчно е почистване с влажна кърпа.<br>
<br>
*Продуктът се доставя разглобен в заводска опаковка<br>
** Цветовото възпроизвеждане на продукта може леко да се различава от фотографското му представяне на вашия екран.",Europe,,Маси,"RelatedColor_Champagne, Градински маси, Градински маси за кафе",true,Title,Default Title,,,,,,,,0603178,5200.0,shopify,0,deny,manual,29.67,48.05,true,true,,,,,5208067143226,https://cdn.shopify.com/s/files/1/0925/7041/9533/files/trapezi-exchoroy-stroggylo-fb9597303-met.jpg?v=1773155282,1,ГРАДИНСКА КРЪГЛА МАСА ЧЕРНА МЕТАЛНА ЧЕРНА Φ60x70Hсм.,false,,,,,,,,,,,,,,,,,,,,kg,,,active
mc-72719,,,,,,,,,,,,,,,,,,,,,,,,,,,,,,,,https://cdn.shopify.com/s/files/1/0925/7041/9533/files/trapezi-exchoroy-stroggylo-fb9597303-met-1.jpg?v=1773155282,2,ГРАДИНСКА КРЪГЛА МАСА ЧЕРНА МЕТАЛНА ЧЕРНА Φ60x70Hсм.,,,,,,,,,,,,,,,,,,,,,,,,
mc-72719,,,,,,,,,,,,,,,,,,,,,,,,,,,,,,,,https://cdn.shopify.com/s/files/1/0925/7041/9533/files/trapezi-exchoroy-stroggylo-fb9597303-met-2.jpg?v=1773155282,3,ГРАДИНСКА КРЪГЛА МАСА ЧЕРНА МЕТАЛНА ЧЕРНА Φ60x70Hсм.,,,,,,,,,,,,,,,,,,,,,,,,
mc-72719,,,,,,,,,,,,,,,,,,,,,,,,,,,,,,,,https://cdn.shopify.com/s/files/1/0925/7041/9533/files/trapezi-exchoroy-stroggylo-fb9597303-met-3.jpg?v=1773155282,4,ГРАДИНСКА КРЪГЛА МАСА ЧЕРНА МЕТАЛНА ЧЕРНА Φ60x70Hсм.,,,,,,,,,,,,,,,,,,,,,,,,
mc-72719,,,,,,,,,,,,,,,,,,,,,,,,,,,,,,,,https://cdn.shopify.com/s/files/1/0925/7041/9533/files/trapezi-exchoroy-stroggylo-fb9597303-met-4.jpg?v=1773155281,5,ГРАДИНСКА КРЪГЛА МАСА ЧЕРНА МЕТАЛНА ЧЕРНА Φ60x70Hсм.,,,,,,,,,,,,,,,,,,,,,,,,
mc-72719,,,,,,,,,,,,,,,,,,,,,,,,,,,,,,,,https://cdn.shopify.com/s/files/1/0925/7041/9533/files/trapezi-exchoroy-stroggylo-fb9597303-met-5.jpg?v=1773155282,6,ГРАДИНСКА КРЪГЛА МАСА ЧЕРНА МЕТАЛНА ЧЕРНА Φ60x70Hсм.,,,,,,,,,,,,,,,,,,,,,,,,
mc-72719,,,,,,,,,,,,,,,,,,,,,,,,,,,,,,,,https://cdn.shopify.com/s/files/1/0925/7041/9533/files/trapezi-exchoroy-stroggylo-fb9597303-met-6.jpg?v=1773155281,7,ГРАДИНСКА КРЪГЛА МАСА ЧЕРНА МЕТАЛНА ЧЕРНА Φ60x70Hсм.,,,,,,,,,,,,,,,,,,,,,,,,
mc-72718,ГРАДИНСКА КРЪГЛА МАСА Пула МЕТАЛНА СИВА Φ60x70Hсм.,"Пула е кръгла маса, изцяло изработена от метал в СИВ цвят. Плотът се поддържа от колона с четири крака. Идеална за множество приложения, които, ако се комбинират с подходящите столове, ще подобрят визията на всяко външно пространство.<br>
<br>
РАЗМЕРИ:<br>
Φ60x70H см.<br>
Разстояние между краката: 45x45 см.<br>
Метални спецификации: Φ24x0.8 мм<br>
<br>
МАТЕРИАЛИ ЗА КОНСТРУКЦИЯ:<br>
Цялата маса е изработена от метал с е-покритие. Е-покритието, наричано още електропокритие, е процес на потапяне на продукта в баня с водна основа, за да се залепи боята върху повърхността на продукта. Е-покритието предпазва от ръжда и корозия през целия експлоатационен живот на продукта.<br>
<br>
ПОДДРЪЖКА:<br>
От горното е ясно, че не е необходима специална поддръжка. Достатъчно е почистване с влажна кърпа.<br>
<br>
*Продуктът се доставя разглобен в заводска опаковка<br>
** Цветовото възпроизвеждане на продукта може леко да се различава от фотографското му представяне на вашия екран.",Europe,,Маси,"RelatedColor_Champagne, RelatedColor_Бял, RelatedColor_Черен, Градински маси, Градински маси за кафе",true,Title,Default Title,,,,,,,,0603177,5000.0,shopify,190,deny,manual,29.67,48.05,true,true,,,,,5208067143219,https://cdn.shopify.com/s/files/1/0925/7041/9533/files/trapezi-exchoroy-stroggylo-fb9597301-met.jpg?v=1773155281,1,ГРАДИНСКА КРЪГЛА МАСА LINO МЕТАЛНА СИВА Φ60x70Hсм.,false,,,,,,,,,,,,,,,,,,,,kg,,,active
mc-72718,,,,,,,,,,,,,,,,,,,,,,,,,,,,,,,,https://cdn.shopify.com/s/files/1/0925/7041/9533/files/trapezi-exchoroy-stroggylo-fb9597301-met-1.jpg?v=1773155281,2,ГРАДИНСКА КРЪГЛА МАСА LINO МЕТАЛНА СИВА Φ60x70Hсм.,,,,,,,,,,,,,,,,,,,,,,,,
mc-72718,,,,,,,,,,,,,,,,,,,,,,,,,,,,,,,,https://cdn.shopify.com/s/files/1/0925/7041/9533/files/trapezi-exchoroy-stroggylo-fb9597301-met-2.jpg?v=1773155281,3,ГРАДИНСКА КРЪГЛА МАСА LINO МЕТАЛНА СИВА Φ60x70Hсм.,,,,,,,,,,,,,,,,,,,,,,,,
mc-72718,,,,,,,,,,,,,,,,,,,,,,,,,,,,,,,,https://cdn.shopify.com/s/files/1/0925/7041/9533/files/trapezi-exchoroy-stroggylo-fb9597301-met-3.jpg?v=1773155281,4,ГРАДИНСКА КРЪГЛА МАСА LINO МЕТАЛНА СИВА Φ60x70Hсм.,,,,,,,,,,,,,,,,,,,,,,,,
mc-72718,,,,,,,,,,,,,,,,,,,,,,,,,,,,,,,,https://cdn.shopify.com/s/files/1/0925/7041/9533/files/trapezi-exchoroy-stroggylo-fb9597301-met-4.jpg?v=1773155281,5,ГРАДИНСКА КРЪГЛА МАСА LINO МЕТАЛНА СИВА Φ60x70Hсм.,,,,,,,,,,,,,,,,,,,,,,,,
mc-72718,,,,,,,,,,,,,,,,,,,,,,,,,,,,,,,,https://cdn.shopify.com/s/files/1/0925/7041/9533/files/trapezi-exchoroy-stroggylo-fb9597301-met-5.jpg?v=1773155281,6,ГРАДИНСКА КРЪГЛА МАСА LINO МЕТАЛНА СИВА Φ60x70Hсм.,,,,,,,,,,,,,,,,,,,,,,,,
mc-72718,,,,,,,,,,,,,,,,,,,,,,,,,,,,,,,,https://cdn.shopify.com/s/files/1/0925/7041/9533/files/trapezi-exchoroy-stroggylo-fb9597301-met-6.jpg?v=1773155281,7,ГРАДИНСКА КРЪГЛА МАСА LINO МЕТАЛНА СИВА Φ60x70Hсм.,,,,,,,,,,,,,,,,,,,,,,,,
mc-72697,ГРАДИНСКИ ФОТЬОЙЛ Сардиния ШАМПАНСКО МЕТАЛНА РАМКА-ШАМПАНСКИ ТЕКСТИЛЕН 54x70x93Hсм.,"Фотьойлът Сардиния в цвят ШАМПАНСКО е класическо предложение за всякаква употреба на открито! Гърбът и седалката са изработени от едно цяло парче текстилен плат в цвят ШАМПАНСКО, докато подлакътниците са ниски и всъщност формират горната част на краката. Характерното за този фотьойл е комфортът, който предлага, и приятно изненадва тези, които го използват. Също така, фактът, че е НАСТРОИМ, го прави много практичен, тъй като може да се съхранява на възможно най-малко пространство.<br>
<br>
РАЗМЕРИ:<br>
54x70x93H см.<br>
Височина на седалката: 43 см.<br>
Височина на подлакътниците: 59 см.<br>
Размери на седалката: 44x44 см.<br>
Размери на гърба: 45x60 см.<br>
Рамка от стоманена тръба: (крак) 42x14x0.9 мм и 26x15x0.9 мм (тръба на гърба)<br>
<br>
<br>
МАТЕРИАЛИ ЗА КОНСТРУКЦИЯ:<br>
Рамката на фотьойла е изработена от прахово боядисана стомана. Праховото боядисване е сух процес на покритие, използван като метално покритие. Праховото покритие се нанася като сух прах чрез електростатичен процес, след което се втвърдява с топлина.<br>
<br>
Фотьойлът е тапициран с висококачествен 2x1 (540 г) текстилен плат. Това е дебела, здрава и издръжлива полиестерна тъкан. Това означава, че е изработена от полиестерни влакна с PVC.<br>
<br>
<br>
ПОДДРЪЖКА:<br>
Благодарение на издръжливостта на материалите за конструкция, поддръжката на фотьойла е лесна. Освен редовното почистване от прах, може да се избърсва с влажна кърпа.<br>
<br>
<br>
ПРЕДИМСТВА:<br>
• Здрава конструкция<br>
• Модерен дизайн<br>
• Лесна поддръжка<br>
• НАСТРОИМ<br>
• Отлично съотношение цена-качество<br>
** Точният цвят на продукта може да се различава леко от реалния продукт поради различните настройки на монитора.",Europe,,Столове-Фотьойли,"RelatedColor_Черен, Градински столове",true,Title,Default Title,,,,,,,,0615222,4000.0,shopify,2166,deny,manual,21.54,34.88,true,true,,,,,5208067142946,https://cdn.shopify.com/s/files/1/0925/7041/9533/files/polythrona-exchoroy-fb9500004-metalliki.jpg?v=1773155271,1,ГРАДИНСКИ ФОТЬОЙЛ LEON ШАМПАНСКО МЕТАЛНА РАМКА-ШАМПАНСКИ ТЕКСТИЛЕН 54x70x93Hсм.,false,,,,,,,,,,,,,,,,,,,,kg,,,active
mc-72697,,,,,,,,,,,,,,,,,,,,,,,,,,,,,,,,https://cdn.shopify.com/s/files/1/0925/7041/9533/files/polythrona-exchoroy-fb9500004-metalliki--1.jpg?v=1773155272,2,ГРАДИНСКИ ФОТЬОЙЛ LEON ШАМПАНСКО МЕТАЛНА РАМКА-ШАМПАНСКИ ТЕКСТИЛЕН 54x70x93Hсм.,,,,,,,,,,,,,,,,,,,,,,,,
mc-72697,,,,,,,,,,,,,,,,,,,,,,,,,,,,,,,,https://cdn.shopify.com/s/files/1/0925/7041/9533/files/polythrona-exchoroy-fb9500004-metalliki--2.jpg?v=1773155272,3,ГРАДИНСКИ ФОТЬОЙЛ LEON ШАМПАНСКО МЕТАЛНА РАМКА-ШАМПАНСКИ ТЕКСТИЛЕН 54x70x93Hсм.,,,,,,,,,,,,,,,,,,,,,,,,
mc-72697,,,,,,,,,,,,,,,,,,,,,,,,,,,,,,,,https://cdn.shopify.com/s/files/1/0925/7041/9533/files/polythrona-exchoroy-fb9500004-metalliki--3.jpg?v=1773155271,4,ГРАДИНСКИ ФОТЬОЙЛ LEON ШАМПАНСКО МЕТАЛНА РАМКА-ШАМПАНСКИ ТЕКСТИЛЕН 54x70x93Hсм.,,,,,,,,,,,,,,,,,,,,,,,,
mc-72697,,,,,,,,,,,,,,,,,,,,,,,,,,,,,,,,https://cdn.shopify.com/s/files/1/0925/7041/9533/files/polythrona-exchoroy-fb9500004-metalliki--4.jpg?v=1773155272,5,ГРАДИНСКИ ФОТЬОЙЛ LEON ШАМПАНСКО МЕТАЛНА РАМКА-ШАМПАНСКИ ТЕКСТИЛЕН 54x70x93Hсм.,,,,,,,,,,,,,,,,,,,,,,,,
mc-72697,,,,,,,,,,,,,,,,,,,,,,,,,,,,,,,,https://cdn.shopify.com/s/files/1/0925/7041/9533/files/polythrona-exchoroy-fb9500004-metalliki--5.jpg?v=1773155272,6,ГРАДИНСКИ ФОТЬОЙЛ LEON ШАМПАНСКО МЕТАЛНА РАМКА-ШАМПАНСКИ ТЕКСТИЛЕН 54x70x93Hсм.,,,,,,,,,,,,,,,,,,,,,,,,
mc-72697,,,,,,,,,,,,,,,,,,,,,,,,,,,,,,,,https://cdn.shopify.com/s/files/1/0925/7041/9533/files/polythrona-exchoroy-fb9500004-metalliki--6.jpg?v=1773155274,7,ГРАДИНСКИ ФОТЬОЙЛ LEON ШАМПАНСКО МЕТАЛНА РАМКА-ШАМПАНСКИ ТЕКСТИЛЕН 54x70x93Hсм.,,,,,,,,,,,,,,,,,,,,,,,,
mc-72697,,,,,,,,,,,,,,,,,,,,,,,,,,,,,,,,https://cdn.shopify.com/s/files/1/0925/7041/9533/files/polythrona-exchoroy-fb9500004-metalliki--7.jpg?v=1773155271,8,ГРАДИНСКИ ФОТЬОЙЛ LEON ШАМПАНСКО МЕТАЛНА РАМКА-ШАМПАНСКИ ТЕКСТИЛЕН 54x70x93Hсм.,,,,,,,,,,,,,,,,,,,,,,,,
mc-72662,ВЪНШЕН ФОТЬОЙЛ Задар МЕТАЛ И ТЕКСТИЛЕН В СИВ ЦВЯТ 55x58x72H см.,"Столът с подлакътници Задар в СИВ цвят е още едно ново попълнение в нашата гама. Рамката с полукръгла облегалка, която завършва на подлакътниците, обгръща тялото, докато текстиленът както на облегалката, така и на седалката прави стола лек и идеален за всяко открито пространство. Също така, фактът, че е ПОДРЕДИМ, го прави особено практичен, тъй като може да се съхранява на възможно най-малко пространство.<br>
<br>
РАЗМЕРИ:<br>
55x58x72H см.<br>
Размери на седалката: 36x36 см.<br>
Размери на облегалката: 30x31 см.<br>
Височина на подлакътниците: 63 см.<br>
Височина на седалката: 43 см.<br>
Височина на краката: 39 см.<br>
Разстояние между краката: 50x58.5 см.<br>
Разстояние между задните крака: 44.5 см.<br>
<br>
МАТЕРИАЛИ ЗА ИЗРАБОТКА:<br>
Рамката на стола е изработена от поцинкована стомана с прахово покритие. Праховото покритие е сух процес на боядисване, използван като метално покритие. Праховото покритие се нанася като сух прах чрез електростатичен процес и след това се втвърдява с топлина.<br>
<br>
Столът е тапициран с текстилен плат 1x1. Това е плътен, здрав и издръжлив полиестерен плат. Това означава, че е изработен от полиестерни влакна с PVC.<br>
<br>
ПОДДРЪЖКА:<br>
Благодарение на издръжливостта на материалите за изработка, поддръжката на стола е лесна. Освен редовното почистване от прах, може да се избърсва с влажна кърпа.<br>
<br>
КАКВО НИ ХАРЕСВА:<br>
• Лек<br>
• Модерен дизайн<br>
• Лесна поддръжка<br>
• ПОДРЕДИМ<br>
• Отлично съотношение цена-качество<br>
** Точното цветопредаване на продукта може да варира леко от реалния продукт поради различните настройки на монитора.",Europe,,Столове-Фотьойли,"RelatedColor_Кафяв, RelatedColor_Черен, Градински столове",true,Title,Default Title,,,,,,,,0610397,2700.0,shopify,628,deny,manual,16.08,26.04,true,true,,,,,5208067142915,https://cdn.shopify.com/s/files/1/0925/7041/9533/files/polythrona-exchoroy-fb9597701-metallo-te.jpg?v=1773155259,1,ВЪНШЕН ФОТЬОЙЛ LEDAN МЕТАЛ И ТЕКСТИЛЕН В СИВ ЦВЯТ 55x58x72H см.,false,,,,,,,,,,,,,,,,,,,,kg,,,active
mc-72662,,,,,,,,,,,,,,,,,,,,,,,,,,,,,,,,https://cdn.shopify.com/s/files/1/0925/7041/9533/files/polythrona-exchoroy-fb9597701-metallo-te-1.jpg?v=1773155259,2,ВЪНШЕН ФОТЬОЙЛ LEDAN МЕТАЛ И ТЕКСТИЛЕН В СИВ ЦВЯТ 55x58x72H см.,,,,,,,,,,,,,,,,,,,,,,,,
mc-72662,,,,,,,,,,,,,,,,,,,,,,,,,,,,,,,,https://cdn.shopify.com/s/files/1/0925/7041/9533/files/polythrona-exchoroy-fb9597701-metallo-te-2.jpg?v=1773155259,3,ВЪНШЕН ФОТЬОЙЛ LEDAN МЕТАЛ И ТЕКСТИЛЕН В СИВ ЦВЯТ 55x58x72H см.,,,,,,,,,,,,,,,,,,,,,,,,
mc-72662,,,,,,,,,,,,,,,,,,,,,,,,,,,,,,,,https://cdn.shopify.com/s/files/1/0925/7041/9533/files/polythrona-exchoroy-fb9597701-metallo-te-3.jpg?v=1773155259,4,ВЪНШЕН ФОТЬОЙЛ LEDAN МЕТАЛ И ТЕКСТИЛЕН В СИВ ЦВЯТ 55x58x72H см.,,,,,,,,,,,,,,,,,,,,,,,,
mc-72662,,,,,,,,,,,,,,,,,,,,,,,,,,,,,,,,https://cdn.shopify.com/s/files/1/0925/7041/9533/files/polythrona-exchoroy-fb9597701-metallo-te-4.jpg?v=1773155259,5,ВЪНШЕН ФОТЬОЙЛ LEDAN МЕТАЛ И ТЕКСТИЛЕН В СИВ ЦВЯТ 55x58x72H см.,,,,,,,,,,,,,,,,,,,,,,,,
mc-72662,,,,,,,,,,,,,,,,,,,,,,,,,,,,,,,,https://cdn.shopify.com/s/files/1/0925/7041/9533/files/polythrona-exchoroy-fb9597701-metallo-te-5.jpg?v=1773155259,6,ВЪНШЕН ФОТЬОЙЛ LEDAN МЕТАЛ И ТЕКСТИЛЕН В СИВ ЦВЯТ 55x58x72H см.,,,,,,,,,,,,,,,,,,,,,,,,
mc-72662,,,,,,,,,,,,,,,,,,,,,,,,,,,,,,,,https://cdn.shopify.com/s/files/1/0925/7041/9533/files/polythrona-exchoroy-fb9597701-metallo-te-6.jpg?v=1773155259,7,ВЪНШЕН ФОТЬОЙЛ LEDAN МЕТАЛ И ТЕКСТИЛЕН В СИВ ЦВЯТ 55x58x72H см.,,,,,,,,,,,,,,,,,,,,,,,,
mc-72662,,,,,,,,,,,,,,,,,,,,,,,,,,,,,,,,https://cdn.shopify.com/s/files/1/0925/7041/9533/files/polythrona-exchoroy-fb9597701-metallo-te-7.jpg?v=1773155259,8,ВЪНШЕН ФОТЬОЙЛ LEDAN МЕТАЛ И ТЕКСТИЛЕН В СИВ ЦВЯТ 55x58x72H см.,,,,,,,,,,,,,,,,,,,,,,,,
mc-72662,,,,,,,,,,,,,,,,,,,,,,,,,,,,,,,,https://cdn.shopify.com/s/files/1/0925/7041/9533/files/polythrona-exchoroy-fb9597701-metallo-te-8.jpg?v=1773155259,9,ВЪНШЕН ФОТЬОЙЛ LEDAN МЕТАЛ И ТЕКСТИЛЕН В СИВ ЦВЯТ 55x58x72H см.,,,,,,,,,,,,,,,,,,,,,,,,
mc-72656,Градински фотьойл Икария полипропилен в кафяво 54x57x83Hсм.,"Фотьойлът Икария има всичко, което бихте искали от такъв вид мебел. Изработен е от едно цяло парче полипропилен в КАФЯВ цвят с леко извита облегалка, която, както и седалката, има „перфорирана“ конструкция. Цялата конструкция е лека и удобна с високи подлакътници и ще се превърне в любимо място за сядане във всяко пространство благодарение на своята практичност. Идеален избор и за професионална употреба, като в кетъринг и др.<br>
<br>
СПЕЦИФИКАЦИИ:<br>
Размери: 54x57x83H см.<br>
Височина на седалката: 47 см.<br>
<br>
МАТЕРИАЛИ НА КОНСТРУКЦИЯТА:<br>
Целият фотьойл е изработен от подсилен полипропилен. Полипропиленът е особено устойчив на тежест и вода, като същевременно има голяма устойчивост на температури до 125 градуса Целзий. Освен това, неговата издръжливост не се ограничава само до тежест, вода и температура, а е необичайно устойчива на много химически разтворители, киселини и основи.<br>
<br>
ПОДДРЪЖКА:<br>
Полипропиленовите мебели се почистват лесно с влажна кърпа. Ако са на открито, могат да се почистват директно с течаща вода.<br>
<br>
** Цветопредаването на продукта може да се различава леко от фотографското му представяне на вашия екран.",Europe,,Столове-Фотьойли,"RelatedColor_Dark Olive, Градински столове",true,Title,Default Title,,,,,,,,0514712,4800.0,shopify,113,deny,manual,34.94,56.58,true,true,,,,,5208067157759,https://cdn.shopify.com/s/files/1/0925/7041/9533/files/polythrona-exchoroy-fb9610209-kafe-polyp.jpg?v=1773155255,1,Градински фотьойл COMFEE полипропилен в кафяво 54x57x83Hсм.,false,,,,,,,,,,,,,,,,,,,,kg,,,active
mc-72656,,,,,,,,,,,,,,,,,,,,,,,,,,,,,,,,https://cdn.shopify.com/s/files/1/0925/7041/9533/files/polythrona-exchoroy-fb9610209-kafe-polyp-1.jpg?v=1773155255,2,Градински фотьойл COMFEE полипропилен в кафяво 54x57x83Hсм.,,,,,,,,,,,,,,,,,,,,,,,,
mc-72656,,,,,,,,,,,,,,,,,,,,,,,,,,,,,,,,https://cdn.shopify.com/s/files/1/0925/7041/9533/files/polythrona-exchoroy-fb9610209-kafe-polyp-2.jpg?v=1773155255,3,Градински фотьойл COMFEE полипропилен в кафяво 54x57x83Hсм.,,,,,,,,,,,,,,,,,,,,,,,,
mc-72656,,,,,,,,,,,,,,,,,,,,,,,,,,,,,,,,https://cdn.shopify.com/s/files/1/0925/7041/9533/files/polythrona-exchoroy-fb9610209-kafe-polyp-3.jpg?v=1773155255,4,Градински фотьойл COMFEE полипропилен в кафяво 54x57x83Hсм.,,,,,,,,,,,,,,,,,,,,,,,,
mc-72654,Градински фотьойл Икария полипропилен в черно 54x57x83Hсм.,"Фотьойлът Икария има всичко, което бихте искали от такъв вид мебел. Изработен е от едно цяло парче полипропилен в ЧЕРЕН цвят с леко извита облегалка, която, както и седалката, има „перфорирана"" конструкция. Цялата конструкция е лека и удобна с високи подлакътници и ще се превърне в любимо място за сядане във всяко пространство благодарение на своята практичност. Идеален избор и за професионална употреба, като в кетъринг и др.<br>
<br>
СПЕЦИФИКАЦИИ:<br>
Размери: 54x57x83H см.<br>
Височина на седалката: 47 см.<br>
<br>
<br>
МАТЕРИАЛИ НА КОНСТРУКЦИЯТА:<br>
Целият фотьойл е изработен от подсилен полипропилен. Полипропиленът е особено устойчив на тежест и вода, като същевременно има отлична устойчивост на температури до 125 градуса по Целзий. Освен това, издръжливостта му не се ограничава само до тежест, вода и температура, а е необичайно устойчива на много химически разтворители, киселини и основи.<br>
<br>
ПОДДРЪЖКА:<br>
Полипропиленовите мебели се почистват лесно с влажна кърпа. Ако са на открито, могат да се почистват директно с течаща вода.<br>
<br>
** Цветопредаването на продукта може да се различава леко от фотографското му представяне на вашия екран.",Europe,,Столове-Фотьойли,"RelatedColor_Cappuccino, RelatedColor_Dark Olive, RelatedColor_Бял, RelatedColor_Кафяв, RelatedColor_Сив, Градински столове",true,Title,Default Title,,,,,,,,0514709,4800.0,shopify,341,deny,manual,34.94,56.58,true,true,,,,,5208067157728,https://cdn.shopify.com/s/files/1/0925/7041/9533/files/polythrona-exchoroy-fb9610202-mayro-poly.jpg?v=1773155253,1,Градински фотьойл COMFEE полипропилен в черно 54x57x83Hсм.,false,,,,,,,,,,,,,,,,,,,,kg,,,active
mc-72654,,,,,,,,,,,,,,,,,,,,,,,,,,,,,,,,https://cdn.shopify.com/s/files/1/0925/7041/9533/files/polythrona-exchoroy-fb9610202-mayro-poly-1.jpg?v=1773155253,2,Градински фотьойл COMFEE полипропилен в черно 54x57x83Hсм.,,,,,,,,,,,,,,,,,,,,,,,,
mc-72654,,,,,,,,,,,,,,,,,,,,,,,,,,,,,,,,https://cdn.shopify.com/s/files/1/0925/7041/9533/files/polythrona-exchoroy-fb9610202-mayro-poly-2.jpg?v=1773155253,3,Градински фотьойл COMFEE полипропилен в черно 54x57x83Hсм.,,,,,,,,,,,,,,,,,,,,,,,,
mc-72654,,,,,,,,,,,,,,,,,,,,,,,,,,,,,,,,https://cdn.shopify.com/s/files/1/0925/7041/9533/files/polythrona-exchoroy-fb9610202-mayro-poly-3.jpg?v=1773155253,4,Градински фотьойл COMFEE полипропилен в черно 54x57x83Hсм.,,,,,,,,,,,,,,,,,,,,,,,,
mc-72647,Градински комплект с ъглов диван и маса Котор мокачино синтетичен ратан - възглавници - PS дърво,"Представяме ви красивия комплект за външна зона за отдих Котор, състоящ се от 2 дивана в десен ъглов аранжимент с общ капацитет от 6 места и 1 маса. Рамката на целия комплект е метална, покрита със синтетичен ратан в цвят МОКА. Дизайнът им е приятен за окото, а здравината им е очевидна. Маса е по-ниска от обичайното, а плотът ѝ е изработен от издръжлива PS дървесина. Всички възглавници на диваните са покрити с водоустойчива полиестерна материя в светъл цвят МОКА и са пълни със средно твърда пяна за максимален комфорт, като имат и ципове. Какво повече може да се желае за подобряване на външния вид на пространството?<br>
<br>
РАЗМЕРИ:<br>
Размери на дивана: 237x175x74-84H см.<br>
Размери на седалката: 205x145 см.<br>
Дълбочина на седалката: 48 см.<br>
Размери на облегалката: 205x145 см.<br>
Височина на облегалката: 35 см.<br>
Височина на подлакътника: 63 см.<br>
Височина на седалката: 48 см.<br>
<br>
Размери на масата: 145x67x75H см.<br>
Разстояние между краката: 100x66 см.<br>
<br>
Възглавници: 230 г водоустойчива полиестерна материя<br>
<br>
МАТЕРИАЛ НА КОНСТРУКЦИЯТА:<br>
Синтетичният ратан е синтетичен материал, създаден да имитира външния вид и усещане на естествения ратан. Изработен е от смес от пластмаса и други материали и често се използва за градински мебели и други продукти за външна употреба.<br>
<br>
Пластмасовата дървесина, известна още като пластмасов дървен материал, е екологично чист пластмасов материал, основно използван за външни мебели. Една от най-големите характеристики на пластмасовата дървесина е, че прилича на истинско дърво. Тя е изработена главно от високоефективен и рециклируем полимер и пластмаса, най-вече полистирен (PS). Тя е водоустойчива и може да устои на повечето външни влияния като дъжд, UV лъчи, слънчева топлина, сняг и др. Затова мебелите от пластмасова дървесина са подходящи за външна употреба през цялата година. Не се напуква и е 100% нетоксична за хората.<br>
<br>
ПОДДРЪЖКА:<br>
Идеалният начин за поддръжка на синтетичния ратан е използването на много мека кърпа или гъба, обилно количество вода и мек почистващ препарат, като например препарат за миене на съдове. За почистване на плота на масата е достатъчно да се избърше с влажна кърпа за премахване на праха.<br>
<br>
*Комплектът се доставя разглобен с подробни инструкции за монтаж<br>
**Точният цвят на продукта може да варира леко от реалния поради различни настройки на монитора.",Europe,,Комплект диван,Градински комплект за хранене,true,Title,Default Title,,,,,,,,0612509,62700.0,shopify,132,deny,manual,534.08,864.90,true,true,,,,,5208067152617,https://cdn.shopify.com/s/files/1/0925/7041/9533/files/set-saloni-dexia-goniatrapezi-fb9607802.jpg?v=1773155247,1,Градински комплект с ъглов диван и маса CARSON мокачино синтетичен ратан - възглавници - PS дърво,false,,,,,,,,,,,,,,,,,,,,kg,,,active
mc-72647,,,,,,,,,,,,,,,,,,,,,,,,,,,,,,,,https://cdn.shopify.com/s/files/1/0925/7041/9533/files/set-saloni-dexia-goniatrapezi-fb9607802--1.jpg?v=1773155247,2,Градински комплект с ъглов диван и маса CARSON мокачино синтетичен ратан - възглавници - PS дърво,,,,,,,,,,,,,,,,,,,,,,,,
mc-72647,,,,,,,,,,,,,,,,,,,,,,,,,,,,,,,,https://cdn.shopify.com/s/files/1/0925/7041/9533/files/set-saloni-dexia-goniatrapezi-fb9607802--2.jpg?v=1773155247,3,Градински комплект с ъглов диван и маса CARSON мокачино синтетичен ратан - възглавници - PS дърво,,,,,,,,,,,,,,,,,,,,,,,,
mc-72647,,,,,,,,,,,,,,,,,,,,,,,,,,,,,,,,https://cdn.shopify.com/s/files/1/0925/7041/9533/files/set-saloni-dexia-goniatrapezi-fb9607802--3.jpg?v=1773155248,4,Градински комплект с ъглов диван и маса CARSON мокачино синтетичен ратан - възглавници - PS дърво,,,,,,,,,,,,,,,,,,,,,,,,
mc-72647,,,,,,,,,,,,,,,,,,,,,,,,,,,,,,,,https://cdn.shopify.com/s/files/1/0925/7041/9533/files/set-saloni-dexia-goniatrapezi-fb9607802--4.jpg?v=1773155248,5,Градински комплект с ъглов диван и маса CARSON мокачино синтетичен ратан - възглавници - PS дърво,,,,,,,,,,,,,,,,,,,,,,,,
mc-72647,,,,,,,,,,,,,,,,,,,,,,,,,,,,,,,,https://cdn.shopify.com/s/files/1/0925/7041/9533/files/set-saloni-dexia-goniatrapezi-fb9607802--5.jpg?v=1773155248,6,Градински комплект с ъглов диван и маса CARSON мокачино синтетичен ратан - възглавници - PS дърво,,,,,,,,,,,,,,,,,,,,,,,,
mc-72647,,,,,,,,,,,,,,,,,,,,,,,,,,,,,,,,https://cdn.shopify.com/s/files/1/0925/7041/9533/files/set-saloni-dexia-goniatrapezi-fb9607802--6.jpg?v=1773155248,7,Градински комплект с ъглов диван и маса CARSON мокачино синтетичен ратан - възглавници - PS дърво,,,,,,,,,,,,,,,,,,,,,,,,
mc-72647,,,,,,,,,,,,,,,,,,,,,,,,,,,,,,,,https://cdn.shopify.com/s/files/1/0925/7041/9533/files/set-saloni-dexia-goniatrapezi-fb9607802--7.jpg?v=1773155247,8,Градински комплект с ъглов диван и маса CARSON мокачино синтетичен ратан - възглавници - PS дърво,,,,,,,,,,,,,,,,,,,,,,,,
mc-72647,,,,,,,,,,,,,,,,,,,,,,,,,,,,,,,,https://cdn.shopify.com/s/files/1/0925/7041/9533/files/set-saloni-dexia-goniatrapezi-fb9607802--8.jpg?v=1773155248,9,Градински комплект с ъглов диван и маса CARSON мокачино синтетичен ратан - възглавници - PS дърво,,,,,,,,,,,,,,,,,,,,,,,,
mc-72643,Градински комплект с ъглов диван и маса Котор сив синтетичен ратан - възглавници - PS дърво,"Представяме ви красивия комплект за външна зона Котор, състоящ се от 2 дивана в ъглова дясна подредба с общ капацитет 6 места и 1 маса. Рамката на целия комплект е метална, покрита със синтетичен ратан в сив цвят. Дизайнът им е красив за гледане, а здравината им е очевидна. Маса е по-ниска от обичайното, а плотът ѝ е изработен от издръжлива PS дървесина. Всички възглавници на диваните са покрити с водоустойчива полиестерна тъкан в сив цвят и са пълни със средно твърд пяна за максимален комфорт, като също имат ципове. Какво повече може да се поиска за подобряване на външния вид на вашето пространство?<br>
<br>
РАЗМЕРИ:<br>
Размери на дивана: 237x175x74-84H см.<br>
Размери на седалката: 205x145 см.<br>
Дълбочина на седалката: 48 см.<br>
Размери на облегалката: 205x145 см.<br>
Височина на облегалката: 35 см.<br>
Височина на подлакътника: 63 см.<br>
Височина на седалката: 48 см.<br>
<br>
Размери на масата: 145x67x75H см.<br>
Разстояние между краката: 100x66 см.<br>
<br>
Възглавници: 230г водоустойчива полиестерна тъкан<br>
<br>
МАТЕРИАЛИ ЗА ИЗРАБОТКА:<br>
Синтетичният ратан е синтетичен материал, създаден да имитира външния вид и усещане на естествения ратан. Изработен е от смес от пластмаса и други материали и често се използва за градински мебели и други продукти за външна употреба.<br>
<br>
Пластмасовата дървесина, известна още като пластмасов ламинат, е екологичен пластмасов материал, основно използван за външни мебели. Една от най-големите характеристики на пластмасовата дървесина е, че прилича на истинско дърво. Тя е изработена основно от високоефективен и рециклируем полимер и пластмаса, най-вече полистирен (PS). Този материал е водоустойчив и може да устои на повечето външни влияния като дъжд, UV лъчи, слънчева топлина, сняг и др. Затова мебелите от пластмасова дървесина са подходящи за външна употреба през цялата година. Не се напукват и са 100% нетоксични за хората.<br>
<br>
ПОДДРЪЖКА:<br>
Идеалният начин за поддръжка на синтетичния ратан е използването на много мека кърпа или гъба, обилно количество вода и мек почистващ препарат, като например препарат за съдове. За почистване на плота е достатъчно само да се избърше с влажна кърпа за премахване на праха.<br>
<br>
*Комплектът се доставя разглобен с подробни инструкции за сглобяване<br>
**Точното цветопредаване на продукта може леко да се различава от реалния продукт поради различни настройки на монитора.",Europe,,Комплект диван,Градински комплект за хранене,true,Title,Default Title,,,,,,,,0612508,62700.0,shopify,123,deny,manual,534.08,864.90,true,true,,,,,5208067152570,https://cdn.shopify.com/s/files/1/0925/7041/9533/files/set-saloni-dexia-gonia-trapezi-fb9607801.jpg?v=1773155244,1,Градински комплект с ъглов диван и маса CARSON сив синтетичен ратан - възглавници - PS дърво,false,,,,,,,,,,,,,,,,,,,,kg,,,active
mc-72643,,,,,,,,,,,,,,,,,,,,,,,,,,,,,,,,https://cdn.shopify.com/s/files/1/0925/7041/9533/files/set-saloni-dexia-gonia-trapezi-fb9607801-1.jpg?v=1773155244,2,Градински комплект с ъглов диван и маса CARSON сив синтетичен ратан - възглавници - PS дърво,,,,,,,,,,,,,,,,,,,,,,,,
mc-72643,,,,,,,,,,,,,,,,,,,,,,,,,,,,,,,,https://cdn.shopify.com/s/files/1/0925/7041/9533/files/set-saloni-dexia-gonia-trapezi-fb9607801-2.jpg?v=1773155244,3,Градински комплект с ъглов диван и маса CARSON сив синтетичен ратан - възглавници - PS дърво,,,,,,,,,,,,,,,,,,,,,,,,
mc-72643,,,,,,,,,,,,,,,,,,,,,,,,,,,,,,,,https://cdn.shopify.com/s/files/1/0925/7041/9533/files/set-saloni-dexia-gonia-trapezi-fb9607801-3.jpg?v=1773155244,4,Градински комплект с ъглов диван и маса CARSON сив синтетичен ратан - възглавници - PS дърво,,,,,,,,,,,,,,,,,,,,,,,,
mc-72643,,,,,,,,,,,,,,,,,,,,,,,,,,,,,,,,https://cdn.shopify.com/s/files/1/0925/7041/9533/files/set-saloni-dexia-gonia-trapezi-fb9607801-4.jpg?v=1773155244,5,Градински комплект с ъглов диван и маса CARSON сив синтетичен ратан - възглавници - PS дърво,,,,,,,,,,,,,,,,,,,,,,,,
mc-72643,,,,,,,,,,,,,,,,,,,,,,,,,,,,,,,,https://cdn.shopify.com/s/files/1/0925/7041/9533/files/set-saloni-dexia-gonia-trapezi-fb9607801-5.jpg?v=1773155245,6,Градински комплект с ъглов диван и маса CARSON сив синтетичен ратан - възглавници - PS дърво,,,,,,,,,,,,,,,,,,,,,,,,
mc-72643,,,,,,,,,,,,,,,,,,,,,,,,,,,,,,,,https://cdn.shopify.com/s/files/1/0925/7041/9533/files/set-saloni-dexia-gonia-trapezi-fb9607801-6.jpg?v=1773155245,7,Градински комплект с ъглов диван и маса CARSON сив синтетичен ратан - възглавници - PS дърво,,,,,,,,,,,,,,,,,,,,,,,,
mc-72643,,,,,,,,,,,,,,,,,,,,,,,,,,,,,,,,https://cdn.shopify.com/s/files/1/0925/7041/9533/files/set-saloni-dexia-gonia-trapezi-fb9607801-7.jpg?v=1773155245,8,Градински комплект с ъглов диван и маса CARSON сив синтетичен ратан - възглавници - PS дърво,,,,,,,,,,,,,,,,,,,,,,,,
mc-72643,,,,,,,,,,,,,,,,,,,,,,,,,,,,,,,,https://cdn.shopify.com/s/files/1/0925/7041/9533/files/set-saloni-dexia-gonia-trapezi-fb9607801-8.jpg?v=1773155245,9,Градински комплект с ъглов диван и маса CARSON сив синтетичен ратан - възглавници - PS дърво,,,,,,,,,,,,,,,,,,,,,,,,
mc-72618,ВЪНШЕН ФОТЬОЙЛ Икария ПОЛИПРОПИЛЕН БЯЛ 54x57x83H см.,"Фотьойлът Икария има всичко, което бихте искали от такъв вид мебел. Изработен е от едно цяло парче полипропилен в БЯЛ цвят с леко извита облегалка, която, както и седалката, има „перфорирана“ конструкция. Цялата конструкция е лека и удобна с високи подлакътници и ще се превърне в любимо място за сядане във всяко пространство благодарение на своята практичност. Идеален избор и за професионална употреба, като в кетъринг и др.<br>
<br>
СПЕЦИФИКАЦИИ:<br>
Размери: 54x57x83H см.<br>
Височина на седалката: 47 см.<br>
<br>
<br>
МАТЕРИАЛИ НА КОНСТРУКЦИЯТА:<br>
Целият фотьойл е изработен от подсилен полипропилен. Полипропиленът е особено устойчив на тежест и вода.<br>
<br>
ПОДДРЪЖКА:<br>
Полипропиленовите мебели се почистват лесно с влажна кърпа. Ако са на открито, могат да се почистват директно с течаща вода.<br>
<br>
** Цветопредаването на продукта може да се различава леко от неговото фотографско представяне на вашия екран.",Europe,,Столове-Фотьойли,"RelatedColor_Cappuccino, RelatedColor_Dark Olive, RelatedColor_Кафяв, RelatedColor_Сив, RelatedColor_Черен, Градински столове",true,Title,Default Title,,,,,,,,0051400,4800.0,shopify,74,deny,manual,34.94,56.58,true,true,,,,,5208067157711,https://cdn.shopify.com/s/files/1/0925/7041/9533/files/polythrona-exchoroy-fb9610201-leyko-poly.jpg?v=1773155221,1,ВЪНШЕН ФОТЬОЙЛ COMFEE ПОЛИПРОПИЛЕН БЯЛ 54x57x83H см.,false,,,,,,,,,,,,,,,,,,,,kg,,,active
mc-72618,,,,,,,,,,,,,,,,,,,,,,,,,,,,,,,,https://cdn.shopify.com/s/files/1/0925/7041/9533/files/polythrona-exchoroy-fb9610201-leyko-poly-1.jpg?v=1773155221,2,ВЪНШЕН ФОТЬОЙЛ COMFEE ПОЛИПРОПИЛЕН БЯЛ 54x57x83H см.,,,,,,,,,,,,,,,,,,,,,,,,
mc-72617,ВЪНШЕН СТОЛ Икария ПОЛИПРОПИЛЕН СИВ 41x57x82H см.,"Столът Икария има всичко, което искате от такъв вид мебел. Целият стол е изработен от едноцветен поли пропилен в СИВ цвят с леко извита облегалка, която, както и седалката, има ""перфорирана"" конструкция. Цялата конструкция е лека и удобна и ще се превърне в любимо място за сядане във всяко пространство благодарение на своята практичност. Идеален избор и за професионална употреба, като например в кетъринг и др., тъй като е НАСТРОИМ.<br>
<br>
СПЕЦИФИКАЦИИ:<br>
Размери: 41x57x82H см.<br>
Височина на седалката: 47 см.<br>
<br>
МАТЕРИАЛИ НА КОНСТРУКЦИЯТА:<br>
Целият стол е изработен от подсилен поли пропилен. Поли пропиленът е особено устойчив на тежест и вода, като също така има голяма устойчивост на температури до 125 градуса Целзий. Освен това, неговата издръжливост не се ограничава само до тежест, вода и температура, а е необичайно устойчива на много химически разтворители, киселини и основи.<br>
<br>
ПОДДРЪЖКА:<br>
Поли пропиленовите мебели се почистват лесно с влажна кърпа. Ако са на открито, могат да се почистват директно с течаща вода.<br>
<br>
** Цветопредаването на продукта може да се различава леко от неговото фотографско представяне на вашия екран.",Europe,,Столове-Фотьойли,"RelatedColor_Cappuccino, RelatedColor_Бял, RelatedColor_Кафяв, RelatedColor_Черен, Градински столове",true,Title,Default Title,,,,,,,,0514707,3800.0,shopify,162,deny,manual,30.82,49.91,true,true,,,,,5208067157698,https://cdn.shopify.com/s/files/1/0925/7041/9533/files/karekla-exotchoroy-fb9610103-gkri-polypr.jpg?v=1773155220,1,ВЪНШЕН СТОЛ COMFEE ПОЛИПРОПИЛЕН СИВ 41x57x82H см.,false,,,,,,,,,,,,,,,,,,,,kg,,,active
mc-72617,,,,,,,,,,,,,,,,,,,,,,,,,,,,,,,,https://cdn.shopify.com/s/files/1/0925/7041/9533/files/karekla-exotchoroy-fb9610103-gkri-polypr-1.jpg?v=1773155220,2,ВЪНШЕН СТОЛ COMFEE ПОЛИПРОПИЛЕН СИВ 41x57x82H см.,,,,,,,,,,,,,,,,,,,,,,,,
mc-72617,,,,,,,,,,,,,,,,,,,,,,,,,,,,,,,,https://cdn.shopify.com/s/files/1/0925/7041/9533/files/karekla-exotchoroy-fb9610103-gkri-polypr-2.jpg?v=1773155220,3,ВЪНШЕН СТОЛ COMFEE ПОЛИПРОПИЛЕН СИВ 41x57x82H см.,,,,,,,,,,,,,,,,,,,,,,,,
mc-72617,,,,,,,,,,,,,,,,,,,,,,,,,,,,,,,,https://cdn.shopify.com/s/files/1/0925/7041/9533/files/karekla-exotchoroy-fb9610103-gkri-polypr-3.jpg?v=1773155220,4,ВЪНШЕН СТОЛ COMFEE ПОЛИПРОПИЛЕН СИВ 41x57x82H см.,,,,,,,,,,,,,,,,,,,,,,,,
mc-72616,ВЪНШЕН СТОЛ Икария ПОЛИПРОПИЛЕН ЧЕРЕН 41x57x82H см.,"Столът Икария има всичко, което искате от такъв вид мебел. Целият стол е изработен от едноцветен поли пропилен в ЧЕРЕН цвят с леко извита облегалка, която, както и седалката, има ""перфорирана"" конструкция. Цялата конструкция е лека и удобна и ще се превърне в любимо място за сядане във всяко пространство благодарение на своята практичност. Идеален избор и за професионална употреба, като например в кетъринг и др., тъй като е НАСТРОИМ.<br>
<br>
СПЕЦИФИКАЦИИ:<br>
Размери: 41x57x82H см.<br>
Височина на седалката: 47 см.<br>
<br>
МАТЕРИАЛИ НА КОНСТРУКЦИЯТА:<br>
Целият стол е изработен от подсилен поли пропилен. Поли пропиленът е особено устойчив на тежест и вода, като също така има голяма устойчивост на температури до 125 градуса Целзий. Освен това, неговата издръжливост не се ограничава само до тежест, вода и температура, а е необичайно устойчива на много химически разтворители, киселини и основи.<br>
<br>
ПОДДРЪЖКА:<br>
Поли пропиленовите мебели се почистват лесно с влажна кърпа. Ако са на открито, могат да се почистват директно с течаща вода.<br>
<br>
** Цветопредаването на продукта може да се различава леко от неговото фотографско представяне на вашия екран.",Europe,,Столове-Фотьойли,"RelatedColor_Cappuccino, RelatedColor_Бял, RelatedColor_Кафяв, RelatedColor_Сив, Градински столове",true,Title,Default Title,,,,,,,,0514705,3800.0,shopify,371,deny,manual,30.82,49.91,true,true,,,,,5208067157674,https://cdn.shopify.com/s/files/1/0925/7041/9533/files/karekla-exotchoroy-fb9610102-mayro-polyp.jpg?v=1773155219,1,ВЪНШЕН СТОЛ COMFEE ПОЛИПРОПИЛЕН ЧЕРЕН 41x57x82H см.,false,,,,,,,,,,,,,,,,,,,,kg,,,active
mc-72615,ВЪНШЕН СТОЛ Икария ПОЛИПРОПИЛЕН БЯЛ 41x57x82H см.,"Столът Икария има всичко, което искате от такъв вид мебел. Целият стол е изработен от едноцветен поли пропилен в БЯЛ цвят с леко извита облегалка, която, както и седалката, има ""перфорирана"" конструкция. Цялата конструкция е лека и удобна и ще се превърне в любимо място за сядане във всяко пространство благодарение на своята практичност. Идеален избор и за професионална употреба, като например в кетъринг и др., тъй като е НАСТРОИМ.<br>
<br>
СПЕЦИФИКАЦИИ:<br>
Размери: 41x57x82H см.<br>
Височина на седалката: 47 см.<br>
<br>
<br>
МАТЕРИАЛИ НА КОНСТРУКЦИЯТА:<br>
Целият стол е изработен от подсилен поли пропилен. Поли пропиленът е особено устойчив на тежест и вода, като също така има голяма устойчивост на температури до 125 градуса Целзий. Освен това, неговата издръжливост не се ограничава само до тежест, вода и температура, а е необичайно устойчива на много химически разтворители, киселини и основи.<br>
<br>
ПОДДРЪЖКА:<br>
Поли пропиленовите мебели се почистват лесно с влажна кърпа. Ако са на открито, могат да се почистват директно с течаща вода.<br>
<br>
** Цветопредаването на продукта може да се различава леко от неговото фотографско представяне на вашия екран.",Europe,,Столове-Фотьойли,"RelatedColor_Cappuccino, RelatedColor_Dark Olive, RelatedColor_Кафяв, RelatedColor_Сив, RelatedColor_Черен, Градински столове",true,Title,Default Title,,,,,,,,0514704,3800.0,shopify,121,deny,manual,30.82,49.91,true,true,,,,,5208067157667,https://cdn.shopify.com/s/files/1/0925/7041/9533/files/karekla-exotchoroy-fb9610101-leyko-polyp.jpg?v=1773155219,1,ВЪНШЕН СТОЛ COMFEE ПОЛИПРОПИЛЕН БЯЛ 41x57x82H см.,false,,,,,,,,,,,,,,,,,,,,kg,,,active
mc-72598,Висящо гнездо MILLIE метал - синтетичен ратан с бели възглавници Φ95x195Hcm.,"Единичното висящо гнездо MILLIE е прекрасно. През времето хамаците са символ на безгрижие и релакс. Предлагаме ви този хамак във вид на висящо гнездо като голям фотьойл, изработен от синтетичен ратан в бял цвят с бели възглавници! Висящата рамка на хамак-гнездото е изработена от бял подсилен метал и хамакът виси на верига от една точка за окачване. Това гнездо може да се използва както за домашна, така и за бизнес употреба.<br>
<br>
РАЗМЕРИ:<br>
Размери на основата: Φ95x195H см.<br>
Размери на гнездото: 80x86x128H см.<br>
Размери на седалката: 80x80 см.<br>
Размери на облегалката: 66x45 см.<br>
Височина на седалката: 50 см.<br>
*Възглавниците имат връзка за регулиране на височината, която ви подхожда.<br>
<br>
МАТЕРИАЛИ ЗА КОНСТРУКЦИЯ:<br>
Основата е изработена от подсилен стомана с прахово покритие.<br>
Информация: Праховото покритие е сух процес на нанасяне, използван като метално покритие. Праховото покритие се нанася като сух прах чрез електростатичен процес, след което се втвърдява с топлина. Известно е с осигуряването на висококачествени покрития както по отношение на функционалността, така и на външния вид.<br>
<br>
Синтетичният ратан е синтетичен материал, изработен от PVC, т.е. висококачествени изкуствени влакна. Това осигурява отлична здравина и издръжливост при екстремни горещини или студ [-85C до +85C], като в същото време е обогатен с UV стабилизатор за допълнителна защита от слънцето.<br>
<br>
ПОДДРЪЖКА:<br>
Всичко, от което се нуждае хамакът, е почистване от прах и при необходимост почистване с влажна кърпа. Не използвайте химически почистващи препарати като белина и др.<br>
<br>
ПРЕДИМСТВА:<br>
• Здрава конструкция<br>
• Качествени материали за конструкция<br>
• Удивителен дизайн<br>
<br>
*Гнездото се доставя разглобено, в заводска опаковка<br>
** Цветопредаването на продукта може леко да се различава от фотографското му изображение на вашия екран.",Europe,,Люлки-Гнезда,Люлки-Гнезда,true,Title,Default Title,,,,,,,,0624009,30000.0,shopify,108,deny,manual,147.40,238.70,true,true,,,,,5208067148405,https://cdn.shopify.com/s/files/1/0925/7041/9533/files/kremasti-polythrona-folia-fb9599603-meta.jpg?v=1773155205,1,Висящо гнездо MILLIE метал - синтетичен ратан с бели възглавници Φ95x195Hcm.,false,,,,,,,,,,,,,,,,,,,,kg,,,active
mc-72598,,,,,,,,,,,,,,,,,,,,,,,,,,,,,,,,https://cdn.shopify.com/s/files/1/0925/7041/9533/files/kremasti-polythrona-folia-fb9599603-meta-1.jpg?v=1773155205,2,Висящо гнездо MILLIE метал - синтетичен ратан с бели възглавници Φ95x195Hcm.,,,,,,,,,,,,,,,,,,,,,,,,
mc-72598,,,,,,,,,,,,,,,,,,,,,,,,,,,,,,,,https://cdn.shopify.com/s/files/1/0925/7041/9533/files/kremasti-polythrona-folia-fb9599603-meta-2.jpg?v=1773155205,3,Висящо гнездо MILLIE метал - синтетичен ратан с бели възглавници Φ95x195Hcm.,,,,,,,,,,,,,,,,,,,,,,,,
mc-72598,,,,,,,,,,,,,,,,,,,,,,,,,,,,,,,,https://cdn.shopify.com/s/files/1/0925/7041/9533/files/kremasti-polythrona-folia-fb9599603-meta-3.jpg?v=1773155205,4,Висящо гнездо MILLIE метал - синтетичен ратан с бели възглавници Φ95x195Hcm.,,,,,,,,,,,,,,,,,,,,,,,,
mc-72598,,,,,,,,,,,,,,,,,,,,,,,,,,,,,,,,https://cdn.shopify.com/s/files/1/0925/7041/9533/files/kremasti-polythrona-folia-fb9599603-meta-4.jpg?v=1773155205,5,Висящо гнездо MILLIE метал - синтетичен ратан с бели възглавници Φ95x195Hcm.,,,,,,,,,,,,,,,,,,,,,,,,
mc-72598,,,,,,,,,,,,,,,,,,,,,,,,,,,,,,,,https://cdn.shopify.com/s/files/1/0925/7041/9533/files/kremasti-polythrona-folia-fb9599603-meta-5.jpg?v=1773155205,6,Висящо гнездо MILLIE метал - синтетичен ратан с бели възглавници Φ95x195Hcm.,,,,,,,,,,,,,,,,,,,,,,,,
mc-72598,,,,,,,,,,,,,,,,,,,,,,,,,,,,,,,,https://cdn.shopify.com/s/files/1/0925/7041/9533/files/kremasti-polythrona-folia-fb9599603-meta-6.jpg?v=1773155205,7,Висящо гнездо MILLIE метал - синтетичен ратан с бели възглавници Φ95x195Hcm.,,,,,,,,,,,,,,,,,,,,,,,,
mc-72598,,,,,,,,,,,,,,,,,,,,,,,,,,,,,,,,https://cdn.shopify.com/s/files/1/0925/7041/9533/files/kremasti-polythrona-folia-fb9599603-meta-7.jpg?v=1773155206,8,Висящо гнездо MILLIE метал - синтетичен ратан с бели възглавници Φ95x195Hcm.,,,,,,,,,,,,,,,,,,,,,,,,
mc-72598,,,,,,,,,,,,,,,,,,,,,,,,,,,,,,,,https://cdn.shopify.com/s/files/1/0925/7041/9533/files/kremasti-polythrona-folia-fb9599603-meta-8.jpg?v=1773155205,9,Висящо гнездо MILLIE метал - синтетичен ратан с бели възглавници Φ95x195Hcm.,,,,,,,,,,,,,,,,,,,,,,,,
mc-72598,,,,,,,,,,,,,,,,,,,,,,,,,,,,,,,,https://cdn.shopify.com/s/files/1/0925/7041/9533/files/kremasti-polythrona-folia-fb9599603-meta-9.jpg?v=1773155205,10,Висящо гнездо MILLIE метал - синтетичен ратан с бели възглавници Φ95x195Hcm.,,,,,,,,,,,,,,,,,,,,,,,,
mc-72576,Висящо гнездо MILLIE метална основа - синтетичен ратан и възглавници в сиво 90x75x190Hсм.,"Единичното висящо гнездо MILLIE е прекрасно. През времето хамаците са символ на безгрижие и релакс. Предлагаме ви този хамак във вид на висящо гнездо като голям фотьойл, изработен от синтетичен ратан в СИВ цвят с възглавници също в СИВ цвят! Основата на хамак-гнездото има 4 крака и е изработена от подсилен метал в СИВ цвят, а хамакът виси на верига от две точки за окачване. Това гнездо може да се използва както за домашна, така и за бизнес употреба.<br>
<br>
РАЗМЕРИ:<br>
Размери на гнездото: 90x75x110H см.<br>
Височина: 190 см.<br>
Размери на седалката: 44x45 см.<br>
Размери на облегалката: 36-66x40 см.<br>
Височина на седалката: 60 см.<br>
Разстояние между краката: 89-96x92-98 см.<br>
Възглавница за глава: 50x20 см.<br>
Възглавниците имат връзка за регулиране на височината, която ви подхожда.<br>
<br>
МАТЕРИАЛИ ЗА ИЗРАБОТКА:<br>
Основата е изработена от подсилен стомана с прахово покритие.<br>
Информация: Праховото покритие е сух процес на нанасяне на покритие, използван като метално покритие. Праховото покритие се нанася като сух прах чрез електростатичен процес, след което се втвърдява с топлина. Известно е с това, че осигурява висококачествени покрития както по отношение на функционалността, така и на външния вид.<br>
<br>
Синтетичният ратан е синтетичен материал, изработен от PVC, т.е. висококачествени изкуствени влакна. Това осигурява отлична здравина и издръжливост при екстремни топлинни или студени условия [-85C до +85C], като същевременно е обогатен с UV стабилизатор за допълнителна защита от слънцето.<br>
<br>
ПОДДРЪЖКА:<br>
Хамакът се нуждае само от почистване на прах и при необходимост почистване с влажна кърпа. Не използвайте химически почистващи препарати като белина и др.<br>
<br>
ПРЕДИМСТВА:<br>
• Здрава конструкция<br>
• Качествени материали за изработка<br>
• Отличен дизайн<br>
<br>
*Гнездото се доставя разглобено, в заводска опаковка<br>
** Цветопредаването на продукта може леко да се различава от фотографското му представяне на вашия екран.",Europe,,Люлки-Гнезда,Люлки-Гнезда,true,Title,Default Title,,,,,,,,0624012,23500.0,shopify,34,deny,manual,239.28,387.50,true,true,,,,,5208067148559,https://cdn.shopify.com/s/files/1/0925/7041/9533/files/kremasti-polythrona-folia-fb9599710-meta.jpg?v=1773155187,1,Висящо гнездо MILLIE метална основа - синтетичен ратан и възглавници в сиво 90x75x190Hсм.,false,,,,,,,,,,,,,,,,,,,,kg,,,active
mc-72576,,,,,,,,,,,,,,,,,,,,,,,,,,,,,,,,https://cdn.shopify.com/s/files/1/0925/7041/9533/files/kremasti-polythrona-folia-fb9599710-meta-1.jpg?v=1773155187,2,Висящо гнездо MILLIE метална основа - синтетичен ратан и възглавници в сиво 90x75x190Hсм.,,,,,,,,,,,,,,,,,,,,,,,,
mc-72576,,,,,,,,,,,,,,,,,,,,,,,,,,,,,,,,https://cdn.shopify.com/s/files/1/0925/7041/9533/files/kremasti-polythrona-folia-fb9599710-meta-2.jpg?v=1773155187,3,Висящо гнездо MILLIE метална основа - синтетичен ратан и възглавници в сиво 90x75x190Hсм.,,,,,,,,,,,,,,,,,,,,,,,,
mc-72576,,,,,,,,,,,,,,,,,,,,,,,,,,,,,,,,https://cdn.shopify.com/s/files/1/0925/7041/9533/files/kremasti-polythrona-folia-fb9599710-meta-3.jpg?v=1773155187,4,Висящо гнездо MILLIE метална основа - синтетичен ратан и възглавници в сиво 90x75x190Hсм.,,,,,,,,,,,,,,,,,,,,,,,,
mc-72576,,,,,,,,,,,,,,,,,,,,,,,,,,,,,,,,https://cdn.shopify.com/s/files/1/0925/7041/9533/files/kremasti-polythrona-folia-fb9599710-meta-4.jpg?v=1773155188,5,Висящо гнездо MILLIE метална основа - синтетичен ратан и възглавници в сиво 90x75x190Hсм.,,,,,,,,,,,,,,,,,,,,,,,,
mc-72576,,,,,,,,,,,,,,,,,,,,,,,,,,,,,,,,https://cdn.shopify.com/s/files/1/0925/7041/9533/files/kremasti-polythrona-folia-fb9599710-meta-5.jpg?v=1773155187,6,Висящо гнездо MILLIE метална основа - синтетичен ратан и възглавници в сиво 90x75x190Hсм.,,,,,,,,,,,,,,,,,,,,,,,,
mc-72576,,,,,,,,,,,,,,,,,,,,,,,,,,,,,,,,https://cdn.shopify.com/s/files/1/0925/7041/9533/files/kremasti-polythrona-folia-fb9599710-meta-6.jpg?v=1773155188,7,Висящо гнездо MILLIE метална основа - синтетичен ратан и възглавници в сиво 90x75x190Hсм.,,,,,,,,,,,,,,,,,,,,,,,,
mc-72576,,,,,,,,,,,,,,,,,,,,,,,,,,,,,,,,https://cdn.shopify.com/s/files/1/0925/7041/9533/files/kremasti-polythrona-folia-fb9599710-meta-7.jpg?v=1773155188,8,Висящо гнездо MILLIE метална основа - синтетичен ратан и възглавници в сиво 90x75x190Hсм.,,,,,,,,,,,,,,,,,,,,,,,,
mc-72576,,,,,,,,,,,,,,,,,,,,,,,,,,,,,,,,https://cdn.shopify.com/s/files/1/0925/7041/9533/files/kremasti-polythrona-folia-fb9599710-meta-8.jpg?v=1773155188,9,Висящо гнездо MILLIE метална основа - синтетичен ратан и възглавници в сиво 90x75x190Hсм.,,,,,,,,,,,,,,,,,,,,,,,,
mc-72576,,,,,,,,,,,,,,,,,,,,,,,,,,,,,,,,https://cdn.shopify.com/s/files/1/0925/7041/9533/files/kremasti-polythrona-folia-fb9599710-meta-9.jpg?v=1773155187,10,Висящо гнездо MILLIE метална основа - синтетичен ратан и възглавници в сиво 90x75x190Hсм.,,,,,,,,,,,,,,,,,,,,,,,,
mc-72573,Висящо гнездо MILLIE метал в кафяво - синтетичен ратан в кафяво Φ95x195Hсм.,"Единичното висящо гнездо MILLIE е прекрасно. През годините хамаците са символ на безгрижие и релакс. Предлагаме ви този хамак във вид на голям стол-гнездо, изработен от синтетичен ратан в кафяв цвят с бежови възглавници! Кръглата основа на хамак-гнездото е изработена от подсилен кафяв метал, а хамакът виси на верига от една точка за окачване. Това гнездо може да се използва както за домашна, така и за бизнес употреба.<br>
<br>
РАЗМЕРИ:<br>
Размери на основата: Φ95x195H см.<br>
Размери на гнездото: 80x86x128H см.<br>
Размери на седалката: 80x80 см.<br>
Размери на гърба: 66x45 см.<br>
Височина на седалката: 50 см.<br>
*Възглавниците имат връзка за регулиране на височината, която ви подхожда.<br>
<br>
МАТЕРИАЛИ НА КОНСТРУКЦИЯТА:<br>
Основата е изработена от подсилен стомана с прахово покритие.<br>
Информация: Праховото покритие е сух процес на нанасяне на покритие, използван като метално покритие. Праховото покритие се нанася като сух прах чрез електростатичен процес и след това се втвърдява с топлина. Известно е, че осигурява висококачествени покрития както по отношение на функционалността, така и на външния вид.<br>
<br>
Синтетичният ратан е синтетичен материал, изработен от PVC, т.е. висококачествени изкуствени влакна. Това осигурява отлична здравина и издръжливост при екстремни топлинни или студени условия [-85C до +85C], като същевременно е обогатен с UV стабилизатор за допълнителна защита от слънцето.<br>
<br>
ПОДДРЪЖКА:<br>
Всичко, от което се нуждае хамакът, е почистване от прах и при необходимост почистване с влажна кърпа. Не използвайте химически почистващи препарати като белина и др.<br>
<br>
ПРЕДИМСТВА:<br>
• Здрава конструкция<br>
• Качествени материали<br>
• Прекрасен дизайн<br>
<br>
*Гнездото се доставя разглобено, в заводска опаковка<br>
** Цветопредаването на продукта може да се различава леко от фотографското му представяне на вашия екран.",Europe,,Люлки-Гнезда,Люлки-Гнезда,true,Title,Default Title,,,,,,,,0624011,30000.0,shopify,32,deny,manual,147.40,238.70,true,true,,,,,5208067148504,https://cdn.shopify.com/s/files/1/0925/7041/9533/files/kremasti-polythrona-folia-fb9599605-meta.jpg?v=1773155186,1,Висящо гнездо MILLIE метал в кафяво - синтетичен ратан в кафяво Φ95x195Hсм.,false,,,,,,,,,,,,,,,,,,,,kg,,,active
mc-72573,,,,,,,,,,,,,,,,,,,,,,,,,,,,,,,,https://cdn.shopify.com/s/files/1/0925/7041/9533/files/kremasti-polythrona-folia-fb9599605-meta-1.jpg?v=1773155185,2,Висящо гнездо MILLIE метал в кафяво - синтетичен ратан в кафяво Φ95x195Hсм.,,,,,,,,,,,,,,,,,,,,,,,,
mc-72573,,,,,,,,,,,,,,,,,,,,,,,,,,,,,,,,https://cdn.shopify.com/s/files/1/0925/7041/9533/files/kremasti-polythrona-folia-fb9599605-meta-2.jpg?v=1773155185,3,Висящо гнездо MILLIE метал в кафяво - синтетичен ратан в кафяво Φ95x195Hсм.,,,,,,,,,,,,,,,,,,,,,,,,
mc-72573,,,,,,,,,,,,,,,,,,,,,,,,,,,,,,,,https://cdn.shopify.com/s/files/1/0925/7041/9533/files/kremasti-polythrona-folia-fb9599605-meta-3.jpg?v=1773155186,4,Висящо гнездо MILLIE метал в кафяво - синтетичен ратан в кафяво Φ95x195Hсм.,,,,,,,,,,,,,,,,,,,,,,,,
mc-72573,,,,,,,,,,,,,,,,,,,,,,,,,,,,,,,,https://cdn.shopify.com/s/files/1/0925/7041/9533/files/kremasti-polythrona-folia-fb9599605-meta-4.jpg?v=1773155185,5,Висящо гнездо MILLIE метал в кафяво - синтетичен ратан в кафяво Φ95x195Hсм.,,,,,,,,,,,,,,,,,,,,,,,,
mc-72573,,,,,,,,,,,,,,,,,,,,,,,,,,,,,,,,https://cdn.shopify.com/s/files/1/0925/7041/9533/files/kremasti-polythrona-folia-fb9599605-meta-5.jpg?v=1773155186,6,Висящо гнездо MILLIE метал в кафяво - синтетичен ратан в кафяво Φ95x195Hсм.,,,,,,,,,,,,,,,,,,,,,,,,
mc-72573,,,,,,,,,,,,,,,,,,,,,,,,,,,,,,,,https://cdn.shopify.com/s/files/1/0925/7041/9533/files/kremasti-polythrona-folia-fb9599605-meta-6.jpg?v=1773155186,7,Висящо гнездо MILLIE метал в кафяво - синтетичен ратан в кафяво Φ95x195Hсм.,,,,,,,,,,,,,,,,,,,,,,,,
mc-72573,,,,,,,,,,,,,,,,,,,,,,,,,,,,,,,,https://cdn.shopify.com/s/files/1/0925/7041/9533/files/kremasti-polythrona-folia-fb9599605-meta-7.jpg?v=1773155186,8,Висящо гнездо MILLIE метал в кафяво - синтетичен ратан в кафяво Φ95x195Hсм.,,,,,,,,,,,,,,,,,,,,,,,,
mc-72573,,,,,,,,,,,,,,,,,,,,,,,,,,,,,,,,https://cdn.shopify.com/s/files/1/0925/7041/9533/files/kremasti-polythrona-folia-fb9599605-meta-8.jpg?v=1773155185,9,Висящо гнездо MILLIE метал в кафяво - синтетичен ратан в кафяво Φ95x195Hсм.,,,,,,,,,,,,,,,,,,,,,,,,
mc-72573,,,,,,,,,,,,,,,,,,,,,,,,,,,,,,,,https://cdn.shopify.com/s/files/1/0925/7041/9533/files/kremasti-polythrona-folia-fb9599605-meta-9.jpg?v=1773155185,10,Висящо гнездо MILLIE метал в кафяво - синтетичен ратан в кафяво Φ95x195Hсм.,,,,,,,,,,,,,,,,,,,,,,,,
mc-72569,ОКАЧЕН ГНЕЗДОВИДЕН СТОЛ MILLIE МЕТАЛ ЧЕРЕН-СИНТЕТИЧЕН РАТАН БЕЖОВ Φ95x195Hсм.,"Единичното висящо гнездо MILLIE е прекрасно. През времето хамаците са символ на безгрижие и релаксация. Предлагаме ви този хамак във вид на висящо гнездо като голям фотьойл, изработен от синтетичен ратан в БЕЖОВ цвят с ЧЕРНИ възглавници! Кръглата основа на хамак-гнездото е изработена от ЧЕРЕН подсилен метал, а хамакът виси на верига от една точка за окачване. Това гнездо може да се използва както за домашна, така и за бизнес употреба.<br>
<br>
РАЗМЕРИ:<br>
Размери на основата: Φ95x195H см.<br>
Размери на гнездото: 80x86x128H см.<br>
Размери на седалката: 80x80 см.<br>
Размери на облегалката: 66x45 см.<br>
Височина на седалката: 50 см.<br>
*Възглавниците имат връв за регулиране на височината, която ви подхожда.<br>
<br>
МАТЕРИАЛИ ЗА КОНСТРУКЦИЯ:<br>
Основата е изработена от подсилен стомана с прахово покритие.<br>
Информация: Праховото покритие е сух процес на нанасяне на покритие, използван като метално покритие. Праховото покритие се нанася като сух прах чрез електростатичен процес, след което се втвърдява с топлина. Известно е с това, че осигурява висококачествени покрития както по отношение на функционалността, така и на външния вид.<br>
<br>
Синтетичният ратан е синтетичен материал, изработен от PVC, т.е. висококачествени изкуствени влакна. Това осигурява отлична здравина и издръжливост при екстремни топлинни или студени условия [-85C до +85C], като същевременно е обогатен с UV стабилизатор за допълнителна защита от слънцето.<br>
<br>
ПОДДРЪЖКА:<br>
Всичко, от което хамакът се нуждае, е почистване от прах и при необходимост почистване с влажна кърпа. Не използвайте химически почистващи препарати, като белина и др.<br>
<br>
ПРЕДИМСТВА:<br>
• Здрава конструкция<br>
• Качествени материали за конструкция<br>
• Удивителен дизайн<br>
<br>
*Гнездото се доставя разглобено, в заводска опаковка<br>
** Цветопредаването на продукта може леко да се различава от фотографското му представяне на вашия екран.",Europe,,Люлки-Гнезда,Люлки-Гнезда,true,Title,Default Title,,,,,,,,0624008,30000.0,shopify,106,deny,manual,147.40,238.70,true,true,,,,,5208067148351,https://cdn.shopify.com/s/files/1/0925/7041/9533/files/kremasti-polythrona-folia-fb9599604-meta.jpg?v=1773155182,1,ОКАЧЕН ГНЕЗДОВИДЕН СТОЛ MILLIE МЕТАЛ ЧЕРЕН-СИНТЕТИЧЕН РАТАН БЕЖОВ Φ95x195Hсм.,false,,,,,,,,,,,,,,,,,,,,kg,,,active
mc-72569,,,,,,,,,,,,,,,,,,,,,,,,,,,,,,,,https://cdn.shopify.com/s/files/1/0925/7041/9533/files/kremasti-polythrona-folia-fb9599604-meta-1.jpg?v=1773155182,2,ОКАЧЕН ГНЕЗДОВИДЕН СТОЛ MILLIE МЕТАЛ ЧЕРЕН-СИНТЕТИЧЕН РАТАН БЕЖОВ Φ95x195Hсм.,,,,,,,,,,,,,,,,,,,,,,,,
mc-72569,,,,,,,,,,,,,,,,,,,,,,,,,,,,,,,,https://cdn.shopify.com/s/files/1/0925/7041/9533/files/kremasti-polythrona-folia-fb9599604-meta-2.jpg?v=1773155182,3,ОКАЧЕН ГНЕЗДОВИДЕН СТОЛ MILLIE МЕТАЛ ЧЕРЕН-СИНТЕТИЧЕН РАТАН БЕЖОВ Φ95x195Hсм.,,,,,,,,,,,,,,,,,,,,,,,,
mc-72569,,,,,,,,,,,,,,,,,,,,,,,,,,,,,,,,https://cdn.shopify.com/s/files/1/0925/7041/9533/files/kremasti-polythrona-folia-fb9599604-meta-3.jpg?v=1773155182,4,ОКАЧЕН ГНЕЗДОВИДЕН СТОЛ MILLIE МЕТАЛ ЧЕРЕН-СИНТЕТИЧЕН РАТАН БЕЖОВ Φ95x195Hсм.,,,,,,,,,,,,,,,,,,,,,,,,
mc-72569,,,,,,,,,,,,,,,,,,,,,,,,,,,,,,,,https://cdn.shopify.com/s/files/1/0925/7041/9533/files/kremasti-polythrona-folia-fb9599604-meta-4.jpg?v=1773155183,5,ОКАЧЕН ГНЕЗДОВИДЕН СТОЛ MILLIE МЕТАЛ ЧЕРЕН-СИНТЕТИЧЕН РАТАН БЕЖОВ Φ95x195Hсм.,,,,,,,,,,,,,,,,,,,,,,,,
mc-72569,,,,,,,,,,,,,,,,,,,,,,,,,,,,,,,,https://cdn.shopify.com/s/files/1/0925/7041/9533/files/kremasti-polythrona-folia-fb9599604-meta-5.jpg?v=1773155182,6,ОКАЧЕН ГНЕЗДОВИДЕН СТОЛ MILLIE МЕТАЛ ЧЕРЕН-СИНТЕТИЧЕН РАТАН БЕЖОВ Φ95x195Hсм.,,,,,,,,,,,,,,,,,,,,,,,,
mc-72569,,,,,,,,,,,,,,,,,,,,,,,,,,,,,,,,https://cdn.shopify.com/s/files/1/0925/7041/9533/files/kremasti-polythrona-folia-fb9599604-meta-6.jpg?v=1773155183,7,ОКАЧЕН ГНЕЗДОВИДЕН СТОЛ MILLIE МЕТАЛ ЧЕРЕН-СИНТЕТИЧЕН РАТАН БЕЖОВ Φ95x195Hсм.,,,,,,,,,,,,,,,,,,,,,,,,
mc-72569,,,,,,,,,,,,,,,,,,,,,,,,,,,,,,,,https://cdn.shopify.com/s/files/1/0925/7041/9533/files/kremasti-polythrona-folia-fb9599604-meta-7.jpg?v=1773155182,8,ОКАЧЕН ГНЕЗДОВИДЕН СТОЛ MILLIE МЕТАЛ ЧЕРЕН-СИНТЕТИЧЕН РАТАН БЕЖОВ Φ95x195Hсм.,,,,,,,,,,,,,,,,,,,,,,,,
mc-72569,,,,,,,,,,,,,,,,,,,,,,,,,,,,,,,,https://cdn.shopify.com/s/files/1/0925/7041/9533/files/kremasti-polythrona-folia-fb9599604-meta-8.jpg?v=1773155182,9,ОКАЧЕН ГНЕЗДОВИДЕН СТОЛ MILLIE МЕТАЛ ЧЕРЕН-СИНТЕТИЧЕН РАТАН БЕЖОВ Φ95x195Hсм.,,,,,,,,,,,,,,,,,,,,,,,,
mc-72569,,,,,,,,,,,,,,,,,,,,,,,,,,,,,,,,https://cdn.shopify.com/s/files/1/0925/7041/9533/files/kremasti-polythrona-folia-fb9599604-meta-9.jpg?v=1773155183,10,ОКАЧЕН ГНЕЗДОВИДЕН СТОЛ MILLIE МЕТАЛ ЧЕРЕН-СИНТЕТИЧЕН РАТАН БЕЖОВ Φ95x195Hсм.,,,,,,,,,,,,,,,,,,,,,,,,
mc-72499,ГРАДИНСКИ ФОТЬОЙЛ Хиос ЧЕРЕН МЕТАЛ-ЧЕРЕН ТЕКСТИЛЕН 56x60x88см.,"Фотьойлът Хиос с черен цвят на рамката е още едно ново попълнение в нашия асортимент! Гърбът е леко наклонен за повече комфорт, а седалката, вместо възглавница, е изработена от издръжлива текстилена материя в черен цвят. Подлакътниците са извити и сравнително широки. Освен това, фактът, че е наслагваем, го прави много практичен, тъй като може да се съхранява на най-малкото възможно пространство.<br>
<br>
РАЗМЕРИ:<br>
56x60x88H см.<br>
Размери на седалката: 41x49 см.<br>
Размери на гърба: 47x39 см.<br>
Височина на подлакътника: 61.5 см.<br>
Височина на седалката: 44 см.<br>
Височина на краката: 39 см.<br>
Разстояние между краката: 56x56 см.<br>
<br>
<br>
МАТЕРИАЛИ ЗА ИЗРАБОТКА:<br>
Рамката на фотьойла е изработена от стомана с прахово покритие. Праховото покритие е сух процес на нанасяне, използван като метално покритие. Праховото покритие се нанася като сух прах чрез електростатичен процес и след това се втвърдява с топлина.<br>
<br>
Фотьойлът е тапициран с висококачествена текстилена материя 2x1. Това е плътна, здрава и издръжлива полиестерна материя, изработена от полиестерни влакна с PVC.<br>
<br>
<br>
ПОДДРЪЖКА:<br>
Благодарение на издръжливостта на материалите за изработка, поддръжката на фотьойла е лесна. Освен редовното почистване от прах, може да се избърсва с влажна кърпа.<br>
<br>
ПРЕДИМСТВА:<br>
• Здрава конструкция<br>
• Модерен дизайн<br>
• Лесна поддръжка<br>
• НАСЛАГВАЕМ<br>
• Отлично съотношение цена-качество<br>
**Точният цвят на продукта може леко да се различава от реалния поради различните настройки на монитора.",Europe,,Столове-Фотьойли,"RelatedColor_Бял, RelatedColor_Кафяв, RelatedColor_Сив, Градински столове",true,Title,Default Title,,,,,,,,0615247,3700.0,shopify,1052,deny,manual,25.65,41.54,true,true,,,,,5208067143318,https://cdn.shopify.com/s/files/1/0925/7041/9533/files/polythrona-exchoroy-fb9597603-metallo-ma.jpg?v=1773155137,1,ГРАДИНСКИ ФОТЬОЙЛ REDAN ЧЕРЕН МЕТАЛ-ЧЕРЕН ТЕКСТИЛЕН 56x60x88см.,false,,,,,,,,,,,,,,,,,,,,kg,,,active
mc-72498,ГРАДИНСКИ ФОТЬОЙЛ Хиос БЯЛ МЕТАЛ-БЯЛ ТЕКСТИЛЕН 56x60x88см.,"Фотьойлът Хиос с бял цвят на рамката е още едно ново попълнение в нашия асортимент! Гърбът е леко наклонен за повече комфорт, а седалката, вместо възглавница, е изработена от издръжлива текстилена материя в бял цвят. Подлакътниците са извити и сравнително широки. Освен това, фактът, че е наслагваем, го прави много практичен, тъй като може да се съхранява на най-малкото възможно пространство.<br>
<br>
РАЗМЕРИ:<br>
56x60x88H см.<br>
Размери на седалката: 41x49 см.<br>
Размери на гърба: 47x39 см.<br>
Височина на подлакътника: 61.5 см.<br>
Височина на седалката: 44 см.<br>
Височина на краката: 39 см.<br>
Разстояние между краката: 56x56 см.<br>
<br>
<br>
МАТЕРИАЛИ ЗА ИЗРАБОТКА:<br>
Рамката на фотьойла е изработена от стомана с прахово покритие. Праховото покритие е сух процес на нанасяне, използван като метално покритие. Праховото покритие се нанася като сух прах чрез електростатичен процес и след това се втвърдява с топлина.<br>
<br>
Фотьойлът е тапициран с висококачествена текстилена материя 2x1. Това е плътна, здрава и издръжлива полиестерна материя, изработена от полиестерни влакна с PVC.<br>
<br>
<br>
ПОДДРЪЖКА:<br>
Благодарение на издръжливостта на материалите за изработка, поддръжката на фотьойла е лесна. Освен редовното почистване от прах, може да се избърсва с влажна кърпа.<br>
<br>
ПРЕДИМСТВА:<br>
• Здрава конструкция<br>
• Модерен дизайн<br>
• Лесна поддръжка<br>
• НАСЛАГВАЕМ<br>
• Отлично съотношение цена-качество<br>
**Точният цвят на продукта може леко да се различава от реалния поради различните настройки на монитора.",Europe,,Столове-Фотьойли,"RelatedColor_Кафяв, RelatedColor_Сив, RelatedColor_Черен, Градински столове",true,Title,Default Title,,,,,,,,0615246,4000.0,shopify,339,deny,manual,25.65,41.54,true,true,,,,,,https://cdn.shopify.com/s/files/1/0925/7041/9533/files/polythrona-exchoroy-fb9597602-metallo-le.jpg?v=1773155136,1,ГРАДИНСКИ ФОТЬОЙЛ REDAN БЯЛ МЕТАЛ-БЯЛ ТЕКСТИЛЕН 56x60x88см.,false,,,,,,,,,,,,,,,,,,,,kg,,,active
mc-72498,,,,,,,,,,,,,,,,,,,,,,,,,,,,,,,,https://cdn.shopify.com/s/files/1/0925/7041/9533/files/polythrona-exchoroy-fb9597602-metallo-le-1.jpg?v=1773155136,2,ГРАДИНСКИ ФОТЬОЙЛ REDAN БЯЛ МЕТАЛ-БЯЛ ТЕКСТИЛЕН 56x60x88см.,,,,,,,,,,,,,,,,,,,,,,,,
mc-72498,,,,,,,,,,,,,,,,,,,,,,,,,,,,,,,,https://cdn.shopify.com/s/files/1/0925/7041/9533/files/polythrona-exchoroy-fb9597602-metallo-le-2.jpg?v=1773155136,3,ГРАДИНСКИ ФОТЬОЙЛ REDAN БЯЛ МЕТАЛ-БЯЛ ТЕКСТИЛЕН 56x60x88см.,,,,,,,,,,,,,,,,,,,,,,,,
mc-72498,,,,,,,,,,,,,,,,,,,,,,,,,,,,,,,,https://cdn.shopify.com/s/files/1/0925/7041/9533/files/polythrona-exchoroy-fb9597602-metallo-le-3.jpg?v=1773155136,4,ГРАДИНСКИ ФОТЬОЙЛ REDAN БЯЛ МЕТАЛ-БЯЛ ТЕКСТИЛЕН 56x60x88см.,,,,,,,,,,,,,,,,,,,,,,,,
mc-72498,,,,,,,,,,,,,,,,,,,,,,,,,,,,,,,,https://cdn.shopify.com/s/files/1/0925/7041/9533/files/polythrona-exchoroy-fb9597602-metallo-le-4.jpg?v=1773155136,5,ГРАДИНСКИ ФОТЬОЙЛ REDAN БЯЛ МЕТАЛ-БЯЛ ТЕКСТИЛЕН 56x60x88см.,,,,,,,,,,,,,,,,,,,,,,,,
mc-72498,,,,,,,,,,,,,,,,,,,,,,,,,,,,,,,,https://cdn.shopify.com/s/files/1/0925/7041/9533/files/polythrona-exchoroy-fb9597602-metallo-le-5.jpg?v=1773155136,6,ГРАДИНСКИ ФОТЬОЙЛ REDAN БЯЛ МЕТАЛ-БЯЛ ТЕКСТИЛЕН 56x60x88см.,,,,,,,,,,,,,,,,,,,,,,,,
mc-72498,,,,,,,,,,,,,,,,,,,,,,,,,,,,,,,,https://cdn.shopify.com/s/files/1/0925/7041/9533/files/polythrona-exchoroy-fb9597602-metallo-le-6.jpg?v=1773155136,7,ГРАДИНСКИ ФОТЬОЙЛ REDAN БЯЛ МЕТАЛ-БЯЛ ТЕКСТИЛЕН 56x60x88см.,,,,,,,,,,,,,,,,,,,,,,,,
mc-72498,,,,,,,,,,,,,,,,,,,,,,,,,,,,,,,,https://cdn.shopify.com/s/files/1/0925/7041/9533/files/polythrona-exchoroy-fb9597602-metallo-le-7.jpg?v=1773155137,8,ГРАДИНСКИ ФОТЬОЙЛ REDAN БЯЛ МЕТАЛ-БЯЛ ТЕКСТИЛЕН 56x60x88см.,,,,,,,,,,,,,,,,,,,,,,,,
mc-72498,,,,,,,,,,,,,,,,,,,,,,,,,,,,,,,,https://cdn.shopify.com/s/files/1/0925/7041/9533/files/polythrona-exchoroy-fb9597602-metallo-le-8.jpg?v=1773155137,9,ГРАДИНСКИ ФОТЬОЙЛ REDAN БЯЛ МЕТАЛ-БЯЛ ТЕКСТИЛЕН 56x60x88см.,,,,,,,,,,,,,,,,,,,,,,,,
mc-72498,,,,,,,,,,,,,,,,,,,,,,,,,,,,,,,,https://cdn.shopify.com/s/files/1/0925/7041/9533/files/polythrona-exchoroy-fb9597602-metallo-le-9.jpg?v=1773155136,10,ГРАДИНСКИ ФОТЬОЙЛ REDAN БЯЛ МЕТАЛ-БЯЛ ТЕКСТИЛЕН 56x60x88см.,,,,,,,,,,,,,,,,,,,,,,,,
mc-72491,КРЪГЛА МАСА Симе МЕТАЛ ЧЕРЕН С ТОП СТЪКЛО Ф70Х70см.,"Симе е кръгла маса с прозрачен плот от закалено стъкло. Този плот се поддържа от метална колона с 4 красиво извити крака. Красива и здрава маса, която в комбинация със съответстващи столове ще украси вашето външно пространство.<br>
<br>
РАЗМЕРИ:<br>
Φ70x70В см.<br>
<br>
МАТЕРИАЛИ ЗА ИЗРАБОТКА:<br>
Краката са метални и имат пластмасови капачки в долната част за защита на подовете.<br>
<br>
Характерна особеност на тази маса е нейната повърхност. Тя е изработена от закалено или безопасно стъкло.<br>
Закаленото стъкло е вид безопасно стъкло, което е около четири пъти по-здраво от обикновеното стъкло. За разлика от обикновеното стъкло, което при счупване се разпада на остри парчета, закаленото стъкло се чупи на малки, относително безвредни гранулирани частици. Поради това закаленото стъкло се използва в среди, където безопасността на хората е важна, като домашни приложения и др.<br>
<br>
ПОДДРЪЖКА:<br>
От гореизложеното е ясно, че не се изисква специална поддръжка. Достатъчно е почистване с влажна кърпа или дори със специални почистващи препарати.<br>
<br>
*Продуктът се доставя разглобен в заводска опаковка<br>
** Цветопредаването на продукта може да се различава леко от фотографското му представяне на вашия екран.",Europe,,Маси,"RelatedColor_Кафяв, Градински маси, Градински маси за кафе",true,Title,Default Title,,,,,,,,0603165,9000.0,shopify,0,deny,manual,29.39,47.59,true,true,,,,,5208067143097,https://cdn.shopify.com/s/files/1/0925/7041/9533/files/trapezi-stroggylo-fb9514603-metalliko-ma.jpg?v=1773155130,1,КРЪГЛА МАСА LIMA МЕТАЛ ЧЕРЕН С ТОП СТЪКЛО Ф70Х70см.,false,,,,,,,,,,,,,,,,,,,,kg,,,active
mc-72490,СТОЛ Скирос МЕТАЛНА РАМКА-АЛУМИНИЕВА СЕДАЛКА И ПОДДРЪЖКА БЯЛ 54x56x79см.,"Външният стол Скирос е изработен от метал и алуминий в БЯЛ цвят. Рамката му е метална, докато облегалката и седалката са направени от алуминиеви ""ламели"". По отношение на дизайна е семпъл с красиви извивки и ниски подлакътници, а фактът, че е лек и СТАПИВАЕМ, го прави особено практичен, тъй като може лесно да се съхранява в най-малкото възможно пространство.<br>
<br>
РАЗМЕРИ:<br>
54x56x79H см.<br>
Размери на седалката: 42.5x42 см.<br>
Размери на облегалката: 42.5x41.5 см.<br>
Височина на подлакътника: 58.5 см.<br>
Височина на седалката: 41.5 см.<br>
Височина на краката: 39 см.<br>
Разстояние между краката: 44.5-49x51-55.5 см.<br>
Разстояние между задните крака: 45.5-50.5 см.<br>
<br>
Метални спецификации: Φ24x0.8мм<br>
<br>
<br>
МАТЕРИАЛИ ЗА КОНСТРУКЦИЯ:<br>
Алуминият е ""зелен"" и корозионно устойчив материал, който може да се рециклира безкрайно, запазвайки характеристиките си без никакво влошаване на качеството.<br>
<br>
Информация: Праховото покритие е сух процес на покритие, използван като метално покритие. Праховото покритие се нанася като сух прах чрез електростатичен процес, след което се втвърдява с топлина.<br>
<br>
<br>
ПОДДРЪЖКА:<br>
Благодарение на издръжливостта на материалите за конструкция, поддръжката на стола е лесна. Освен редовното почистване от прах, може да се избърсва с влажна кърпа.<br>
<br>
* Цветопредаването на продукта може да се различава леко от неговото фотографско представяне на вашия екран.",Europe,,Столове-Фотьойли,"RelatedColor_Черен, Градински столове",true,Title,Default Title,,,,,,,,0615241,3000.0,shopify,123,deny,manual,22.20,35.96,true,true,,,,,5208067143059,https://cdn.shopify.com/s/files/1/0925/7041/9533/files/karekla-fb9597002-metalskeletos-plati-ka.jpg?v=1773155129,1,СТОЛ PRELUDE МЕТАЛНА РАМКА-АЛУМИНИЕВА СЕДАЛКА И ПОДДРЪЖКА БЯЛ 54x56x79см.,false,,,,,,,,,,,,,,,,,,,,kg,,,active
mc-72490,,,,,,,,,,,,,,,,,,,,,,,,,,,,,,,,https://cdn.shopify.com/s/files/1/0925/7041/9533/files/karekla-fb9597002-metalskeletos-plati-ka-1.jpg?v=1773155129,2,СТОЛ PRELUDE МЕТАЛНА РАМКА-АЛУМИНИЕВА СЕДАЛКА И ПОДДРЪЖКА БЯЛ 54x56x79см.,,,,,,,,,,,,,,,,,,,,,,,,
mc-72490,,,,,,,,,,,,,,,,,,,,,,,,,,,,,,,,https://cdn.shopify.com/s/files/1/0925/7041/9533/files/karekla-fb9597002-metalskeletos-plati-ka-2.jpg?v=1773155129,3,СТОЛ PRELUDE МЕТАЛНА РАМКА-АЛУМИНИЕВА СЕДАЛКА И ПОДДРЪЖКА БЯЛ 54x56x79см.,,,,,,,,,,,,,,,,,,,,,,,,
mc-72490,,,,,,,,,,,,,,,,,,,,,,,,,,,,,,,,https://cdn.shopify.com/s/files/1/0925/7041/9533/files/karekla-fb9597002-metalskeletos-plati-ka-3.jpg?v=1773155129,4,СТОЛ PRELUDE МЕТАЛНА РАМКА-АЛУМИНИЕВА СЕДАЛКА И ПОДДРЪЖКА БЯЛ 54x56x79см.,,,,,,,,,,,,,,,,,,,,,,,,
mc-72490,,,,,,,,,,,,,,,,,,,,,,,,,,,,,,,,https://cdn.shopify.com/s/files/1/0925/7041/9533/files/karekla-fb9597002-metalskeletos-plati-ka-4.jpg?v=1773155129,5,СТОЛ PRELUDE МЕТАЛНА РАМКА-АЛУМИНИЕВА СЕДАЛКА И ПОДДРЪЖКА БЯЛ 54x56x79см.,,,,,,,,,,,,,,,,,,,,,,,,
mc-72490,,,,,,,,,,,,,,,,,,,,,,,,,,,,,,,,https://cdn.shopify.com/s/files/1/0925/7041/9533/files/karekla-fb9597002-metalskeletos-plati-ka-5.jpg?v=1773155129,6,СТОЛ PRELUDE МЕТАЛНА РАМКА-АЛУМИНИЕВА СЕДАЛКА И ПОДДРЪЖКА БЯЛ 54x56x79см.,,,,,,,,,,,,,,,,,,,,,,,,
mc-72490,,,,,,,,,,,,,,,,,,,,,,,,,,,,,,,,https://cdn.shopify.com/s/files/1/0925/7041/9533/files/karekla-fb9597002-metalskeletos-plati-ka-6.jpg?v=1773155129,7,СТОЛ PRELUDE МЕТАЛНА РАМКА-АЛУМИНИЕВА СЕДАЛКА И ПОДДРЪЖКА БЯЛ 54x56x79см.,,,,,,,,,,,,,,,,,,,,,,,,
mc-72490,,,,,,,,,,,,,,,,,,,,,,,,,,,,,,,,https://cdn.shopify.com/s/files/1/0925/7041/9533/files/karekla-fb9597002-metalskeletos-plati-ka-7.jpg?v=1773155129,8,СТОЛ PRELUDE МЕТАЛНА РАМКА-АЛУМИНИЕВА СЕДАЛКА И ПОДДРЪЖКА БЯЛ 54x56x79см.,,,,,,,,,,,,,,,,,,,,,,,,
mc-72490,,,,,,,,,,,,,,,,,,,,,,,,,,,,,,,,https://cdn.shopify.com/s/files/1/0925/7041/9533/files/karekla-fb9597002-metalskeletos-plati-ka-8.jpg?v=1773155129,9,СТОЛ PRELUDE МЕТАЛНА РАМКА-АЛУМИНИЕВА СЕДАЛКА И ПОДДРЪЖКА БЯЛ 54x56x79см.,,,,,,,,,,,,,,,,,,,,,,,,
mc-72490,,,,,,,,,,,,,,,,,,,,,,,,,,,,,,,,https://cdn.shopify.com/s/files/1/0925/7041/9533/files/karekla-fb9597002-metalskeletos-plati-ka-9.jpg?v=1773155129,10,СТОЛ PRELUDE МЕТАЛНА РАМКА-АЛУМИНИЕВА СЕДАЛКА И ПОДДРЪЖКА БЯЛ 54x56x79см.,,,,,,,,,,,,,,,,,,,,,,,,
mc-72488,ТРАПЕЗНА МАСА BRUNO МЕТАЛ В ЦВЯТ ШАМПАНСКО-СТЪКЛО С ОТВОР ЗА ЧАДЪР 150X90x72см.,"Външна маса за хранене BRUNO с метална рамка в цвят ШАМПАНСКО и непрозрачна стъклена повърхност! Това е много популярна маса, която не липсва почти на нито един балкон или градина. Тя е правоъгълна с заоблени ъгли, а стъклената повърхност е подсилена (закалена). Масата разполага и с отвор в центъра за поставяне на чадър.<br>
<br>
РАЗМЕРИ:<br>
150X90x72См<br>
Разстояние между краката: 126x66 см<br>
Отвор за чадър: Φ38 мм.<br>
<br>
МАТЕРИАЛИ ЗА ИЗРАБОТКА:<br>
Рамката и краката са метални с прахово покритие. Праховото покритие е сух процес на нанасяне, използван като метално покритие. Праховото покритие се нанася като сух прах чрез електростатичен процес, след което се втвърдява с топлина.<br>
<br>
Закаленото стъкло е вид безопасно стъкло, което е около четири пъти по-здраво от обикновеното стъкло. За разлика от обикновеното стъкло, което при счупване се разпада на остри парчета, закаленото стъкло се чупи на малки, относително безвредни гранулирани частици. Поради това закаленото стъкло се използва в среди, където безопасността на хората е важна, като домашни приложения и др.<br>
<br>
ПОДДРЪЖКА:<br>
От гореизложеното е ясно, че не е необходима специална поддръжка. Достатъчно е почистване с влажна кърпа или дори със специални почистващи препарати.<br>
<br>
ПРЕДИМСТВА:<br>
• Класически и вечен дизайн<br>
• Отвор за поставяне на чадър<br>
• Отлично съотношение цена-качество<br>
<br>
*Продуктът се доставя разглобен и е лесен за сглобяване, тъй като всички необходими части са включени в опаковката.<br>
** Цветопредаването на продукта може да се различава леко от фотографското му представяне на вашия екран.",Europe,,Маси,"Градински маси, Градински маси за хранене",true,Title,Default Title,,,,,,,,0603175,24500.0,shopify,99,deny,manual,76.38,123.69,true,true,,,,,5208067143189,https://cdn.shopify.com/s/files/1/0925/7041/9533/files/trapezi-fb9514514-metalliko-sampani-me-g.jpg?v=1773155126,1,ТРАПЕЗНА МАСА BRUNO МЕТАЛ В ЦВЯТ ШАМПАНСКО-СТЪКЛО С ОТВОР ЗА ЧАДЪР 150X90x72см.,false,,,,,,,,,,,,,,,,,,,,kg,,,active
mc-72488,,,,,,,,,,,,,,,,,,,,,,,,,,,,,,,,https://cdn.shopify.com/s/files/1/0925/7041/9533/files/trapezi-fb9514514-metalliko-sampani-me-g-1.jpg?v=1773155126,2,ТРАПЕЗНА МАСА BRUNO МЕТАЛ В ЦВЯТ ШАМПАНСКО-СТЪКЛО С ОТВОР ЗА ЧАДЪР 150X90x72см.,,,,,,,,,,,,,,,,,,,,,,,,
mc-72488,,,,,,,,,,,,,,,,,,,,,,,,,,,,,,,,https://cdn.shopify.com/s/files/1/0925/7041/9533/files/trapezi-fb9514514-metalliko-sampani-me-g-2.jpg?v=1773155126,3,ТРАПЕЗНА МАСА BRUNO МЕТАЛ В ЦВЯТ ШАМПАНСКО-СТЪКЛО С ОТВОР ЗА ЧАДЪР 150X90x72см.,,,,,,,,,,,,,,,,,,,,,,,,
mc-72488,,,,,,,,,,,,,,,,,,,,,,,,,,,,,,,,https://cdn.shopify.com/s/files/1/0925/7041/9533/files/trapezi-fb9514514-metalliko-sampani-me-g-3.jpg?v=1773155126,4,ТРАПЕЗНА МАСА BRUNO МЕТАЛ В ЦВЯТ ШАМПАНСКО-СТЪКЛО С ОТВОР ЗА ЧАДЪР 150X90x72см.,,,,,,,,,,,,,,,,,,,,,,,,
mc-72488,,,,,,,,,,,,,,,,,,,,,,,,,,,,,,,,https://cdn.shopify.com/s/files/1/0925/7041/9533/files/trapezi-fb9514514-metalliko-sampani-me-g-4.jpg?v=1773155127,5,ТРАПЕЗНА МАСА BRUNO МЕТАЛ В ЦВЯТ ШАМПАНСКО-СТЪКЛО С ОТВОР ЗА ЧАДЪР 150X90x72см.,,,,,,,,,,,,,,,,,,,,,,,,
mc-72488,,,,,,,,,,,,,,,,,,,,,,,,,,,,,,,,https://cdn.shopify.com/s/files/1/0925/7041/9533/files/trapezi-fb9514514-metalliko-sampani-me-g-5.jpg?v=1773155127,6,ТРАПЕЗНА МАСА BRUNO МЕТАЛ В ЦВЯТ ШАМПАНСКО-СТЪКЛО С ОТВОР ЗА ЧАДЪР 150X90x72см.,,,,,,,,,,,,,,,,,,,,,,,,
mc-72488,,,,,,,,,,,,,,,,,,,,,,,,,,,,,,,,https://cdn.shopify.com/s/files/1/0925/7041/9533/files/trapezi-fb9514514-metalliko-sampani-me-g-6.jpg?v=1773155128,7,ТРАПЕЗНА МАСА BRUNO МЕТАЛ В ЦВЯТ ШАМПАНСКО-СТЪКЛО С ОТВОР ЗА ЧАДЪР 150X90x72см.,,,,,,,,,,,,,,,,,,,,,,,,
mc-72488,,,,,,,,,,,,,,,,,,,,,,,,,,,,,,,,https://cdn.shopify.com/s/files/1/0925/7041/9533/files/trapezi-fb9514514-metalliko-sampani-me-g-7.jpg?v=1773155127,8,ТРАПЕЗНА МАСА BRUNO МЕТАЛ В ЦВЯТ ШАМПАНСКО-СТЪКЛО С ОТВОР ЗА ЧАДЪР 150X90x72см.,,,,,,,,,,,,,,,,,,,,,,,,
mc-72483,ТРАПЕЗНА МАСА BRUNO МЕТАЛ В ЦВЯТ ШАМПАНСКО-СТЪКЛО 150x90x72см.,"Външна трапезна маса BRUNO с метална рамка в цвят шампанско и непрозрачен стъклен плот! Това е много популярна маса, която не липсва почти на нито един балкон или градина. Тя е правоъгълна с заоблени ъгли, а стъкленият плот е подсилен (закалено стъкло).<br>
<br>
РАЗМЕРИ:<br>
150x90x72Y см.<br>
<br>
МАТЕРИАЛИ НА КОНСТРУКЦИЯТА:<br>
Рамката и краката са метални с прахово покритие. Праховото покритие е сух процес на нанасяне, използван като метално покритие. Праховото покритие се нанася като сух прах чрез електростатичен процес, след което се втвърдява чрез нагряване.<br>
<br>
Закаленото стъкло е вид безопасно стъкло, около четири пъти по-здраво от обикновеното стъкло. За разлика от обикновеното стъкло, което при счупване се разпада на остри парчета, закаленото стъкло се разпада на малки, относително безвредни гранулирани частици. Поради това закаленото стъкло се използва в среди, където безопасността на хората е важна, като домашни приложения и др.<br>
<br>
ПОДДРЪЖКА:<br>
От горното е ясно, че не е необходима специална поддръжка. Достатъчно е почистване с влажна кърпа или дори със специални почистващи препарати.<br>
<br>
ПРЕДИМСТВА:<br>
• Класически и вечен дизайн<br>
• Качествени материали за конструкция<br>
• Отлично съотношение цена-качество<br>
<br>
*Продуктът се доставя разглобен и е лесен за сглобяване, тъй като всички необходими части са включени в пакета.<br>
** Възможно е цветопредаването на продукта да се различава леко от фотографското му представяне на вашия екран.",Europe,,Маси,Градински маси за хранене,true,Title,Default Title,,,,,,,,0603174,24500.0,shopify,84,deny,manual,76.38,123.69,true,true,,,,,5208067143196,https://cdn.shopify.com/s/files/1/0925/7041/9533/files/trapezi-fb9514504-metalliko-sampani-me-g.jpg?v=1773155122,1,ТРАПЕЗНА МАСА BRUNO МЕТАЛ В ЦВЯТ ШАМПАНСКО-СТЪКЛО 150x90x72см.,false,,,,,,,,,,,,,,,,,,,,kg,,,active
mc-72482,ТРАПЕЗНА МАСА BRUNO МЕТАЛ В ЦВЯТ ШАМПАНСКО-СТЪКЛО 160x90x72см.,"Външна трапезна маса BRUNO с метална рамка в цвят шампанско и непрозрачен стъклен плот! Това е много популярна маса, която не липсва почти на нито един балкон или градина. Тя е правоъгълна с заоблени ъгли, а стъкленият плот е подсилен (закалено стъкло).<br>
<br>
РАЗМЕРИ:<br>
160x90x72Y см.<br>
<br>
МАТЕРИАЛИ НА КОНСТРУКЦИЯТА:<br>
Рамката и краката са метални с прахово покритие. Праховото покритие е сух процес на нанасяне, използван като метално покритие. Праховото покритие се нанася като сух прах чрез електростатичен процес, след което се втвърдява чрез нагряване.<br>
<br>
Закаленото стъкло е вид безопасно стъкло, около четири пъти по-здраво от обикновеното стъкло. За разлика от обикновеното стъкло, което при счупване се разпада на остри парчета, закаленото стъкло се разпада на малки, относително безвредни гранулирани частици. Поради това закаленото стъкло се използва в среди, където безопасността на хората е важна, като домашни приложения и др.<br>
<br>
ПОДДРЪЖКА:<br>
От горното е ясно, че не е необходима специална поддръжка. Достатъчно е почистване с влажна кърпа или дори със специални почистващи препарати.<br>
<br>
ПРЕДИМСТВА:<br>
• Класически и вечен дизайн<br>
• Качествени материали за конструкция<br>
• Отлично съотношение цена-качество<br>
<br>
*Продуктът се доставя разглобен и е лесен за сглобяване, тъй като всички необходими части са включени в пакета.<br>
** Възможно е цветопредаването на продукта да се различава леко от фотографското му представяне на вашия екран.",Europe,,Маси,"RelatedColor_Кафяв, Градински маси за хранене",true,Title,Default Title,,,,,,,,0603176,25000.0,shopify,59,deny,manual,107.20,173.60,true,true,,,,,5208067143202,https://cdn.shopify.com/s/files/1/0925/7041/9533/files/trapezi-fb9507404-metalliko-sampani-me-g.jpg?v=1773155120,1,ТРАПЕЗНА МАСА BRUNO МЕТАЛ В ЦВЯТ ШАМПАНСКО-СТЪКЛО 160x90x72см.,false,,,,,,,,,,,,,,,,,,,,kg,,,active
mc-72462,Външна квадратна помощна маса DIDO метал в бяло - стъкло 40x40x40Hсм.,"Външната странична маса DIDO в бял цвят е квадратна с заоблени ъгли и 4 типични крака. Това е малка маса в стил, който не липсва почти на нито една тераса или градина.<br>
<br>
РАЗМЕРИ:<br>
40x40x40H см.<br>
Разстояние между краката: 42x42 см.<br>
Размери на плота: 40x40 см.<br>
Метална рамка: Φ24x0.8 мм дебелина<br>
<br>
МАТЕРИАЛИ НА КОНСТРУКЦИЯТА:<br>
Рамката е метална с прахово покритие. Праховото покритие е сух процес на нанасяне, използван като метално покритие. Праховото покритие се нанася като сух прах чрез електростатичен процес, след което се втвърдява с топлина.<br>
Плотът е изработен от закалено стъкло или безопасно стъкло.<br>
Закаленото или закалено стъкло е вид безопасно стъкло, около четири пъти по-здраво от обикновеното стъкло. За разлика от обикновеното стъкло, което може да се разпадне на остри парчета при счупване, закаленото стъкло се чупи на малки, относително безвредни гранулирани парчета. Поради това закаленото стъкло се използва в среди, където безопасността на хората е важна, като домашни приложения и др.<br>
<br>
ПОДДРЪЖКА:<br>
От горното е ясно, че не е необходима специална поддръжка. Избърсване с влажна кърпа или дори с подходящи почистващи препарати е достатъчно.<br>
<br>
**Точният цветови оттенък на продукта може да се различава леко от реалния продукт поради различните настройки на монитора.",Europe,,Маси,"RelatedColor_Сив, Градински маси за кафе",true,Title,Default Title,,,,,,,,0507247,3000.0,shopify,198,deny,manual,19.10,30.94,true,true,,,,,5208067143288,https://cdn.shopify.com/s/files/1/0925/7041/9533/files/trapezaki-exchoroy-tetragono-fb9597502-l.jpg?v=1773155101,1,Външна квадратна помощна маса DIDO метал в бяло - стъкло 40x40x40Hсм.,false,,,,,,,,,,,,,,,,,,,,kg,,,active
mc-72462,,,,,,,,,,,,,,,,,,,,,,,,,,,,,,,,https://cdn.shopify.com/s/files/1/0925/7041/9533/files/trapezaki-exchoroy-tetragono-fb9597502-l-1.jpg?v=1773155101,2,Външна квадратна помощна маса DIDO метал в бяло - стъкло 40x40x40Hсм.,,,,,,,,,,,,,,,,,,,,,,,,
mc-72462,,,,,,,,,,,,,,,,,,,,,,,,,,,,,,,,https://cdn.shopify.com/s/files/1/0925/7041/9533/files/trapezaki-exchoroy-tetragono-fb9597502-l-2.jpg?v=1773155101,3,Външна квадратна помощна маса DIDO метал в бяло - стъкло 40x40x40Hсм.,,,,,,,,,,,,,,,,,,,,,,,,
mc-72462,,,,,,,,,,,,,,,,,,,,,,,,,,,,,,,,https://cdn.shopify.com/s/files/1/0925/7041/9533/files/trapezaki-exchoroy-tetragono-fb9597502-l-3.jpg?v=1773155101,4,Външна квадратна помощна маса DIDO метал в бяло - стъкло 40x40x40Hсм.,,,,,,,,,,,,,,,,,,,,,,,,
mc-72462,,,,,,,,,,,,,,,,,,,,,,,,,,,,,,,,https://cdn.shopify.com/s/files/1/0925/7041/9533/files/trapezaki-exchoroy-tetragono-fb9597502-l-4.jpg?v=1773155101,5,Външна квадратна помощна маса DIDO метал в бяло - стъкло 40x40x40Hсм.,,,,,,,,,,,,,,,,,,,,,,,,
mc-72462,,,,,,,,,,,,,,,,,,,,,,,,,,,,,,,,https://cdn.shopify.com/s/files/1/0925/7041/9533/files/trapezaki-exchoroy-tetragono-fb9597502-l-5.jpg?v=1773155103,6,Външна квадратна помощна маса DIDO метал в бяло - стъкло 40x40x40Hсм.,,,,,,,,,,,,,,,,,,,,,,,,
mc-72462,,,,,,,,,,,,,,,,,,,,,,,,,,,,,,,,https://cdn.shopify.com/s/files/1/0925/7041/9533/files/trapezaki-exchoroy-tetragono-fb9597502-l-6.jpg?v=1773155101,7,Външна квадратна помощна маса DIDO метал в бяло - стъкло 40x40x40Hсм.,,,,,,,,,,,,,,,,,,,,,,,,
mc-72441,"Стол Скирос с метална рамка, алуминиева седалка и облегалка - черен 54x56x79Hсм.","Външният стол Скирос е изработен от метал и алуминий в ЧЕРЕН цвят. Рамката му е метална, а облегалката и седалката са от алуминиеви ""ламели"". По дизайн е семпъл с красиви извивки и ниски подлакътници, а фактът, че е лек и СТАПВАЕМ, го прави особено практичен, тъй като може лесно да се съхранява на минимално пространство.<br>
<br>
РАЗМЕРИ:<br>
54x56x79H см.<br>
Размери на седалката: 42.5x42 см.<br>
Размери на облегалката: 42.5x41.5 см.<br>
Височина на подлакътника: 58.5 см.<br>
Височина на седалката: 41.5 см.<br>
Височина на краката: 39 см.<br>
Разстояние между краката: 44.5-49x51-55.5 см.<br>
Разстояние между задните крака: 45.5-50.5 см.<br>
<br>
Спецификации на метала: Φ24x0.8мм<br>
<br>
МАТЕРИАЛИ ЗА ИЗРАБОТКА:<br>
Алуминият е ""зелен"" и корозионно устойчив материал, който може да се рециклира безкрайно, запазвайки характеристиките си без загуба на качество.<br>
<br>
Информация: Праховото покритие е сух процес на покриване, използван като метално покритие. Праховото покритие се нанася като сух прах чрез електростатичен процес и след това се втвърдява с топлина.<br>
<br>
ПОДДРЪЖКА:<br>
Благодарение на издръжливостта на материалите, поддръжката на стола е лесна. Освен редовното почистване от прах, може да се избърсва с влажна кърпа.<br>
<br>
* Цветопредаването на продукта може да се различава леко от фотографското му изображение на вашия екран.",Europe,,Столове-Фотьойли,"RelatedColor_Бял, Градински столове",true,Title,Default Title,,,,,,,,0615242,3000.0,shopify,0,deny,manual,22.20,35.96,true,true,,,,,5208067143042,https://cdn.shopify.com/s/files/1/0925/7041/9533/files/karekla-fb9597003-metalskeletos-plati-ka.jpg?v=1773155085,1,"Стол PRELUDE с метална рамка, алуминиева седалка и облегалка - черен 54x56x79Hсм.",false,,,,,,,,,,,,,,,,,,,,kg,,,active
mc-72441,,,,,,,,,,,,,,,,,,,,,,,,,,,,,,,,https://cdn.shopify.com/s/files/1/0925/7041/9533/files/karekla-fb9597003-metalskeletos-plati-ka-1.jpg?v=1773155085,2,"Стол PRELUDE с метална рамка, алуминиева седалка и облегалка - черен 54x56x79Hсм.",,,,,,,,,,,,,,,,,,,,,,,,
mc-72441,,,,,,,,,,,,,,,,,,,,,,,,,,,,,,,,https://cdn.shopify.com/s/files/1/0925/7041/9533/files/karekla-fb9597003-metalskeletos-plati-ka-2.jpg?v=1773155085,3,"Стол PRELUDE с метална рамка, алуминиева седалка и облегалка - черен 54x56x79Hсм.",,,,,,,,,,,,,,,,,,,,,,,,
mc-72441,,,,,,,,,,,,,,,,,,,,,,,,,,,,,,,,https://cdn.shopify.com/s/files/1/0925/7041/9533/files/karekla-fb9597003-metalskeletos-plati-ka-3.jpg?v=1773155084,4,"Стол PRELUDE с метална рамка, алуминиева седалка и облегалка - черен 54x56x79Hсм.",,,,,,,,,,,,,,,,,,,,,,,,
mc-72441,,,,,,,,,,,,,,,,,,,,,,,,,,,,,,,,https://cdn.shopify.com/s/files/1/0925/7041/9533/files/karekla-fb9597003-metalskeletos-plati-ka-4.jpg?v=1773155084,5,"Стол PRELUDE с метална рамка, алуминиева седалка и облегалка - черен 54x56x79Hсм.",,,,,,,,,,,,,,,,,,,,,,,,
mc-72441,,,,,,,,,,,,,,,,,,,,,,,,,,,,,,,,https://cdn.shopify.com/s/files/1/0925/7041/9533/files/karekla-fb9597003-metalskeletos-plati-ka-5.jpg?v=1773155085,6,"Стол PRELUDE с метална рамка, алуминиева седалка и облегалка - черен 54x56x79Hсм.",,,,,,,,,,,,,,,,,,,,,,,,
mc-72441,,,,,,,,,,,,,,,,,,,,,,,,,,,,,,,,https://cdn.shopify.com/s/files/1/0925/7041/9533/files/karekla-fb9597003-metalskeletos-plati-ka-6.jpg?v=1773155085,7,"Стол PRELUDE с метална рамка, алуминиева седалка и облегалка - черен 54x56x79Hсм.",,,,,,,,,,,,,,,,,,,,,,,,
mc-72441,,,,,,,,,,,,,,,,,,,,,,,,,,,,,,,,https://cdn.shopify.com/s/files/1/0925/7041/9533/files/karekla-fb9597003-metalskeletos-plati-ka-7.jpg?v=1773155085,8,"Стол PRELUDE с метална рамка, алуминиева седалка и облегалка - черен 54x56x79Hсм.",,,,,,,,,,,,,,,,,,,,,,,,
mc-72441,,,,,,,,,,,,,,,,,,,,,,,,,,,,,,,,https://cdn.shopify.com/s/files/1/0925/7041/9533/files/karekla-fb9597003-metalskeletos-plati-ka-8.jpg?v=1773155085,9,"Стол PRELUDE с метална рамка, алуминиева седалка и облегалка - черен 54x56x79Hсм.",,,,,,,,,,,,,,,,,,,,,,,,
mc-72434,Фотьойл RELAX COMPANION шампанско цветен текстилен и черен метал 67x145x110Hcm.,"COMPANION е многофункционален сгъваем стол, който ще обикнете! Той има метална рамка в ЧЕРЕН цвят и текстилен в ЦВЯТ ШАМПАНСКО и разполага с пълен механизъм за наклон (релакс), което означава, че облегалката ""пада"" почти напълно, а ""предният панел"" (подложката за крака) се вдига, създавайки легло по някакъв начин, като има дори и възглавница за глава, която перфектно допълва стола. Относително ниското му тегло позволява лесно да го носите навсякъде, където ви е нужен – от плажа до болница, като стол за придружител.<br>
Това е абсолютната задължителна опция!<br>
<br>
РАЗМЕРИ:<br>
67x67-145x89-110H см.<br>
Размери на седалката: 52.5x48 см.<br>
Размери на облегалката: 52.5x76 см.<br>
Височина на подлакътника: 53-65 см.<br>
Височина на седалката: 50 см.<br>
Височина на краката: 47 см.<br>
Разстояние между краката: 60x78 см.<br>
<br>
Метални спецификации: Φ22мм<br>
<br>
МАТЕРИАЛИ ЗА ИЗРАБОТКА:<br>
Рамката е метална, а облицовката е направена от водоустойчива подсилена текстилен плат 2x1. Това е дебела, здрава и издръжлива полиестерна тъкан. Това означава, че е изработена от полиестерни нишки, тъкани от край до край, и е покрита с PVC.<br>
<br>
ПОДДРЪЖКА:<br>
Редовно почистване с влажна кърпа е достатъчно, за да поддържате стола в отлично състояние.<br>
<br>
** Цветопредаването на продукта може леко да се различава от фотографското му представяне на вашия екран.",Europe,,Столове-Фотьойли,Градински столове,true,Title,Default Title,,,,,,,,0615235,7000.0,shopify,203,deny,manual,36.86,59.68,true,true,,,,,5208067148771,https://cdn.shopify.com/s/files/1/0925/7041/9533/files/polythrona-relax-fb9509514-sampani-texti.jpg?v=1773155075,1,Фотьойл RELAX COMPANION шампанско цветен текстилен и черен метал 67x145x110Hcm.,false,,,,,,,,,,,,,,,,,,,,kg,,,active
mc-72434,,,,,,,,,,,,,,,,,,,,,,,,,,,,,,,,https://cdn.shopify.com/s/files/1/0925/7041/9533/files/polythrona-relax-fb9509514-sampani-texti-1.jpg?v=1773155075,2,Фотьойл RELAX COMPANION шампанско цветен текстилен и черен метал 67x145x110Hcm.,,,,,,,,,,,,,,,,,,,,,,,,
mc-72434,,,,,,,,,,,,,,,,,,,,,,,,,,,,,,,,https://cdn.shopify.com/s/files/1/0925/7041/9533/files/polythrona-relax-fb9509514-sampani-texti-2.jpg?v=1773155075,3,Фотьойл RELAX COMPANION шампанско цветен текстилен и черен метал 67x145x110Hcm.,,,,,,,,,,,,,,,,,,,,,,,,
mc-72434,,,,,,,,,,,,,,,,,,,,,,,,,,,,,,,,https://cdn.shopify.com/s/files/1/0925/7041/9533/files/polythrona-relax-fb9509514-sampani-texti-3.jpg?v=1773155075,4,Фотьойл RELAX COMPANION шампанско цветен текстилен и черен метал 67x145x110Hcm.,,,,,,,,,,,,,,,,,,,,,,,,
mc-72434,,,,,,,,,,,,,,,,,,,,,,,,,,,,,,,,https://cdn.shopify.com/s/files/1/0925/7041/9533/files/polythrona-relax-fb9509514-sampani-texti-4.jpg?v=1773155074,5,Фотьойл RELAX COMPANION шампанско цветен текстилен и черен метал 67x145x110Hcm.,,,,,,,,,,,,,,,,,,,,,,,,
mc-72434,,,,,,,,,,,,,,,,,,,,,,,,,,,,,,,,https://cdn.shopify.com/s/files/1/0925/7041/9533/files/polythrona-relax-fb9509514-sampani-texti-5.jpg?v=1773155074,6,Фотьойл RELAX COMPANION шампанско цветен текстилен и черен метал 67x145x110Hcm.,,,,,,,,,,,,,,,,,,,,,,,,
mc-72434,,,,,,,,,,,,,,,,,,,,,,,,,,,,,,,,https://cdn.shopify.com/s/files/1/0925/7041/9533/files/polythrona-relax-fb9509514-sampani-texti-6.jpg?v=1773155075,7,Фотьойл RELAX COMPANION шампанско цветен текстилен и черен метал 67x145x110Hcm.,,,,,,,,,,,,,,,,,,,,,,,,
mc-72434,,,,,,,,,,,,,,,,,,,,,,,,,,,,,,,,https://cdn.shopify.com/s/files/1/0925/7041/9533/files/polythrona-relax-fb9509514-sampani-texti-7.jpg?v=1773155075,8,Фотьойл RELAX COMPANION шампанско цветен текстилен и черен метал 67x145x110Hcm.,,,,,,,,,,,,,,,,,,,,,,,,
mc-72434,,,,,,,,,,,,,,,,,,,,,,,,,,,,,,,,https://cdn.shopify.com/s/files/1/0925/7041/9533/files/polythrona-relax-fb9509514-sampani-texti-8.jpg?v=1773155075,9,Фотьойл RELAX COMPANION шампанско цветен текстилен и черен метал 67x145x110Hcm.,,,,,,,,,,,,,,,,,,,,,,,,
mc-72434,,,,,,,,,,,,,,,,,,,,,,,,,,,,,,,,https://cdn.shopify.com/s/files/1/0925/7041/9533/files/polythrona-relax-fb9509514-sampani-texti-9.jpg?v=1773155076,10,Фотьойл RELAX COMPANION шампанско цветен текстилен и черен метал 67x145x110Hcm.,,,,,,,,,,,,,,,,,,,,,,,,
mc-72433,Фотьойл RELAX COMPANION бежов текстилен и черен метал 67x145x110Hcm.,"COMPANION е многофункционален сгъваем стол, който ще обикнете! Той има метална рамка в ЧЕРЕН цвят и текстилен в БЕЖОВ цвят и разполага с пълен релакс механизъм, което означава, че облегалката се накланя почти изцяло назад, а „предната част“ (опората за крака) се повдига, създавайки по този начин легло, а има и възглавница за глава, която перфектно допълва стола. Относително ниското му тегло ви позволява лесно да го пренасяте навсякъде, където ви е необходим – от плажа до болница, като стол за придружител.<br>
Това е абсолютният задължителен избор!<br>
<br>
РАЗМЕРИ:<br>
67x67-145x89-110H см.<br>
Размери на седалката: 52.5x48 см.<br>
Размери на облегалката: 52.5x76 см.<br>
Височина на подлакътника: 53-65 см.<br>
Височина на седалката: 50 см.<br>
Височина на краката: 47 см.<br>
Разстояние между краката: 60x78 см.<br>
<br>
Метални спецификации: Φ22мм<br>
<br>
МАТЕРИАЛИ ЗА ИЗРАБОТКА:<br>
Рамката е метална, а покритието е изработено от водоустойчива подсилена текстиленова материя 2x1. Това е плътна, здрава и издръжлива полиестерна тъкан, която представлява полиестерни нишки, тъкани от край до край и покрити с PVC.<br>
<br>
ПОДДРЪЖКА:<br>
Редовното почистване с влажна кърпа е достатъчно, за да поддържате стола в отлично състояние.<br>
<br>
** Цветопредаването на продукта може да се различава леко от фотографското му представяне на вашия екран.",Europe,,Столове-Фотьойли,Градински столове,true,Title,Default Title,,,,,,,,0615233,7000.0,shopify,250,deny,manual,36.86,59.68,true,true,,,,,5208067148733,https://cdn.shopify.com/s/files/1/0925/7041/9533/files/polythrona-relax-fb9509512-mpez-textilen.jpg?v=1773155074,1,Фотьойл RELAX COMPANION бежов текстилен и черен метал 67x145x110Hcm.,false,,,,,,,,,,,,,,,,,,,,kg,,,active
mc-72433,,,,,,,,,,,,,,,,,,,,,,,,,,,,,,,,https://cdn.shopify.com/s/files/1/0925/7041/9533/files/polythrona-relax-fb9509512-mpez-textilen-1.jpg?v=1773155074,2,Фотьойл RELAX COMPANION бежов текстилен и черен метал 67x145x110Hcm.,,,,,,,,,,,,,,,,,,,,,,,,
mc-72433,,,,,,,,,,,,,,,,,,,,,,,,,,,,,,,,https://cdn.shopify.com/s/files/1/0925/7041/9533/files/polythrona-relax-fb9509512-mpez-textilen-2.jpg?v=1773155073,3,Фотьойл RELAX COMPANION бежов текстилен и черен метал 67x145x110Hcm.,,,,,,,,,,,,,,,,,,,,,,,,
mc-72433,,,,,,,,,,,,,,,,,,,,,,,,,,,,,,,,https://cdn.shopify.com/s/files/1/0925/7041/9533/files/polythrona-relax-fb9509512-mpez-textilen-3.jpg?v=1773155074,4,Фотьойл RELAX COMPANION бежов текстилен и черен метал 67x145x110Hcm.,,,,,,,,,,,,,,,,,,,,,,,,
mc-72433,,,,,,,,,,,,,,,,,,,,,,,,,,,,,,,,https://cdn.shopify.com/s/files/1/0925/7041/9533/files/polythrona-relax-fb9509512-mpez-textilen-4.jpg?v=1773155073,5,Фотьойл RELAX COMPANION бежов текстилен и черен метал 67x145x110Hcm.,,,,,,,,,,,,,,,,,,,,,,,,
mc-72433,,,,,,,,,,,,,,,,,,,,,,,,,,,,,,,,https://cdn.shopify.com/s/files/1/0925/7041/9533/files/polythrona-relax-fb9509512-mpez-textilen-5.jpg?v=1773155073,6,Фотьойл RELAX COMPANION бежов текстилен и черен метал 67x145x110Hcm.,,,,,,,,,,,,,,,,,,,,,,,,
mc-72433,,,,,,,,,,,,,,,,,,,,,,,,,,,,,,,,https://cdn.shopify.com/s/files/1/0925/7041/9533/files/polythrona-relax-fb9509512-mpez-textilen-6.jpg?v=1773155074,7,Фотьойл RELAX COMPANION бежов текстилен и черен метал 67x145x110Hcm.,,,,,,,,,,,,,,,,,,,,,,,,
mc-72433,,,,,,,,,,,,,,,,,,,,,,,,,,,,,,,,https://cdn.shopify.com/s/files/1/0925/7041/9533/files/polythrona-relax-fb9509512-mpez-textilen-7.jpg?v=1773155074,8,Фотьойл RELAX COMPANION бежов текстилен и черен метал 67x145x110Hcm.,,,,,,,,,,,,,,,,,,,,,,,,
mc-72433,,,,,,,,,,,,,,,,,,,,,,,,,,,,,,,,https://cdn.shopify.com/s/files/1/0925/7041/9533/files/polythrona-relax-fb9509512-mpez-textilen-8.jpg?v=1773155074,9,Фотьойл RELAX COMPANION бежов текстилен и черен метал 67x145x110Hcm.,,,,,,,,,,,,,,,,,,,,,,,,
mc-72433,,,,,,,,,,,,,,,,,,,,,,,,,,,,,,,,https://cdn.shopify.com/s/files/1/0925/7041/9533/files/polythrona-relax-fb9509512-mpez-textilen-9.jpg?v=1773155074,10,Фотьойл RELAX COMPANION бежов текстилен и черен метал 67x145x110Hcm.,,,,,,,,,,,,,,,,,,,,,,,,
mc-72432,Фотьойл RELAX COMPANION кафяв текстилен и черен метал 67x145x110Hcm.,"COMPANION е многофункционален сгъваем стол, който ще обикнете! Той има метална рамка в ЧЕРЕН цвят и текстилен в КАФЯВ цвят и разполага с пълен релакс механизъм, което означава, че облегалката се накланя почти изцяло назад, а „предната част“ (опората за крака) се повдига, създавайки по този начин легло, а има и възглавница за глава, която перфектно допълва стола. Относително ниското му тегло ви позволява лесно да го пренасяте навсякъде, където ви е необходим – от плажа до болница, като стол за придружител.<br>
Това е абсолютният задължителен избор!<br>
<br>
РАЗМЕРИ:<br>
67x67-145x89-110H см.<br>
Размери на седалката: 52.5x48 см.<br>
Размери на облегалката: 52.5x76 см.<br>
Височина на подлакътника: 53-65 см.<br>
Височина на седалката: 50 см.<br>
Височина на краката: 47 см.<br>
Разстояние между краката: 60x78 см.<br>
Метални спецификации: Φ22мм<br>
<br>
МАТЕРИАЛИ ЗА ИЗРАБОТКА:<br>
Рамката е метална, а покритието е изработено от водоустойчива подсилена текстиленова материя 2x1. Това е плътна, здрава и издръжлива полиестерна тъкан, която представлява полиестерни нишки, тъкани от край до край и покрити с PVC.<br>
<br>
ПОДДРЪЖКА:<br>
Редовното почистване с влажна кърпа е достатъчно, за да поддържате стола в отлично състояние.<br>
<br>
** Цветопредаването на продукта може да се различава леко от фотографското му представяне на вашия екран.",Europe,,Столове-Фотьойли,Градински столове,true,Title,Default Title,,,,,,,,0615234,7000.0,shopify,104,deny,manual,36.86,59.68,true,true,,,,,5208067148757,https://cdn.shopify.com/s/files/1/0925/7041/9533/files/polythrona-relax-fb9509513-kafe-textilen.jpg?v=1773155072,1,Фотьойл RELAX COMPANION кафяв текстилен и черен метал 67x145x110Hcm.,false,,,,,,,,,,,,,,,,,,,,kg,,,active
mc-72432,,,,,,,,,,,,,,,,,,,,,,,,,,,,,,,,https://cdn.shopify.com/s/files/1/0925/7041/9533/files/polythrona-relax-fb9509513-kafe-textilen-1.jpg?v=1773155072,2,Фотьойл RELAX COMPANION кафяв текстилен и черен метал 67x145x110Hcm.,,,,,,,,,,,,,,,,,,,,,,,,
mc-72432,,,,,,,,,,,,,,,,,,,,,,,,,,,,,,,,https://cdn.shopify.com/s/files/1/0925/7041/9533/files/polythrona-relax-fb9509513-kafe-textilen-2.jpg?v=1773155071,3,Фотьойл RELAX COMPANION кафяв текстилен и черен метал 67x145x110Hcm.,,,,,,,,,,,,,,,,,,,,,,,,
mc-72432,,,,,,,,,,,,,,,,,,,,,,,,,,,,,,,,https://cdn.shopify.com/s/files/1/0925/7041/9533/files/polythrona-relax-fb9509513-kafe-textilen-3.jpg?v=1773155072,4,Фотьойл RELAX COMPANION кафяв текстилен и черен метал 67x145x110Hcm.,,,,,,,,,,,,,,,,,,,,,,,,
mc-72432,,,,,,,,,,,,,,,,,,,,,,,,,,,,,,,,https://cdn.shopify.com/s/files/1/0925/7041/9533/files/polythrona-relax-fb9509513-kafe-textilen-4.jpg?v=1773155071,5,Фотьойл RELAX COMPANION кафяв текстилен и черен метал 67x145x110Hcm.,,,,,,,,,,,,,,,,,,,,,,,,
mc-72432,,,,,,,,,,,,,,,,,,,,,,,,,,,,,,,,https://cdn.shopify.com/s/files/1/0925/7041/9533/files/polythrona-relax-fb9509513-kafe-textilen-5.jpg?v=1773155071,6,Фотьойл RELAX COMPANION кафяв текстилен и черен метал 67x145x110Hcm.,,,,,,,,,,,,,,,,,,,,,,,,
mc-72432,,,,,,,,,,,,,,,,,,,,,,,,,,,,,,,,https://cdn.shopify.com/s/files/1/0925/7041/9533/files/polythrona-relax-fb9509513-kafe-textilen-6.jpg?v=1773155072,7,Фотьойл RELAX COMPANION кафяв текстилен и черен метал 67x145x110Hcm.,,,,,,,,,,,,,,,,,,,,,,,,
mc-72432,,,,,,,,,,,,,,,,,,,,,,,,,,,,,,,,https://cdn.shopify.com/s/files/1/0925/7041/9533/files/polythrona-relax-fb9509513-kafe-textilen-7.jpg?v=1773155072,8,Фотьойл RELAX COMPANION кафяв текстилен и черен метал 67x145x110Hcm.,,,,,,,,,,,,,,,,,,,,,,,,
mc-72432,,,,,,,,,,,,,,,,,,,,,,,,,,,,,,,,https://cdn.shopify.com/s/files/1/0925/7041/9533/files/polythrona-relax-fb9509513-kafe-textilen-8.jpg?v=1773155072,9,Фотьойл RELAX COMPANION кафяв текстилен и черен метал 67x145x110Hcm.,,,,,,,,,,,,,,,,,,,,,,,,
mc-72432,,,,,,,,,,,,,,,,,,,,,,,,,,,,,,,,https://cdn.shopify.com/s/files/1/0925/7041/9533/files/polythrona-relax-fb9509513-kafe-textilen-9.jpg?v=1773155072,10,Фотьойл RELAX COMPANION кафяв текстилен и черен метал 67x145x110Hcm.,,,,,,,,,,,,,,,,,,,,,,,,
mc-72430,"Алуминиево шезлонг с подглавник RABIA в антрацит 191,5x60x31Hcm.","Професионалният плажен шезлонг RABIA в цвят АНТРАЦИТ е класически и вечен модел за плажа. Той е доказал своята полезност и функционалност през годините. Изработен е от алуминий и текстилен в цвят АНТРАЦИТ. Регулируемият наклон „степер“ има 5 нива (включително и изцяло легнало положение). Съвпадащата възглавница за глава допълва визията на този красив шезлонг.<br>
<br>
**МОЛЯ, ОБЪРНЕТЕ ВНИМАНИЕ: Шезлонгът е разглобен (K/D) и изисква сглобяване<br>
<br>
РАЗМЕРИ:<br>
191.5x60x31-89.5H см.<br>
Гръб: 75x54 см<br>
Седалка: 113x54 см<br>
Височина на седалката: 31 см.<br>
Височина на краката: 27.5 см.<br>
Разстояние между краката: 149.5-160.5x51-56 см.<br>
Алуминиева рамка: 50x25x1.2 мм<br>
<br>
МАТЕРИАЛИ ЗА ИЗРАБОТКА:<br>
Винтовете, използвани при конструкцията на този шезлонг, са от неръждаема стомана.<br>
<br>
Рамката на шезлонга е изцяло от алуминий.<br>
Информация: Алуминият е „екологичен“ материал, който може да се рециклира безкрайно, като запазва характеристиките си без загуба на качество. Алуминият естествено образува тънък оксиден слой на повърхността при контакт с въздуха, който осигурява много добра защита срещу корозия, дори в корозивни среди. Този слой може да бъде допълнително укрепен чрез повърхностна обработка като електростатично боядисване.<br>
<br>
Покритието на шезлонга е изработено от водоустойчива подсилена текстиленова тъкан (2X1- 600гр). Това е плътна, здрава и издръжлива полиестерна тъкан. Това означава, че е направена от полиестерни нишки, покрити с PVC.<br>
<br>
Стълбичките са изработени от първичен пластмасов материал.<br>
<br>
ПОДДРЪЖКА:<br>
Благодарение на изключително издръжливите материали за конструкция, е препоръчително да се използва много мека кърпа или гъба, обилно количество вода и мек почистващ препарат като препарат за съдове. Не изискват специална поддръжка, тъй като не корозират. Сапун и вода са достатъчни, за да ги поддържате чисти и блестящи.<br>
<br>
НАПРЕД:<br>
<br>
•Лек благодарение на алуминиевата конструкция<br>
•Конструкция от неръждаема стомана<br>
•Анатомичен<br>
•Минимална поддръжка както на рамката, така и на тъканта<br>
•Топлинно залепена тъкан за по-голяма издръжливост<br>
<br>
** Цветопредаването на продукта може леко да се различава от фотографското му представяне на вашия екран.",Europe,,Шезлонги,"RelatedColor_Champagne, RelatedColor_Бял, Шезлонги",true,Title,Default Title,,,,,,,,0615226,7500.0,shopify,703,deny,manual,100.79,163.22,true,true,,,,,5208067145336,https://cdn.shopify.com/s/files/1/0925/7041/9533/files/xaplostra-aloyminioy-me-maxilari-fb95982_9b8ad7d8-96c5-4079-868b-82782a2db99f.jpg?v=1778014409,1,,false,,,,,,,,,,,,,,,,,,,,kg,,,active
mc-72430,,,,,,,,,,,,,,,,,,,,,,,,,,,,,,,,https://cdn.shopify.com/s/files/1/0925/7041/9533/files/xaplostra-aloyminioy-me-maxilari-fb95982-1_26649402-64b6-478e-843d-0fcc2cfc0f8c.jpg?v=1778014409,2,,,,,,,,,,,,,,,,,,,,,,,,,
mc-72427,"Алуминиево шезлонг с подглавник RABIA в бяло 191,5x60x31Hcm.","Професионалният плажен шезлонг RABIA в БЯЛ цвят е класически и вечен модел за плажа. Той е доказал своята полезност и функционалност през годините. Изработен е от алуминий и текстилен в БЯЛ цвят. Регулируемият наклон „степер“ има 5 нива (включително и изцяло легнало положение). Съвпадащата възглавница за глава допълва визията на този красив шезлонг.<br>
<br>
**МОЛЯ, ОБЪРНЕТЕ ВНИМАНИЕ: Шезлонгът е разглобен (K/D) и изисква сглобяване<br>
<br>
РАЗМЕРИ:<br>
191.5x60x31-89.5H см.<br>
Гръб: 75x54 см<br>
Седалка: 113x54 см<br>
Височина на седалката: 31 см.<br>
Височина на краката: 27.5 см.<br>
Разстояние между краката: 149.5-160.5x51-56 см.<br>
Алуминиева рамка: 50x25x1.2 мм<br>
<br>
МАТЕРИАЛИ ЗА ИЗРАБОТКА:<br>
Винтовете, използвани при конструкцията на този шезлонг, са от неръждаема стомана.<br>
<br>
Рамката на шезлонга е изцяло от алуминий.<br>
Информация: Алуминият е „екологичен“ материал, който може да се рециклира безкрайно, като запазва характеристиките си без загуба на качество. Алуминият естествено образува тънък оксиден слой на повърхността при контакт с въздуха, който осигурява много добра защита срещу корозия, дори в корозивни среди. Този слой може да бъде допълнително укрепен чрез повърхностна обработка като електростатично боядисване.<br>
<br>
Покритието на шезлонга е изработено от водоустойчива подсилена текстиленова тъкан (2X1- 600гр). Това е плътна, здрава и издръжлива полиестерна тъкан. Това означава, че е направена от полиестерни нишки, покрити с PVC.<br>
<br>
Стълбичките са изработени от първичен пластмасов материал.<br>
<br>
ПОДДРЪЖКА:<br>
Благодарение на изключително издръжливите материали за конструкция, е препоръчително да се използва много мека кърпа или гъба, обилно количество вода и мек почистващ препарат като препарат за съдове. Не изискват специална поддръжка, тъй като не корозират. Сапун и вода са достатъчни, за да ги поддържате чисти и блестящи.<br>
<br>
НАПРЕД:<br>
<br>
•Лек благодарение на алуминиевата конструкция<br>
•Конструкция от неръждаема стомана<br>
•Анатомичен<br>
•Минимална поддръжка както на рамката, така и на тъканта<br>
•Топлинно залепена тъкан за по-голяма издръжливост<br>
<br>
** Цветопредаването на продукта може леко да се различава от фотографското му представяне на вашия екран.",Europe,,Шезлонги,"RelatedColor_Champagne, RelatedColor_Сив, Шезлонги",true,Title,Default Title,,,,,,,,0615227,7500.0,shopify,471,deny,manual,100.79,163.22,true,true,,,,,5208067145343,https://cdn.shopify.com/s/files/1/0925/7041/9533/files/xaplostra-aloyminioy-me-maxilari-fb95982_300b8d4e-14d6-4110-88b7-67054002d139.jpg?v=1778014406,1,,false,,,,,,,,,,,,,,,,,,,,kg,,,active
mc-72427,,,,,,,,,,,,,,,,,,,,,,,,,,,,,,,,https://cdn.shopify.com/s/files/1/0925/7041/9533/files/xaplostra-aloyminioy-me-maxilari-fb95982-1_f1e4dc0e-02e5-4f95-ae1d-3525513e0878.jpg?v=1778014406,2,,,,,,,,,,,,,,,,,,,,,,,,,
mc-72424,Алуминиев фотьойл Парос шампанско полиудървен в натурален цвят 55x55x86Hcm.,"Алуминиевият фотьойл Парос е едно от новите попълнения в нашата гама. Той има рамка в цвят ШАМПАНСКО, а както облегалката, така и седалката са изработени от полиуд дървени плоскости в ЕСТЕСТВЕН дървесен цвят. Освен това, сравнително високите подлакътници са покрити с полиуд, което осигурява комфорт при използване. Идеален е за много външни пространства у дома и в професионални среди, благодарение и на факта, че е СТАПВАЕМ, което го прави особено практичен, тъй като може да се съхранява на възможно най-малко пространство.<br>
<br>
РАЗМЕРИ:<br>
55x55x86H см.<br>
Размери на седалката: 38x44 см.<br>
Размери на облегалката: 44.5x29.5 см.<br>
Височина на подлакътниците: 62 см.<br>
Височина на седалката: 42.5 см.<br>
Височина на краката: 39.5 см.<br>
Разстояние между краката: 46.5-54.5x44.5-49 см.<br>
Разстояние между задните крака: 41-45 см.<br>
Алуминиева рамка: 38x18мм / 25x25x1.2мм<br>
<br>
МАТЕРИАЛИ ЗА КОНСТРУКЦИЯ:<br>
Рамката на фотьойла е изработена от алуминий с прахово покритие. Алуминият е „зелен“ материал, който може да се рециклира безкрайно, като запазва характеристиките си без загуба на качество.<br>
<br>
Информация: Праховото покритие е сух процес на нанасяне на покритие, използван като метално покритие. Праховото покритие се нанася като сух прах чрез електростатичен процес, след което се втвърдява с топлина. Известно е с това, че осигурява висококачествени покрития както по отношение на функционалността, така и на външния вид. Праховите покрития са не само здрави, но и гъвкави. Могат да се използват върху различни повърхности, включително метал, бетон, стомана и пластмаса. Подходящи са както за вътрешна, така и за външна употреба.<br>
<br>
Полиуд е вид пластмасова дървесина, която е екологично чиста и изисква малко поддръжка. Пластмасовата дървесина е 100% рециклируема и в същото време е водоустойчива и устойчива на всякакъв вид гниене и мухъл.<br>
<br>
ПОДДРЪЖКА:<br>
Можете да избършете всички повърхности с влажна кърпа и това ще е достатъчно. За упорити петна може да използвате мек почистващ препарат. Избягвайте продължително излагане на полиуд на слънце, както и контакт с токсични химически продукти.<br>
<br>
КАКВО НИ ХАРЕСВА:<br>
• Здрава конструкция<br>
• Модерен дизайн с използване на полиуд<br>
• Лесна поддръжка<br>
• Стапваем<br>
• Отлично съотношение цена-качество<br>
<br>
** Цветопредаването на продукта може да се различава леко от фотографското му представяне на вашия екран.",Europe,,Столове-Фотьойли,"RelatedColor_Бял, RelatedColor_Сив, RelatedColor_Черен, Градински столове",true,Title,Default Title,,,,,,,,0535396,4000.0,shopify,0,deny,manual,59.25,95.95,true,true,,,,,5208067145329,https://cdn.shopify.com/s/files/1/0925/7041/9533/files/polythrona-aloyminioy-fb9598104-sampani.jpg?v=1773155065,1,Алуминиев фотьойл SAGA шампанско полиудървен в натурален цвят 55x55x86Hcm.,false,,,,,,,,,,,,,,,,,,,,kg,,,active
mc-72424,,,,,,,,,,,,,,,,,,,,,,,,,,,,,,,,https://cdn.shopify.com/s/files/1/0925/7041/9533/files/polythrona-aloyminioy-fb9598104-sampani--1.jpg?v=1773155065,2,Алуминиев фотьойл SAGA шампанско полиудървен в натурален цвят 55x55x86Hcm.,,,,,,,,,,,,,,,,,,,,,,,,
mc-72424,,,,,,,,,,,,,,,,,,,,,,,,,,,,,,,,https://cdn.shopify.com/s/files/1/0925/7041/9533/files/polythrona-aloyminioy-fb9598104-sampani--2.jpg?v=1773155065,3,Алуминиев фотьойл SAGA шампанско полиудървен в натурален цвят 55x55x86Hcm.,,,,,,,,,,,,,,,,,,,,,,,,
mc-72424,,,,,,,,,,,,,,,,,,,,,,,,,,,,,,,,https://cdn.shopify.com/s/files/1/0925/7041/9533/files/polythrona-aloyminioy-fb9598104-sampani--3.jpg?v=1773155065,4,Алуминиев фотьойл SAGA шампанско полиудървен в натурален цвят 55x55x86Hcm.,,,,,,,,,,,,,,,,,,,,,,,,
mc-72424,,,,,,,,,,,,,,,,,,,,,,,,,,,,,,,,https://cdn.shopify.com/s/files/1/0925/7041/9533/files/polythrona-aloyminioy-fb9598104-sampani--4.jpg?v=1773155065,5,Алуминиев фотьойл SAGA шампанско полиудървен в натурален цвят 55x55x86Hcm.,,,,,,,,,,,,,,,,,,,,,,,,
mc-72424,,,,,,,,,,,,,,,,,,,,,,,,,,,,,,,,https://cdn.shopify.com/s/files/1/0925/7041/9533/files/polythrona-aloyminioy-fb9598104-sampani--5.jpg?v=1773155064,6,Алуминиев фотьойл SAGA шампанско полиудървен в натурален цвят 55x55x86Hcm.,,,,,,,,,,,,,,,,,,,,,,,,
mc-72424,,,,,,,,,,,,,,,,,,,,,,,,,,,,,,,,https://cdn.shopify.com/s/files/1/0925/7041/9533/files/polythrona-aloyminioy-fb9598104-sampani--6.jpg?v=1773155065,7,Алуминиев фотьойл SAGA шампанско полиудървен в натурален цвят 55x55x86Hcm.,,,,,,,,,,,,,,,,,,,,,,,,
mc-72424,,,,,,,,,,,,,,,,,,,,,,,,,,,,,,,,https://cdn.shopify.com/s/files/1/0925/7041/9533/files/polythrona-aloyminioy-fb9598104-sampani--7.jpg?v=1773155065,8,Алуминиев фотьойл SAGA шампанско полиудървен в натурален цвят 55x55x86Hcm.,,,,,,,,,,,,,,,,,,,,,,,,
mc-72424,,,,,,,,,,,,,,,,,,,,,,,,,,,,,,,,https://cdn.shopify.com/s/files/1/0925/7041/9533/files/polythrona-aloyminioy-fb9598104-sampani--8.jpg?v=1773155065,9,Алуминиев фотьойл SAGA шампанско полиудървен в натурален цвят 55x55x86Hcm.,,,,,,,,,,,,,,,,,,,,,,,,
mc-72424,,,,,,,,,,,,,,,,,,,,,,,,,,,,,,,,https://cdn.shopify.com/s/files/1/0925/7041/9533/files/polythrona-aloyminioy-fb9598104-sampani--9.jpg?v=1773155065,10,Алуминиев фотьойл SAGA шампанско полиудървен в натурален цвят 55x55x86Hcm.,,,,,,,,,,,,,,,,,,,,,,,,
mc-72423,Алуминиев фотьойл Парос антрацит полиудървен в натурален цвят 55x55x86Hcm.,"Алуминиевият фотьойл Парос е едно от новите попълнения в нашата гама. Той има АНТРАЦИТНА рамка, докато както облегалката, така и седалката са изработени от полиуд дървени плоскости в ЕСТЕСТВЕН цвят на дърво. Също така, сравнително високите подлакътници са покрити с полиуд, което осигурява комфорт при използване. Идеален за много външни пространства у дома и в професионални среди, благодарение и на факта, че е СТАПВАЕМ, което го прави особено практичен, тъй като може да се съхранява в най-малкото възможно пространство.<br>
<br>
РАЗМЕРИ:<br>
55x55x86H см.<br>
Размери на седалката: 38x44 см.<br>
Размери на облегалката: 44.5x29.5 см.<br>
Височина на подлакътника: 62 см.<br>
Височина на седалката: 42.5 см.<br>
Височина на краката: 39.5 см.<br>
Разстояние между краката: 46.5-54.5x44.5-49 см.<br>
Разстояние между задните крака: 41-45 см.<br>
Алуминиева рамка: 38x18мм / 25x25x1.2мм<br>
<br>
МАТЕРИАЛИ ЗА ИЗРАБОТКА:<br>
Рамката на фотьойла е изработена от алуминий с прахово покритие. Алуминият е ""екологичен"" материал, който може да се рециклира безкрайно, като запазва характеристиките си без никакво влошаване на качеството.<br>
<br>
Информация: Праховото покритие е сух процес на покриване, използван като метално покритие. Праховото покритие се нанася като сух прах чрез електростатичен процес, след което се втвърдява с топлина. Известно е, че осигурява висококачествени покрития както по отношение на функционалността, така и на външния вид. Праховите покрития не са само здрави, но и гъвкави. Могат да се използват на различни повърхности, включително метал, бетон, стомана и пластмаса. Подходящи са както за вътрешни, така и за външни приложения.<br>
<br>
Полиуд е вид пластмасов дървен материал, който е екологично чист и изисква малко поддръжка. Пластмасовият дървен материал е 100% рециклируем и в същото време е водоустойчив и устоява на всякакъв вид гниене и мухъл.<br>
<br>
ПОДДРЪЖКА:<br>
Можете да избършете всички повърхности с влажна кърпа и това ще е достатъчно. За упорити петна може да използвате мек почистващ препарат. Избягвайте продължително излагане на полиуд на слънце, както и контакт с токсични химически продукти.<br>
<br>
КАКВО НИ ХАРЕСВА:<br>
• Здрава конструкция<br>
• Модерен дизайн с използване на полиуд<br>
• Лесна поддръжка<br>
• Стапваем<br>
• Отлично съотношение цена-качество<br>
<br>
** Цветопредаването на продукта може да се различава леко от неговото фотографско представяне на вашия екран.",Europe,,Столове-Фотьойли,"RelatedColor_Champagne, RelatedColor_Бял, RelatedColor_Черен, Градински столове",true,Title,Default Title,,,,,,,,0535394,4000.0,shopify,398,deny,manual,59.25,95.95,true,true,,,,,5208067145299,https://cdn.shopify.com/s/files/1/0925/7041/9533/files/polythrona-aloyminioy-fb9598103-anthraki.jpg?v=1773155064,1,Алуминиев фотьойл SAGA антрацит полиудървен в натурален цвят 55x55x86Hcm.,false,,,,,,,,,,,,,,,,,,,,kg,,,active
mc-72423,,,,,,,,,,,,,,,,,,,,,,,,,,,,,,,,https://cdn.shopify.com/s/files/1/0925/7041/9533/files/polythrona-aloyminioy-fb9598103-anthraki-1.jpg?v=1773155064,2,Алуминиев фотьойл SAGA антрацит полиудървен в натурален цвят 55x55x86Hcm.,,,,,,,,,,,,,,,,,,,,,,,,
mc-72423,,,,,,,,,,,,,,,,,,,,,,,,,,,,,,,,https://cdn.shopify.com/s/files/1/0925/7041/9533/files/polythrona-aloyminioy-fb9598103-anthraki-2.jpg?v=1773155064,3,Алуминиев фотьойл SAGA антрацит полиудървен в натурален цвят 55x55x86Hcm.,,,,,,,,,,,,,,,,,,,,,,,,
mc-72423,,,,,,,,,,,,,,,,,,,,,,,,,,,,,,,,https://cdn.shopify.com/s/files/1/0925/7041/9533/files/polythrona-aloyminioy-fb9598103-anthraki-3.jpg?v=1773155064,4,Алуминиев фотьойл SAGA антрацит полиудървен в натурален цвят 55x55x86Hcm.,,,,,,,,,,,,,,,,,,,,,,,,
mc-72423,,,,,,,,,,,,,,,,,,,,,,,,,,,,,,,,https://cdn.shopify.com/s/files/1/0925/7041/9533/files/polythrona-aloyminioy-fb9598103-anthraki-4.jpg?v=1773155064,5,Алуминиев фотьойл SAGA антрацит полиудървен в натурален цвят 55x55x86Hcm.,,,,,,,,,,,,,,,,,,,,,,,,
mc-72423,,,,,,,,,,,,,,,,,,,,,,,,,,,,,,,,https://cdn.shopify.com/s/files/1/0925/7041/9533/files/polythrona-aloyminioy-fb9598103-anthraki-5.jpg?v=1773155064,6,Алуминиев фотьойл SAGA антрацит полиудървен в натурален цвят 55x55x86Hcm.,,,,,,,,,,,,,,,,,,,,,,,,
mc-72423,,,,,,,,,,,,,,,,,,,,,,,,,,,,,,,,https://cdn.shopify.com/s/files/1/0925/7041/9533/files/polythrona-aloyminioy-fb9598103-anthraki-6.jpg?v=1773155064,7,Алуминиев фотьойл SAGA антрацит полиудървен в натурален цвят 55x55x86Hcm.,,,,,,,,,,,,,,,,,,,,,,,,
mc-72423,,,,,,,,,,,,,,,,,,,,,,,,,,,,,,,,https://cdn.shopify.com/s/files/1/0925/7041/9533/files/polythrona-aloyminioy-fb9598103-anthraki-7.jpg?v=1773155064,8,Алуминиев фотьойл SAGA антрацит полиудървен в натурален цвят 55x55x86Hcm.,,,,,,,,,,,,,,,,,,,,,,,,
mc-72423,,,,,,,,,,,,,,,,,,,,,,,,,,,,,,,,https://cdn.shopify.com/s/files/1/0925/7041/9533/files/polythrona-aloyminioy-fb9598103-anthraki-8.jpg?v=1773155064,9,Алуминиев фотьойл SAGA антрацит полиудървен в натурален цвят 55x55x86Hcm.,,,,,,,,,,,,,,,,,,,,,,,,
mc-72423,,,,,,,,,,,,,,,,,,,,,,,,,,,,,,,,https://cdn.shopify.com/s/files/1/0925/7041/9533/files/polythrona-aloyminioy-fb9598103-anthraki-9.jpg?v=1773155064,10,Алуминиев фотьойл SAGA антрацит полиудървен в натурален цвят 55x55x86Hcm.,,,,,,,,,,,,,,,,,,,,,,,,
mc-72420,Алуминиев фотьойл Парос бял полиудървен в натурален цвят 55x55x86Hcm.,"Алуминиевият фотьойл Парос е едно от новите попълнения в нашата гама. Той има БЯЛа рамка, докато както облегалката, така и седалката са изработени от полиуд дървени плоскости в ЕСТЕСТВЕН цвят на дърво. Също така, сравнително високите подлакътници са покрити с полиуд, което осигурява комфорт при използване. Идеален за много външни пространства у дома и в професионални среди, благодарение и на факта, че е СТАПВАЕМ, което го прави особено практичен, тъй като може да се съхранява в най-малкото възможно пространство.<br>
<br>
РАЗМЕРИ:<br>
55x55x86H см.<br>
Размери на седалката: 38x44 см.<br>
Размери на облегалката: 44.5x29.5 см.<br>
Височина на подлакътника: 62 см.<br>
Височина на седалката: 42.5 см.<br>
Височина на краката: 39.5 см.<br>
Разстояние между краката: 46.5-54.5x44.5-49 см.<br>
Разстояние между задните крака: 41-45 см.<br>
Алуминиева рамка: 38x18мм / 25x25x1.2мм<br>
<br>
МАТЕРИАЛИ ЗА ИЗРАБОТКА:<br>
Рамката на фотьойла е изработена от алуминий с прахово покритие. Алуминият е ""екологичен"" материал, който може да се рециклира безкрайно, като запазва характеристиките си без никакво влошаване на качеството.<br>
<br>
Информация: Праховото покритие е сух процес на покриване, използван като метално покритие. Праховото покритие се нанася като сух прах чрез електростатичен процес, след което се втвърдява с топлина. Известно е, че осигурява висококачествени покрития както по отношение на функционалността, така и на външния вид. Праховите покрития не са само здрави, но и гъвкави. Могат да се използват на различни повърхности, включително метал, бетон, стомана и пластмаса. Подходящи са както за вътрешни, така и за външни приложения.<br>
<br>
Полиуд е вид пластмасов дървен материал, който е екологично чист и изисква малко поддръжка. Пластмасовият дървен материал е 100% рециклируем и в същото време е водоустойчив и устоява на всякакъв вид гниене и мухъл.<br>
<br>
ПОДДРЪЖКА:<br>
Можете да избършете всички повърхности с влажна кърпа и това ще е достатъчно. За упорити петна може да използвате мек почистващ препарат. Избягвайте продължително излагане на полиуд на слънце, както и контакт с токсични химически продукти.<br>
<br>
КАКВО НИ ХАРЕСВА:<br>
• Здрава конструкция<br>
• Модерен дизайн с използване на полиуд<br>
• Лесна поддръжка<br>
• Стапваем<br>
• Отлично съотношение цена-качество<br>
<br>
** Цветопредаването на продукта може да се различава леко от неговото фотографско представяне на вашия екран.",Europe,,Столове-Фотьойли,"RelatedColor_Champagne, Градински столове",true,Title,Default Title,,,,,,,,0535395,4000.0,shopify,0,deny,manual,59.25,95.95,true,true,,,,,5208067145305,https://cdn.shopify.com/s/files/1/0925/7041/9533/files/polythrona-aloyminioy-fb9598101-leyki-po.jpg?v=1773155062,1,Алуминиев фотьойл SAGA бял полиудървен в натурален цвят 55x55x86Hcm.,false,,,,,,,,,,,,,,,,,,,,kg,,,active
mc-72420,,,,,,,,,,,,,,,,,,,,,,,,,,,,,,,,https://cdn.shopify.com/s/files/1/0925/7041/9533/files/polythrona-aloyminioy-fb9598101-leyki-po-1.jpg?v=1773155062,2,Алуминиев фотьойл SAGA бял полиудървен в натурален цвят 55x55x86Hcm.,,,,,,,,,,,,,,,,,,,,,,,,
mc-72420,,,,,,,,,,,,,,,,,,,,,,,,,,,,,,,,https://cdn.shopify.com/s/files/1/0925/7041/9533/files/polythrona-aloyminioy-fb9598101-leyki-po-2.jpg?v=1773155062,3,Алуминиев фотьойл SAGA бял полиудървен в натурален цвят 55x55x86Hcm.,,,,,,,,,,,,,,,,,,,,,,,,
mc-72420,,,,,,,,,,,,,,,,,,,,,,,,,,,,,,,,https://cdn.shopify.com/s/files/1/0925/7041/9533/files/polythrona-aloyminioy-fb9598101-leyki-po-3.jpg?v=1773155062,4,Алуминиев фотьойл SAGA бял полиудървен в натурален цвят 55x55x86Hcm.,,,,,,,,,,,,,,,,,,,,,,,,
mc-72420,,,,,,,,,,,,,,,,,,,,,,,,,,,,,,,,https://cdn.shopify.com/s/files/1/0925/7041/9533/files/polythrona-aloyminioy-fb9598101-leyki-po-4.jpg?v=1773155062,5,Алуминиев фотьойл SAGA бял полиудървен в натурален цвят 55x55x86Hcm.,,,,,,,,,,,,,,,,,,,,,,,,
mc-72420,,,,,,,,,,,,,,,,,,,,,,,,,,,,,,,,https://cdn.shopify.com/s/files/1/0925/7041/9533/files/polythrona-aloyminioy-fb9598101-leyki-po-5.jpg?v=1773155062,6,Алуминиев фотьойл SAGA бял полиудървен в натурален цвят 55x55x86Hcm.,,,,,,,,,,,,,,,,,,,,,,,,
mc-72420,,,,,,,,,,,,,,,,,,,,,,,,,,,,,,,,https://cdn.shopify.com/s/files/1/0925/7041/9533/files/polythrona-aloyminioy-fb9598101-leyki-po-6.jpg?v=1773155062,7,Алуминиев фотьойл SAGA бял полиудървен в натурален цвят 55x55x86Hcm.,,,,,,,,,,,,,,,,,,,,,,,,
mc-72420,,,,,,,,,,,,,,,,,,,,,,,,,,,,,,,,https://cdn.shopify.com/s/files/1/0925/7041/9533/files/polythrona-aloyminioy-fb9598101-leyki-po-7.jpg?v=1773155062,8,Алуминиев фотьойл SAGA бял полиудървен в натурален цвят 55x55x86Hcm.,,,,,,,,,,,,,,,,,,,,,,,,
mc-72420,,,,,,,,,,,,,,,,,,,,,,,,,,,,,,,,https://cdn.shopify.com/s/files/1/0925/7041/9533/files/polythrona-aloyminioy-fb9598101-leyki-po-8.jpg?v=1773155062,9,Алуминиев фотьойл SAGA бял полиудървен в натурален цвят 55x55x86Hcm.,,,,,,,,,,,,,,,,,,,,,,,,
mc-72420,,,,,,,,,,,,,,,,,,,,,,,,,,,,,,,,https://cdn.shopify.com/s/files/1/0925/7041/9533/files/polythrona-aloyminioy-fb9598101-leyki-po-9.jpg?v=1773155062,10,Алуминиев фотьойл SAGA бял полиудървен в натурален цвят 55x55x86Hcm.,,,,,,,,,,,,,,,,,,,,,,,,
mc-72410,Фотьойл RELAX COMPANION сив текстилен - черен метал 67x145x110Hсм.,"COMPANION е многофункционален сгъваем фотьойл, който ще обикнете! Той има метална рамка в ЧЕРЕН цвят и текстилен в СИВ цвят и разполага с пълен релакс механизъм, което означава, че облегалката почти напълно се накланя назад, а ""предният панел"" (опората за крака) се повдига, създавайки легло, а има и възглавница за глава, която перфектно допълва фотьойла. Относително ниското му тегло позволява лесно да го пренасяте навсякъде, където ви е необходим – от плажа до болница, като фотьойл за придружител.<br>
Това е абсолютният задължителен избор!<br>
<br>
РАЗМЕРИ:<br>
67x67-145x89-110H см.<br>
Размери на седалката: 52.5x48 см.<br>
Размери на облегалката: 52.5x76 см.<br>
Височина на подлакътника: 53-65 см.<br>
Височина на седалката: 50 см.<br>
Височина на краката: 47 см.<br>
Разстояние между краката: 60x78 см.<br>
<br>
Спецификации на метала: Φ22мм<br>
<br>
МАТЕРИАЛИ НА КОНСТРУКЦИЯТА:<br>
Рамката е метална, а тапицерията е изработена от водоустойчив подсилен текстилен плат 2x1. Това е плътен, здрав и издръжлив полиестерен плат. Той е изтъкан от полиестерни нишки от край до край и е покрит с PVC.<br>
<br>
ПОДДРЪЖКА:<br>
Редовното почистване с влажна кърпа е достатъчно, за да поддържате фотьойла в отлично състояние.<br>
<br>
** Цветовото възпроизвеждане на продукта може да се различава леко от фотографското му представяне на вашия екран.",Europe,,Столове-Фотьойли,Градински столове,true,Title,Default Title,,,,,,,,0615232,7000.0,shopify,207,deny,manual,36.86,59.68,true,true,,,,,5208067148719,https://cdn.shopify.com/s/files/1/0925/7041/9533/files/polythrona-relax-fb9509511-gkri-textilen.jpg?v=1773155054,1,Фотьойл RELAX COMPANION сив текстилен - черен метал 67x145x110Hсм.,false,,,,,,,,,,,,,,,,,,,,kg,,,active
mc-72410,,,,,,,,,,,,,,,,,,,,,,,,,,,,,,,,https://cdn.shopify.com/s/files/1/0925/7041/9533/files/polythrona-relax-fb9509511-gkri-textilen-1.jpg?v=1773155054,2,Фотьойл RELAX COMPANION сив текстилен - черен метал 67x145x110Hсм.,,,,,,,,,,,,,,,,,,,,,,,,
mc-72410,,,,,,,,,,,,,,,,,,,,,,,,,,,,,,,,https://cdn.shopify.com/s/files/1/0925/7041/9533/files/polythrona-relax-fb9509511-gkri-textilen-2.jpg?v=1773155054,3,Фотьойл RELAX COMPANION сив текстилен - черен метал 67x145x110Hсм.,,,,,,,,,,,,,,,,,,,,,,,,
mc-72410,,,,,,,,,,,,,,,,,,,,,,,,,,,,,,,,https://cdn.shopify.com/s/files/1/0925/7041/9533/files/polythrona-relax-fb9509511-gkri-textilen-3.jpg?v=1773155054,4,Фотьойл RELAX COMPANION сив текстилен - черен метал 67x145x110Hсм.,,,,,,,,,,,,,,,,,,,,,,,,
mc-72410,,,,,,,,,,,,,,,,,,,,,,,,,,,,,,,,https://cdn.shopify.com/s/files/1/0925/7041/9533/files/polythrona-relax-fb9509511-gkri-textilen-4.jpg?v=1773155054,5,Фотьойл RELAX COMPANION сив текстилен - черен метал 67x145x110Hсм.,,,,,,,,,,,,,,,,,,,,,,,,
mc-72410,,,,,,,,,,,,,,,,,,,,,,,,,,,,,,,,https://cdn.shopify.com/s/files/1/0925/7041/9533/files/polythrona-relax-fb9509511-gkri-textilen-5.jpg?v=1773155053,6,Фотьойл RELAX COMPANION сив текстилен - черен метал 67x145x110Hсм.,,,,,,,,,,,,,,,,,,,,,,,,
mc-72410,,,,,,,,,,,,,,,,,,,,,,,,,,,,,,,,https://cdn.shopify.com/s/files/1/0925/7041/9533/files/polythrona-relax-fb9509511-gkri-textilen-6.jpg?v=1773155054,7,Фотьойл RELAX COMPANION сив текстилен - черен метал 67x145x110Hсм.,,,,,,,,,,,,,,,,,,,,,,,,
mc-72410,,,,,,,,,,,,,,,,,,,,,,,,,,,,,,,,https://cdn.shopify.com/s/files/1/0925/7041/9533/files/polythrona-relax-fb9509511-gkri-textilen-7.jpg?v=1773155054,8,Фотьойл RELAX COMPANION сив текстилен - черен метал 67x145x110Hсм.,,,,,,,,,,,,,,,,,,,,,,,,
mc-72410,,,,,,,,,,,,,,,,,,,,,,,,,,,,,,,,https://cdn.shopify.com/s/files/1/0925/7041/9533/files/polythrona-relax-fb9509511-gkri-textilen-8.jpg?v=1773155054,9,Фотьойл RELAX COMPANION сив текстилен - черен метал 67x145x110Hсм.,,,,,,,,,,,,,,,,,,,,,,,,
mc-72410,,,,,,,,,,,,,,,,,,,,,,,,,,,,,,,,https://cdn.shopify.com/s/files/1/0925/7041/9533/files/polythrona-relax-fb9509511-gkri-textilen-9.jpg?v=1773155054,10,Фотьойл RELAX COMPANION сив текстилен - черен метал 67x145x110Hсм.,,,,,,,,,,,,,,,,,,,,,,,,
mc-72406,Фотьойл Скопелос метал в сиво - синтетичен ратан в сиво 54x61x75Hсм.,"Градинският фотьойл Скопелос е модерен, удобен и стабилен! Рамката му е метална в СИВ цвят, а основната характеристика е полукръглата облегалка, която завършва със силен наклон към подлакътниците на фотьойла с много опростен дизайн. Гърбът и седалката са изработени от синтетичен ратан в СИВ цвят. Разбира се, фотьойлът е подредим, което увеличава практичността му.<br>
<br>
РАЗМЕРИ:<br>
54x61x75H см.<br>
Размери на седалката: 40.5-31.5x40 см.<br>
Размери на облегалката: 33x36 см.<br>
Височина на подлакътниците: 60-68 см.<br>
Височина на седалката: 43 см.<br>
Височина на краката: 40 см.<br>
Разстояние между краката: 49-53.5x54-58.5 см.<br>
Разстояние между задните крака: 42-47 см.<br>
Метална рамка: Φ24x0.80 мм дебелина<br>
<br>
<br>
МАТЕРИАЛИ НА КОНСТРУКЦИЯТА:<br>
Рамката е метална, а в долната част на краката има пластмасови капачки за защита на пода и за предпазване на краката от влага.<br>
<br>
Облегалката и седалката са изработени от висококачествен синтетичен РАТАН. Това е синтетичен материал, направен от висококачествени изкуствени влакна. Това осигурява отлична здравина и издръжливост при екстремни горещини или студ.<br>
<br>
ПОДДРЪЖКА:<br>
Благодарение на издръжливостта както на стоманата, така и на полиестерния РАТАН, поддръжката на фотьойла е лесна. Освен редовното почистване от прах, може да се избърсва с влажна кърпа. НЕ използваме почистващи препарати, белина и полиращи средства. Ако все пак е необходимо използването на препарат, използваме мек сапун с топла вода. НЕ използваме водоструйка или маркуч под налягане, тъй като това ще повреди влакната.<br>
<br>
КАКВО НИ ХАРЕСВА:<br>
• Здрава конструкция<br>
• Модерен дизайн<br>
• ПОДРЕДИМ<br>
• Лесна поддръжка<br>
• Отлично съотношение цена-качество<br>
<br>
** Цветопредаването на продукта може да се различава леко от фотографското му представяне на вашия екран.",Europe,,Столове-Фотьойли,"RelatedColor_Natural, Градински столове",true,Title,Default Title,,,,,,,,0615239,3000.0,shopify,1372,deny,manual,21.34,34.56,true,true,,,,,5208067143011,https://cdn.shopify.com/s/files/1/0925/7041/9533/files/polythrona-fb9596901-metallo-gkri-synth.jpg?v=1773155051,1,Фотьойл SWIFTER метал в сиво - синтетичен ратан в сиво 54x61x75Hсм.,false,,,,,,,,,,,,,,,,,,,,kg,,,active
mc-72406,,,,,,,,,,,,,,,,,,,,,,,,,,,,,,,,https://cdn.shopify.com/s/files/1/0925/7041/9533/files/polythrona-fb9596901-metallo-gkri-synth--1.jpg?v=1773155051,2,Фотьойл SWIFTER метал в сиво - синтетичен ратан в сиво 54x61x75Hсм.,,,,,,,,,,,,,,,,,,,,,,,,
mc-72406,,,,,,,,,,,,,,,,,,,,,,,,,,,,,,,,https://cdn.shopify.com/s/files/1/0925/7041/9533/files/polythrona-fb9596901-metallo-gkri-synth--2.jpg?v=1773155051,3,Фотьойл SWIFTER метал в сиво - синтетичен ратан в сиво 54x61x75Hсм.,,,,,,,,,,,,,,,,,,,,,,,,
mc-72406,,,,,,,,,,,,,,,,,,,,,,,,,,,,,,,,https://cdn.shopify.com/s/files/1/0925/7041/9533/files/polythrona-fb9596901-metallo-gkri-synth--3.jpg?v=1773155051,4,Фотьойл SWIFTER метал в сиво - синтетичен ратан в сиво 54x61x75Hсм.,,,,,,,,,,,,,,,,,,,,,,,,
mc-72406,,,,,,,,,,,,,,,,,,,,,,,,,,,,,,,,https://cdn.shopify.com/s/files/1/0925/7041/9533/files/polythrona-fb9596901-metallo-gkri-synth--4.jpg?v=1773155051,5,Фотьойл SWIFTER метал в сиво - синтетичен ратан в сиво 54x61x75Hсм.,,,,,,,,,,,,,,,,,,,,,,,,
mc-72406,,,,,,,,,,,,,,,,,,,,,,,,,,,,,,,,https://cdn.shopify.com/s/files/1/0925/7041/9533/files/polythrona-fb9596901-metallo-gkri-synth--5.jpg?v=1773155051,6,Фотьойл SWIFTER метал в сиво - синтетичен ратан в сиво 54x61x75Hсм.,,,,,,,,,,,,,,,,,,,,,,,,
mc-72406,,,,,,,,,,,,,,,,,,,,,,,,,,,,,,,,https://cdn.shopify.com/s/files/1/0925/7041/9533/files/polythrona-fb9596901-metallo-gkri-synth--6.jpg?v=1773155051,7,Фотьойл SWIFTER метал в сиво - синтетичен ратан в сиво 54x61x75Hсм.,,,,,,,,,,,,,,,,,,,,,,,,
mc-72406,,,,,,,,,,,,,,,,,,,,,,,,,,,,,,,,https://cdn.shopify.com/s/files/1/0925/7041/9533/files/polythrona-fb9596901-metallo-gkri-synth--7.jpg?v=1773155051,8,Фотьойл SWIFTER метал в сиво - синтетичен ратан в сиво 54x61x75Hсм.,,,,,,,,,,,,,,,,,,,,,,,,
mc-72406,,,,,,,,,,,,,,,,,,,,,,,,,,,,,,,,https://cdn.shopify.com/s/files/1/0925/7041/9533/files/polythrona-fb9596901-metallo-gkri-synth--8.jpg?v=1773155051,9,Фотьойл SWIFTER метал в сиво - синтетичен ратан в сиво 54x61x75Hсм.,,,,,,,,,,,,,,,,,,,,,,,,
mc-72406,,,,,,,,,,,,,,,,,,,,,,,,,,,,,,,,https://cdn.shopify.com/s/files/1/0925/7041/9533/files/polythrona-fb9596901-metallo-gkri-synth--9.jpg?v=1773155051,10,Фотьойл SWIFTER метал в сиво - синтетичен ратан в сиво 54x61x75Hсм.,,,,,,,,,,,,,,,,,,,,,,,,
mc-72389,ВЪНШНА ЛЮЛКА ЗА ВЕРАНДА 3-МЕСТНА СЪС СЕННИК LIKID МЕТАЛ СИВ - ТЪКАН В КАФЯВО 174x110x200Hсм.,"LIKID is the latest addition to its category. It is a 3-seater porch swing with sunshade, ideal for use on balconies, terraces, yards, and gardens. Throughout time, swings are the epitome of carefreeness and relaxation. It is made of metal in GREY color, while the fabrics on both the cushions and the shade are in BROWN color. The whole construction is luxurious and will be a ""magnet"" of interest, wherever it is placed!<br>
<br>
DIMENSIONS:<br>
174x110x159-200H cm.<br>
Seat dimensions: 128x44 cm.<br>
Back dimensions: 128x44 cm.<br>
Arm height: 72 cm.<br>
Seat height: 56 cm.<br>
Leg distance: 163-173x98-110 cm.<br>
Metal specifications: Φ38/Φ25/Φ19/Φ16mm<br>
Cushions: 140g polyester fabric and 5cm thick foam filling.<br>
Padding: 600x300D<br>
Sunshade: 140g polyester fabric<br>
<br>
CONSTRUCTION MATERIALS:<br>
The frame is made of reinforced steel with powder coating.<br>
Info: Powder coating is a dry coating process used as a metal finish mostly on industrial equipment. Powder coating is applied as dry powder through an electrostatic process, then cured with heat. It is well known for providing high-quality finishes in terms of both functionality and overall look. <br>
<br>
MAINTENANCE:<br>
All the swing needs is a dusting and when necessary, a cleaning with a damp cloth. <br>
<br>
*The product is delivered unassembled in factory packaging<br>
**The exact color rendering of the product may vary slightly from the actual product due to different monitor settings.",Europe,,Люлки-Гнезда,Люлки-Гнезда,true,Title,Default Title,,,,,,,,0612501,18000.0,shopify,91,deny,manual,87.76,142.13,true,true,,,,,5208067143608,https://cdn.shopify.com/s/files/1/0925/7041/9533/files/koynia-3thesia-me-skiastro-fb9597902-met.jpg?v=1773147108,1,ВЪНШНА ЛЮЛКА ЗА ВЕРАНДА 3-МЕСТНА СЪС СЕННИК LIKID МЕТАЛ СИВ - ТЪКАН В КАФЯВО 174x110x200Hсм.,false,,,,,,,,,,,,,,,,,,,,kg,,,active
mc-72389,,,,,,,,,,,,,,,,,,,,,,,,,,,,,,,,https://cdn.shopify.com/s/files/1/0925/7041/9533/files/koynia-3thesia-me-skiastro-fb9597902-met-1.jpg?v=1773147108,2,ВЪНШНА ЛЮЛКА ЗА ВЕРАНДА 3-МЕСТНА СЪС СЕННИК LIKID МЕТАЛ СИВ - ТЪКАН В КАФЯВО 174x110x200Hсм.,,,,,,,,,,,,,,,,,,,,,,,,
mc-72389,,,,,,,,,,,,,,,,,,,,,,,,,,,,,,,,https://cdn.shopify.com/s/files/1/0925/7041/9533/files/koynia-3thesia-me-skiastro-fb9597902-met-2.jpg?v=1773147108,3,ВЪНШНА ЛЮЛКА ЗА ВЕРАНДА 3-МЕСТНА СЪС СЕННИК LIKID МЕТАЛ СИВ - ТЪКАН В КАФЯВО 174x110x200Hсм.,,,,,,,,,,,,,,,,,,,,,,,,
mc-72389,,,,,,,,,,,,,,,,,,,,,,,,,,,,,,,,https://cdn.shopify.com/s/files/1/0925/7041/9533/files/koynia-3thesia-me-skiastro-fb9597902-met-3.jpg?v=1773147108,4,ВЪНШНА ЛЮЛКА ЗА ВЕРАНДА 3-МЕСТНА СЪС СЕННИК LIKID МЕТАЛ СИВ - ТЪКАН В КАФЯВО 174x110x200Hсм.,,,,,,,,,,,,,,,,,,,,,,,,
mc-72389,,,,,,,,,,,,,,,,,,,,,,,,,,,,,,,,https://cdn.shopify.com/s/files/1/0925/7041/9533/files/koynia-3thesia-me-skiastro-fb9597902-met-4.jpg?v=1773147108,5,ВЪНШНА ЛЮЛКА ЗА ВЕРАНДА 3-МЕСТНА СЪС СЕННИК LIKID МЕТАЛ СИВ - ТЪКАН В КАФЯВО 174x110x200Hсм.,,,,,,,,,,,,,,,,,,,,,,,,
mc-72389,,,,,,,,,,,,,,,,,,,,,,,,,,,,,,,,https://cdn.shopify.com/s/files/1/0925/7041/9533/files/koynia-3thesia-me-skiastro-fb9597902-met-5.jpg?v=1773147108,6,ВЪНШНА ЛЮЛКА ЗА ВЕРАНДА 3-МЕСТНА СЪС СЕННИК LIKID МЕТАЛ СИВ - ТЪКАН В КАФЯВО 174x110x200Hсм.,,,,,,,,,,,,,,,,,,,,,,,,
mc-72389,,,,,,,,,,,,,,,,,,,,,,,,,,,,,,,,https://cdn.shopify.com/s/files/1/0925/7041/9533/files/koynia-3thesia-me-skiastro-fb9597902-met-6.jpg?v=1773147107,7,ВЪНШНА ЛЮЛКА ЗА ВЕРАНДА 3-МЕСТНА СЪС СЕННИК LIKID МЕТАЛ СИВ - ТЪКАН В КАФЯВО 174x110x200Hсм.,,,,,,,,,,,,,,,,,,,,,,,,
mc-72389,,,,,,,,,,,,,,,,,,,,,,,,,,,,,,,,https://cdn.shopify.com/s/files/1/0925/7041/9533/files/koynia-3thesia-me-skiastro-fb9597902-met-7.jpg?v=1773147108,8,ВЪНШНА ЛЮЛКА ЗА ВЕРАНДА 3-МЕСТНА СЪС СЕННИК LIKID МЕТАЛ СИВ - ТЪКАН В КАФЯВО 174x110x200Hсм.,,,,,,,,,,,,,,,,,,,,,,,,
mc-72389,,,,,,,,,,,,,,,,,,,,,,,,,,,,,,,,https://cdn.shopify.com/s/files/1/0925/7041/9533/files/koynia-3thesia-me-skiastro-fb9597902-met-8.jpg?v=1773147108,9,ВЪНШНА ЛЮЛКА ЗА ВЕРАНДА 3-МЕСТНА СЪС СЕННИК LIKID МЕТАЛ СИВ - ТЪКАН В КАФЯВО 174x110x200Hсм.,,,,,,,,,,,,,,,,,,,,,,,,
mc-72389,,,,,,,,,,,,,,,,,,,,,,,,,,,,,,,,https://cdn.shopify.com/s/files/1/0925/7041/9533/files/koynia-3thesia-me-skiastro-fb9597902-met-9.jpg?v=1773147108,10,ВЪНШНА ЛЮЛКА ЗА ВЕРАНДА 3-МЕСТНА СЪС СЕННИК LIKID МЕТАЛ СИВ - ТЪКАН В КАФЯВО 174x110x200Hсм.,,,,,,,,,,,,,,,,,,,,,,,,
mc-72388,ВЪНШНА ЛЮЛКА ЗА ВЕРАНДА 3-МЕСТНА СЪС СЕННИК LIKID МЕТАЛНА РАМКА И ТЪКАН В СИВО 170x110x153Hсм.,"LIKID is the latest addition to its category. It is a 3-seater porch swing with sunshade, ideal for use on balconies, terraces, yards, and gardens. Throughout time, swings are the epitome of carefreeness and relaxation. It is made of metal in GREY color, while the fabrics on both the cushions and the shade are also in GREY color. The whole construction is luxurious and will be a ""magnet"" of interest, wherever it is placed!<br>
<br>
DIMENSIONS:<br>
170x110x153H cm.<br>
Seat dimensions: 148x46 cm.<br>
Back dimensions: 148x50 cm.<br>
Metal specifications: Φ38/Φ25/Φ19/Φ16mm<br>
Cushions: 140g polyester fabric and 5cm thick foam filling.<br>
Padding: 600x300D<br>
Sunshade: 140g polyester fabric<br>
<br>
CONSTRUCTION MATERIALS:<br>
The frame is made of reinforced steel with powder coating.<br>
Info: Powder coating is a dry coating process used as a metal finish mostly on industrial equipment. Powder coating is applied as dry powder through an electrostatic process, then cured with heat. It is well known for providing high-quality finishes in terms of both functionality and overall look. <br>
<br>
MAINTENANCE:<br>
All the swing needs is a dusting and when necessary, a cleaning with a damp cloth. <br>
<br>
*The product is delivered unassembled in factory packaging<br>
**The exact color rendering of the product may vary slightly from the actual product due to different monitor settings.",Europe,,Люлки-Гнезда,Люлки-Гнезда,true,Title,Default Title,,,,,,,,0612500,15000.0,shopify,58,deny,manual,87.10,141.05,true,true,,,,,5208067143592,https://cdn.shopify.com/s/files/1/0925/7041/9533/files/koynia-3thesia-me-skiastro-fb9597901-met.jpg?v=1773147107,1,ВЪНШНА ЛЮЛКА ЗА ВЕРАНДА 3-МЕСТНА СЪС СЕННИК LIKID МЕТАЛНА РАМКА И ТЪКАН В СИВО 170x110x153Hсм.,false,,,,,,,,,,,,,,,,,,,,kg,,,active
mc-72388,,,,,,,,,,,,,,,,,,,,,,,,,,,,,,,,https://cdn.shopify.com/s/files/1/0925/7041/9533/files/koynia-3thesia-me-skiastro-fb9597901-met-1.jpg?v=1773147107,2,ВЪНШНА ЛЮЛКА ЗА ВЕРАНДА 3-МЕСТНА СЪС СЕННИК LIKID МЕТАЛНА РАМКА И ТЪКАН В СИВО 170x110x153Hсм.,,,,,,,,,,,,,,,,,,,,,,,,
mc-72388,,,,,,,,,,,,,,,,,,,,,,,,,,,,,,,,https://cdn.shopify.com/s/files/1/0925/7041/9533/files/koynia-3thesia-me-skiastro-fb9597901-met-2.jpg?v=1773147107,3,ВЪНШНА ЛЮЛКА ЗА ВЕРАНДА 3-МЕСТНА СЪС СЕННИК LIKID МЕТАЛНА РАМКА И ТЪКАН В СИВО 170x110x153Hсм.,,,,,,,,,,,,,,,,,,,,,,,,
mc-72388,,,,,,,,,,,,,,,,,,,,,,,,,,,,,,,,https://cdn.shopify.com/s/files/1/0925/7041/9533/files/koynia-3thesia-me-skiastro-fb9597901-met-3.jpg?v=1773147107,4,ВЪНШНА ЛЮЛКА ЗА ВЕРАНДА 3-МЕСТНА СЪС СЕННИК LIKID МЕТАЛНА РАМКА И ТЪКАН В СИВО 170x110x153Hсм.,,,,,,,,,,,,,,,,,,,,,,,,
mc-72388,,,,,,,,,,,,,,,,,,,,,,,,,,,,,,,,https://cdn.shopify.com/s/files/1/0925/7041/9533/files/koynia-3thesia-me-skiastro-fb9597901-met-4.jpg?v=1773147107,5,ВЪНШНА ЛЮЛКА ЗА ВЕРАНДА 3-МЕСТНА СЪС СЕННИК LIKID МЕТАЛНА РАМКА И ТЪКАН В СИВО 170x110x153Hсм.,,,,,,,,,,,,,,,,,,,,,,,,
mc-72388,,,,,,,,,,,,,,,,,,,,,,,,,,,,,,,,https://cdn.shopify.com/s/files/1/0925/7041/9533/files/koynia-3thesia-me-skiastro-fb9597901-met-5.jpg?v=1773147107,6,ВЪНШНА ЛЮЛКА ЗА ВЕРАНДА 3-МЕСТНА СЪС СЕННИК LIKID МЕТАЛНА РАМКА И ТЪКАН В СИВО 170x110x153Hсм.,,,,,,,,,,,,,,,,,,,,,,,,
mc-72388,,,,,,,,,,,,,,,,,,,,,,,,,,,,,,,,https://cdn.shopify.com/s/files/1/0925/7041/9533/files/koynia-3thesia-me-skiastro-fb9597901-met-6.jpg?v=1773147107,7,ВЪНШНА ЛЮЛКА ЗА ВЕРАНДА 3-МЕСТНА СЪС СЕННИК LIKID МЕТАЛНА РАМКА И ТЪКАН В СИВО 170x110x153Hсм.,,,,,,,,,,,,,,,,,,,,,,,,
mc-72388,,,,,,,,,,,,,,,,,,,,,,,,,,,,,,,,https://cdn.shopify.com/s/files/1/0925/7041/9533/files/koynia-3thesia-me-skiastro-fb9597901-met-7.jpg?v=1773147107,8,ВЪНШНА ЛЮЛКА ЗА ВЕРАНДА 3-МЕСТНА СЪС СЕННИК LIKID МЕТАЛНА РАМКА И ТЪКАН В СИВО 170x110x153Hсм.,,,,,,,,,,,,,,,,,,,,,,,,
mc-72388,,,,,,,,,,,,,,,,,,,,,,,,,,,,,,,,https://cdn.shopify.com/s/files/1/0925/7041/9533/files/koynia-3thesia-me-skiastro-fb9597901-met-8.jpg?v=1773147107,9,ВЪНШНА ЛЮЛКА ЗА ВЕРАНДА 3-МЕСТНА СЪС СЕННИК LIKID МЕТАЛНА РАМКА И ТЪКАН В СИВО 170x110x153Hсм.,,,,,,,,,,,,,,,,,,,,,,,,
mc-72366,ВЪНШНА КВАДРАТНА МАСА FIGO ЧЕРЕН МЕТАЛ - СТЪКЛЕН ПЛОТ 70Х70Х70Hсм,"Масата за външна употреба FIGO в черен цвят е квадратна с заоблени ъгли и извити крака. Това е много популярна маса, която не липсва почти на никоя тераса или градина. Масата е подходяща и за ограничени пространства, като тераси или малки дворове.<br>
<br>
РАЗМЕРИ:<br>
70x70x70H см.<br>
Метална рамка: Φ25x0.8 мм дебелина<br>
<br>
МАТЕРИАЛИ ЗА ИЗРАБОТКА:<br>
Рамката е метална с прахово покритие. Праховото покритие е сух процес на нанасяне, използван като метално покритие. Праховото покритие се нанася като сух прах чрез електростатичен процес, след което се втвърдява чрез нагряване.<br>
Плотът е изработен от закалено стъкло или безопасно стъкло. Закаленото или усилено стъкло е вид безопасно стъкло, което е около четири пъти по-здраво от обикновеното стъкло. За разлика от обикновеното стъкло, което може да се разпадне на остри парчета при счупване, закаленото стъкло се чупи на малки, относително безвредни гранулирани частици. Поради това закаленото стъкло се използва в среди, където безопасността на хората е важна, като домашни приложения и др.<br>
<br>
ПОДДРЪЖКА:<br>
От гореизложеното е ясно, че не е необходима специална поддръжка. Достатъчно е почистване с влажна кърпа или дори със специални почистващи препарати.<br>
<br>
ПРЕДИМСТВА:<br>
• Класически и вечен дизайн<br>
• Лесна поддръжка<br>
• Качествени материали за изработка<br>
• Отлично съотношение цена-качество<br>
<br>
Масата се доставя разглобена и е лесна за сглобяване, тъй като всички необходими части са включени в опаковката.<br>
**Точният цветови нюанс на продукта може леко да се различава от реалния продукт поради различните настройки на монитора.",Europe,,Маси,"RelatedColor_Champagne, Градински маси, Градински маси за кафе",true,Title,Default Title,,,,,,,,0603168,9500.0,shopify,0,deny,manual,34.74,56.26,true,true,,,,,5208067143127,https://cdn.shopify.com/s/files/1/0925/7041/9533/files/trapezi-exotchoroy-fb9503603-metallo-may.jpg?v=1773147097,1,ВЪНШНА КВАДРАТНА МАСА FIGO ЧЕРЕН МЕТАЛ - СТЪКЛЕН ПЛОТ 70Х70Х70Hсм,false,,,,,,,,,,,,,,,,,,,,kg,,,active
mc-72366,,,,,,,,,,,,,,,,,,,,,,,,,,,,,,,,https://cdn.shopify.com/s/files/1/0925/7041/9533/files/trapezi-exotchoroy-fb9503603-metallo-may-1.jpg?v=1773147098,2,ВЪНШНА КВАДРАТНА МАСА FIGO ЧЕРЕН МЕТАЛ - СТЪКЛЕН ПЛОТ 70Х70Х70Hсм,,,,,,,,,,,,,,,,,,,,,,,,
mc-72366,,,,,,,,,,,,,,,,,,,,,,,,,,,,,,,,https://cdn.shopify.com/s/files/1/0925/7041/9533/files/trapezi-exotchoroy-fb9503603-metallo-may-2.jpg?v=1773147097,3,ВЪНШНА КВАДРАТНА МАСА FIGO ЧЕРЕН МЕТАЛ - СТЪКЛЕН ПЛОТ 70Х70Х70Hсм,,,,,,,,,,,,,,,,,,,,,,,,
mc-72366,,,,,,,,,,,,,,,,,,,,,,,,,,,,,,,,https://cdn.shopify.com/s/files/1/0925/7041/9533/files/trapezi-exotchoroy-fb9503603-metallo-may-3.jpg?v=1773147097,4,ВЪНШНА КВАДРАТНА МАСА FIGO ЧЕРЕН МЕТАЛ - СТЪКЛЕН ПЛОТ 70Х70Х70Hсм,,,,,,,,,,,,,,,,,,,,,,,,
mc-72366,,,,,,,,,,,,,,,,,,,,,,,,,,,,,,,,https://cdn.shopify.com/s/files/1/0925/7041/9533/files/trapezi-exotchoroy-fb9503603-metallo-may-4.jpg?v=1773147097,5,ВЪНШНА КВАДРАТНА МАСА FIGO ЧЕРЕН МЕТАЛ - СТЪКЛЕН ПЛОТ 70Х70Х70Hсм,,,,,,,,,,,,,,,,,,,,,,,,
mc-72366,,,,,,,,,,,,,,,,,,,,,,,,,,,,,,,,https://cdn.shopify.com/s/files/1/0925/7041/9533/files/trapezi-exotchoroy-fb9503603-metallo-may-5.jpg?v=1773147097,6,ВЪНШНА КВАДРАТНА МАСА FIGO ЧЕРЕН МЕТАЛ - СТЪКЛЕН ПЛОТ 70Х70Х70Hсм,,,,,,,,,,,,,,,,,,,,,,,,
mc-72366,,,,,,,,,,,,,,,,,,,,,,,,,,,,,,,,https://cdn.shopify.com/s/files/1/0925/7041/9533/files/trapezi-exotchoroy-fb9503603-metallo-may-6.jpg?v=1773147097,7,ВЪНШНА КВАДРАТНА МАСА FIGO ЧЕРЕН МЕТАЛ - СТЪКЛЕН ПЛОТ 70Х70Х70Hсм,,,,,,,,,,,,,,,,,,,,,,,,
mc-71965,ВЪНШНА КВАДРАТНА МАСА FIGO МЕТАЛ-СТЪКЛЕН ПЛОТ ШАМПАНСКО 60x60x70Hсм.,"Градинската маса FIGO в цвят ШАМПАНСКО е квадратна с заоблени ъгли и извити крака. Това е много популярна маса, която липсва почти на никой балкон или градина. Маса е подходяща и за ограничени пространства, като балкони или малки дворове.<br>
<br>
РАЗМЕРИ:<br>
60x60x70H см.<br>
Разстояние между краката: 49,5 см.<br>
Метална рамка: Φ25x0.8 мм дебелина<br>
<br>
МАТЕРИАЛИ ЗА ИЗРАБОТКА:<br>
Рамката е метална с прахово покритие. Праховото покритие е сух процес на нанасяне, използван като метално покритие. Праховото покритие се нанася като сух прах чрез електростатичен процес, след което се втвърдява чрез нагряване.<br>
Плоскостта на масата е изработена от темперирано или безопасно стъкло.<br>
Темперираното или закалено стъкло е вид безопасно стъкло, което е около четири пъти по-здраво от обикновеното стъкло. За разлика от обикновеното стъкло, което при счупване се разпада на остри парчета, темперираното стъкло се чупи на малки, относително безвредни гранулирани частици. Поради това темперираното стъкло се използва в среди, където безопасността на хората е важна, като домашни приложения и др.<br>
<br>
ПОДДРЪЖКА:<br>
От гореизложеното е ясно, че не е необходима специална поддръжка. Достатъчно е почистване с влажна кърпа или дори със специални почистващи препарати.<br>
<br>
ПРЕДИМСТВА:<br>
• Класически и вечен дизайн<br>
• Лесна поддръжка<br>
• Качествени материали за изработка<br>
• Отлично съотношение цена-качество<br>
<br>
Масата се доставя разглобена и е лесна за сглобяване, тъй като всички необходими части са включени в опаковката.<br>
** Точният цвят на продукта може да се различава леко от реалния поради различни настройки на монитора.",Europe,,Маси,"RelatedColor_Черен, Градински маси, Градински маси за кафе",true,Title,Default Title,,,,,,,,0603167,7800.0,shopify,0,deny,manual,24.87,40.27,true,true,,,,,5208067143110,https://cdn.shopify.com/s/files/1/0925/7041/9533/files/trapezi-exotchoroy-fb9503504-metallo-sam.jpg?v=1773146772,1,ВЪНШНА КВАДРАТНА МАСА FIGO МЕТАЛ-СТЪКЛЕН ПЛОТ ШАМПАНСКО 60x60x70Hсм.,false,,,,,,,,,,,,,,,,,,,,kg,,,active
mc-71965,,,,,,,,,,,,,,,,,,,,,,,,,,,,,,,,https://cdn.shopify.com/s/files/1/0925/7041/9533/files/trapezi-exotchoroy-fb9503504-metallo-sam-1.jpg?v=1773146771,2,ВЪНШНА КВАДРАТНА МАСА FIGO МЕТАЛ-СТЪКЛЕН ПЛОТ ШАМПАНСКО 60x60x70Hсм.,,,,,,,,,,,,,,,,,,,,,,,,
mc-71965,,,,,,,,,,,,,,,,,,,,,,,,,,,,,,,,https://cdn.shopify.com/s/files/1/0925/7041/9533/files/trapezi-exotchoroy-fb9503504-metallo-sam-2.jpg?v=1773146771,3,ВЪНШНА КВАДРАТНА МАСА FIGO МЕТАЛ-СТЪКЛЕН ПЛОТ ШАМПАНСКО 60x60x70Hсм.,,,,,,,,,,,,,,,,,,,,,,,,
mc-71965,,,,,,,,,,,,,,,,,,,,,,,,,,,,,,,,https://cdn.shopify.com/s/files/1/0925/7041/9533/files/trapezi-exotchoroy-fb9503504-metallo-sam-3.jpg?v=1773146772,4,ВЪНШНА КВАДРАТНА МАСА FIGO МЕТАЛ-СТЪКЛЕН ПЛОТ ШАМПАНСКО 60x60x70Hсм.,,,,,,,,,,,,,,,,,,,,,,,,
mc-71965,,,,,,,,,,,,,,,,,,,,,,,,,,,,,,,,https://cdn.shopify.com/s/files/1/0925/7041/9533/files/trapezi-exotchoroy-fb9503504-metallo-sam-4.jpg?v=1773146772,5,ВЪНШНА КВАДРАТНА МАСА FIGO МЕТАЛ-СТЪКЛЕН ПЛОТ ШАМПАНСКО 60x60x70Hсм.,,,,,,,,,,,,,,,,,,,,,,,,
mc-71965,,,,,,,,,,,,,,,,,,,,,,,,,,,,,,,,https://cdn.shopify.com/s/files/1/0925/7041/9533/files/trapezi-exotchoroy-fb9503504-metallo-sam-5.jpg?v=1773146772,6,ВЪНШНА КВАДРАТНА МАСА FIGO МЕТАЛ-СТЪКЛЕН ПЛОТ ШАМПАНСКО 60x60x70Hсм.,,,,,,,,,,,,,,,,,,,,,,,,
mc-71965,,,,,,,,,,,,,,,,,,,,,,,,,,,,,,,,https://cdn.shopify.com/s/files/1/0925/7041/9533/files/trapezi-exotchoroy-fb9503504-metallo-sam-6.jpg?v=1773146772,7,ВЪНШНА КВАДРАТНА МАСА FIGO МЕТАЛ-СТЪКЛЕН ПЛОТ ШАМПАНСКО 60x60x70Hсм.,,,,,,,,,,,,,,,,,,,,,,,,
mc-71965,,,,,,,,,,,,,,,,,,,,,,,,,,,,,,,,https://cdn.shopify.com/s/files/1/0925/7041/9533/files/trapezi-exotchoroy-fb9503504-metallo-sam-7.jpg?v=1773146771,8,ВЪНШНА КВАДРАТНА МАСА FIGO МЕТАЛ-СТЪКЛЕН ПЛОТ ШАМПАНСКО 60x60x70Hсм.,,,,,,,,,,,,,,,,,,,,,,,,
mc-71965,,,,,,,,,,,,,,,,,,,,,,,,,,,,,,,,https://cdn.shopify.com/s/files/1/0925/7041/9533/files/trapezi-exotchoroy-fb9503504-metallo-sam-8.jpg?v=1773146770,9,ВЪНШНА КВАДРАТНА МАСА FIGO МЕТАЛ-СТЪКЛЕН ПЛОТ ШАМПАНСКО 60x60x70Hсм.,,,,,,,,,,,,,,,,,,,,,,,,
mc-71944,Външна квадратна помощна маса DIDO метал антрацит - стъкло 41x41x43Hсм.,"Външната помощна маса DIDO в цвят АНТРАЦИТ е квадратна с заоблени ъгли и 4 типични крака. Това е малка маса в стил, който не липсва на почти нито един балкон или градина.<br>
<br>
РАЗМЕРИ:<br>
41x41x43H см.<br>
Разстояние между краката: 41x41 см.<br>
Размери на плота: 40x40 см.<br>
Метална рамка: Φ24x0.8 мм дебелина<br>
<br>
МАТЕРИАЛИ ЗА ИЗРАБОТКА:<br>
Рамката е метална с прахово покритие. Праховото покритие е сух процес на нанасяне, използван като метално покритие. Праховото покритие се нанася като сух прах чрез електростатичен процес, след което се втвърдява с топлина.<br>
Плотът е изработен от закалено или безопасно стъкло.<br>
Закаленото или усилено стъкло е вид безопасно стъкло, около четири пъти по-здраво от обикновеното стъкло. За разлика от обикновеното стъкло, което може да се разпадне на остри парчета при счупване, закаленото стъкло се чупи на малки, относително безвредни гранулирани парчета. Поради това закаленото стъкло се използва в среди, където безопасността на хората е важна, като домашни приложения и др.<br>
<br>
ПОДДРЪЖКА:<br>
От горното е ясно, че не е необходима специална поддръжка. Достатъчно е почистване с влажна кърпа или дори със специални почистващи препарати.<br>
<br>
**Точният цветови оттенък на продукта може леко да се различава от реалния продукт поради различните настройки на монитора.",Europe,,Маси,"RelatedColor_Бял, Градински маси за кафе",true,Title,Default Title,,,,,,,,0507246,3000.0,shopify,230,deny,manual,19.10,30.94,true,true,,,,,5208067143271,https://cdn.shopify.com/s/files/1/0925/7041/9533/files/boithitiko-trapezaki-exchoroy-tetragono.jpg?v=1773146755,1,Външна квадратна помощна маса DIDO метал антрацит - стъкло 41x41x43Hсм.,false,,,,,,,,,,,,,,,,,,,,kg,,,active
mc-71944,,,,,,,,,,,,,,,,,,,,,,,,,,,,,,,,https://cdn.shopify.com/s/files/1/0925/7041/9533/files/boithitiko-trapezaki-exchoroy-tetragono--1.jpg?v=1773146755,2,Външна квадратна помощна маса DIDO метал антрацит - стъкло 41x41x43Hсм.,,,,,,,,,,,,,,,,,,,,,,,,
mc-71944,,,,,,,,,,,,,,,,,,,,,,,,,,,,,,,,https://cdn.shopify.com/s/files/1/0925/7041/9533/files/boithitiko-trapezaki-exchoroy-tetragono--2.jpg?v=1773146755,3,Външна квадратна помощна маса DIDO метал антрацит - стъкло 41x41x43Hсм.,,,,,,,,,,,,,,,,,,,,,,,,
mc-71944,,,,,,,,,,,,,,,,,,,,,,,,,,,,,,,,https://cdn.shopify.com/s/files/1/0925/7041/9533/files/boithitiko-trapezaki-exchoroy-tetragono--3.jpg?v=1773146755,4,Външна квадратна помощна маса DIDO метал антрацит - стъкло 41x41x43Hсм.,,,,,,,,,,,,,,,,,,,,,,,,
mc-71944,,,,,,,,,,,,,,,,,,,,,,,,,,,,,,,,https://cdn.shopify.com/s/files/1/0925/7041/9533/files/boithitiko-trapezaki-exchoroy-tetragono--4.jpg?v=1773146755,5,Външна квадратна помощна маса DIDO метал антрацит - стъкло 41x41x43Hсм.,,,,,,,,,,,,,,,,,,,,,,,,
mc-71944,,,,,,,,,,,,,,,,,,,,,,,,,,,,,,,,https://cdn.shopify.com/s/files/1/0925/7041/9533/files/boithitiko-trapezaki-exchoroy-tetragono--5.jpg?v=1773146755,6,Външна квадратна помощна маса DIDO метал антрацит - стъкло 41x41x43Hсм.,,,,,,,,,,,,,,,,,,,,,,,,
mc-71886,ГРАДИНСКА КРЪГЛА МАСА LIMA МЕТАЛ ШАМПАНСКИ ЦВЯТ-СТЪКЛЕН ПЛОТ Φ60x70Hсм,"Масата за външна употреба LIMA в цвят Шампанско е кръгла и има извити крака. Това е много популярна маса, която не липсва почти на нито един балкон или градина. Масата е подходяща и за ограничени пространства, като балкони или малки дворове.<br>
<br>
РАЗМЕРИ:<br>
Φ60x70H см.<br>
Разстояние между краката: 41 см.<br>
Метална рамка: Φ25x0.8мм дебела<br>
<br>
МАТЕРИАЛИ ЗА ИЗРАБОТКА:<br>
Рамката е метална с прахово покритие. Праховото покритие е сух процес на нанасяне, използван като метално покритие. Праховото покритие се нанася като сух прах чрез електростатичен процес, след което се втвърдява с топлина.<br>
Плотът е изработен от закалено стъкло или безопасно стъкло.<br>
Закаленото или усилено стъкло е вид безопасно стъкло, което е около четири пъти по-здраво от обикновеното стъкло. За разлика от обикновеното стъкло, което може да се разпадне на остри парчета при счупване, закаленото стъкло се чупи на малки, относително безвредни гранулирани парчета. Поради това закаленото стъкло се използва в среди, където безопасността на хората е важна, като домашни приложения и др.<br>
<br>
ПОДДРЪЖКА:<br>
От горното е ясно, че не е необходима специална поддръжка. Достатъчно е почистване с влажна кърпа или дори със специални почистващи препарати.<br>
<br>
ПРЕДИМСТВА:<br>
• Класически и вечен дизайн<br>
• Лесна поддръжка<br>
• Качествени материали за изработка<br>
• Отлично съотношение цена-качество<br>
<br>
Масата се доставя разглобена и е лесна за сглобяване, тъй като всички необходими части са включени в опаковката.<br>
** Точният цвят на продукта може да се различава леко от реалния поради различните настройки на монитора.",Europe,,Маси,"RelatedColor_Черен, Градински маси, Градински маси за кафе",true,Title,Default Title,,,,,,,,0603164,7000.0,shopify,135,deny,manual,20.68,33.48,true,true,,,,,5208067143080,https://cdn.shopify.com/s/files/1/0925/7041/9533/files/trapezi-exchoroy-stroggylo-fb9507904-sam.jpg?v=1773146707,1,ГРАДИНСКА КРЪГЛА МАСА LIMA МЕТАЛ ШАМПАНСКИ ЦВЯТ-СТЪКЛЕН ПЛОТ Φ60x70Hсм,false,,,,,,,,,,,,,,,,,,,,kg,,,active
mc-71886,,,,,,,,,,,,,,,,,,,,,,,,,,,,,,,,https://cdn.shopify.com/s/files/1/0925/7041/9533/files/trapezi-exchoroy-stroggylo-fb9507904-sam-1.jpg?v=1773146707,2,ГРАДИНСКА КРЪГЛА МАСА LIMA МЕТАЛ ШАМПАНСКИ ЦВЯТ-СТЪКЛЕН ПЛОТ Φ60x70Hсм,,,,,,,,,,,,,,,,,,,,,,,,
mc-71886,,,,,,,,,,,,,,,,,,,,,,,,,,,,,,,,https://cdn.shopify.com/s/files/1/0925/7041/9533/files/trapezi-exchoroy-stroggylo-fb9507904-sam-2.jpg?v=1773146707,3,ГРАДИНСКА КРЪГЛА МАСА LIMA МЕТАЛ ШАМПАНСКИ ЦВЯТ-СТЪКЛЕН ПЛОТ Φ60x70Hсм,,,,,,,,,,,,,,,,,,,,,,,,
mc-71886,,,,,,,,,,,,,,,,,,,,,,,,,,,,,,,,https://cdn.shopify.com/s/files/1/0925/7041/9533/files/trapezi-exchoroy-stroggylo-fb9507904-sam-3.jpg?v=1773146708,4,ГРАДИНСКА КРЪГЛА МАСА LIMA МЕТАЛ ШАМПАНСКИ ЦВЯТ-СТЪКЛЕН ПЛОТ Φ60x70Hсм,,,,,,,,,,,,,,,,,,,,,,,,
mc-71886,,,,,,,,,,,,,,,,,,,,,,,,,,,,,,,,https://cdn.shopify.com/s/files/1/0925/7041/9533/files/trapezi-exchoroy-stroggylo-fb9507904-sam-4.jpg?v=1773146707,5,ГРАДИНСКА КРЪГЛА МАСА LIMA МЕТАЛ ШАМПАНСКИ ЦВЯТ-СТЪКЛЕН ПЛОТ Φ60x70Hсм,,,,,,,,,,,,,,,,,,,,,,,,
mc-71886,,,,,,,,,,,,,,,,,,,,,,,,,,,,,,,,https://cdn.shopify.com/s/files/1/0925/7041/9533/files/trapezi-exchoroy-stroggylo-fb9507904-sam-5.jpg?v=1773146707,6,ГРАДИНСКА КРЪГЛА МАСА LIMA МЕТАЛ ШАМПАНСКИ ЦВЯТ-СТЪКЛЕН ПЛОТ Φ60x70Hсм,,,,,,,,,,,,,,,,,,,,,,,,
mc-71886,,,,,,,,,,,,,,,,,,,,,,,,,,,,,,,,https://cdn.shopify.com/s/files/1/0925/7041/9533/files/trapezi-exchoroy-stroggylo-fb9507904-sam-6.jpg?v=1773146707,7,ГРАДИНСКА КРЪГЛА МАСА LIMA МЕТАЛ ШАМПАНСКИ ЦВЯТ-СТЪКЛЕН ПЛОТ Φ60x70Hсм,,,,,,,,,,,,,,,,,,,,,,,,
mc-71886,,,,,,,,,,,,,,,,,,,,,,,,,,,,,,,,https://cdn.shopify.com/s/files/1/0925/7041/9533/files/trapezi-exchoroy-stroggylo-fb9507904-sam-7.jpg?v=1773146706,8,ГРАДИНСКА КРЪГЛА МАСА LIMA МЕТАЛ ШАМПАНСКИ ЦВЯТ-СТЪКЛЕН ПЛОТ Φ60x70Hсм,,,,,,,,,,,,,,,,,,,,,,,,
mc-71885,ГРАДИНСКА КВАДРАТНА МАСА FIGO ЧЕРЕН МЕТАЛ-СТЪКЛЕН ПЛОТ 60x60x70Hсм,"Масата за външна употреба FIGO в черен цвят е квадратна с заоблени ъгли и извити крака. Това е много популярна маса, която не липсва почти на нито един балкон или градина. Масата е подходяща и за ограничени пространства, като балкони или малки дворове.<br>
<br>
РАЗМЕРИ:<br>
60x60x70H см.<br>
Разстояние между краката: 49,5 см.<br>
Метална рамка: Φ25x0.8 мм дебелина<br>
<br>
МАТЕРИАЛИ НА КОНСТРУКЦИЯТА:<br>
Рамката е метална с прахово покритие. Праховото покритие е сух процес на нанасяне, използван като метално покритие. Праховото покритие се нанася като сух прах чрез електростатичен процес, след което се втвърдява с топлина.<br>
Плотът е изработен от закалено или безопасно стъкло.<br>
Закаленото или усилено стъкло е вид безопасно стъкло, което е около четири пъти по-здраво от обикновеното стъкло. За разлика от обикновеното стъкло, което може да се счупи на остри парчета, закаленото стъкло се чупи на малки, относително безвредни гранулирани частици. Поради това закаленото стъкло се използва в среди, където безопасността на хората е важна, като домашни приложения и др.<br>
<br>
ПОДДРЪЖКА:<br>
От гореизложеното е ясно, че не се изисква специална поддръжка. Достатъчно е почистване с влажна кърпа или дори със специални почистващи препарати.<br>
<br>
ПРЕДИМСТВА:<br>
• Класически и вечен дизайн<br>
• Лесна поддръжка<br>
• Качествени материали за конструкция<br>
• Отлично съотношение цена-качество<br>
<br>
Масата се доставя разглобена и е лесна за сглобяване, тъй като всички необходими части са включени в опаковката.<br>
** Точният цвят на продукта може да варира леко от реалния поради различни настройки на монитора.",Europe,,Маси,"RelatedColor_Champagne, Градински маси, Градински маси за кафе",true,Title,Default Title,,,,,,,,0603166,7800.0,shopify,347,deny,manual,24.87,40.27,true,true,,,,,5208067143103,https://cdn.shopify.com/s/files/1/0925/7041/9533/files/trapezi-exotchoroy-fb9503503-metallo-may.jpg?v=1773146706,1,ГРАДИНСКА КВАДРАТНА МАСА FIGO ЧЕРЕН МЕТАЛ-СТЪКЛЕН ПЛОТ 60x60x70Hсм,false,,,,,,,,,,,,,,,,,,,,kg,,,active
mc-71885,,,,,,,,,,,,,,,,,,,,,,,,,,,,,,,,https://cdn.shopify.com/s/files/1/0925/7041/9533/files/trapezi-exotchoroy-fb9503503-metallo-may-1.jpg?v=1773146706,2,ГРАДИНСКА КВАДРАТНА МАСА FIGO ЧЕРЕН МЕТАЛ-СТЪКЛЕН ПЛОТ 60x60x70Hсм,,,,,,,,,,,,,,,,,,,,,,,,
mc-71885,,,,,,,,,,,,,,,,,,,,,,,,,,,,,,,,https://cdn.shopify.com/s/files/1/0925/7041/9533/files/trapezi-exotchoroy-fb9503503-metallo-may-2.jpg?v=1773146705,3,ГРАДИНСКА КВАДРАТНА МАСА FIGO ЧЕРЕН МЕТАЛ-СТЪКЛЕН ПЛОТ 60x60x70Hсм,,,,,,,,,,,,,,,,,,,,,,,,
mc-71885,,,,,,,,,,,,,,,,,,,,,,,,,,,,,,,,https://cdn.shopify.com/s/files/1/0925/7041/9533/files/trapezi-exotchoroy-fb9503503-metallo-may-3.jpg?v=1773146705,4,ГРАДИНСКА КВАДРАТНА МАСА FIGO ЧЕРЕН МЕТАЛ-СТЪКЛЕН ПЛОТ 60x60x70Hсм,,,,,,,,,,,,,,,,,,,,,,,,
mc-71885,,,,,,,,,,,,,,,,,,,,,,,,,,,,,,,,https://cdn.shopify.com/s/files/1/0925/7041/9533/files/trapezi-exotchoroy-fb9503503-metallo-may-4.jpg?v=1773146706,5,ГРАДИНСКА КВАДРАТНА МАСА FIGO ЧЕРЕН МЕТАЛ-СТЪКЛЕН ПЛОТ 60x60x70Hсм,,,,,,,,,,,,,,,,,,,,,,,,
mc-71885,,,,,,,,,,,,,,,,,,,,,,,,,,,,,,,,https://cdn.shopify.com/s/files/1/0925/7041/9533/files/trapezi-exotchoroy-fb9503503-metallo-may-5.jpg?v=1773146705,6,ГРАДИНСКА КВАДРАТНА МАСА FIGO ЧЕРЕН МЕТАЛ-СТЪКЛЕН ПЛОТ 60x60x70Hсм,,,,,,,,,,,,,,,,,,,,,,,,
mc-71885,,,,,,,,,,,,,,,,,,,,,,,,,,,,,,,,https://cdn.shopify.com/s/files/1/0925/7041/9533/files/trapezi-exotchoroy-fb9503503-metallo-may-6.jpg?v=1773146705,7,ГРАДИНСКА КВАДРАТНА МАСА FIGO ЧЕРЕН МЕТАЛ-СТЪКЛЕН ПЛОТ 60x60x70Hсм,,,,,,,,,,,,,,,,,,,,,,,,
mc-70983,Външна квадратна маса от полипропилен LUNAR сива 80x80x75Hсм.,"Сива поли пропиленова маса. Идеално предложение за използване на открито, както в професионални среди (зали за банкети, кетъринг компании и др.), така и за дома. Маса се състои от ""перфорирана"" квадратна плоскост, а опората е осигурена от централен стълб, завършващ с 4 крака.<br>
<br>
СПЕЦИФИКАЦИИ:<br>
Общи размери: 80x80x75H см.<br>
Дебелина на плота: 3 см.<br>
Разстояние между краката: 57x57 см.<br>
<br>
МАТЕРИАЛ НА КОНСТРУКЦИЯТА:<br>
Масата е изработена от 100% висококачествен полипропилен. Полипропиленът е особено устойчив на тежест и вода, като има голяма устойчивост на температури до 125 градуса Целзий. Освен това, издръжливостта му не се ограничава само до тежест, вода и температура, а е необичайно устойчива на много химически разтворители, киселини и основи.<br>
<br>
ПОДДРЪЖКА:<br>
Полипропиленовите маси се почистват лесно с влажна кърпа. Ако са на открито, могат да се почистват директно с течаща вода.<br>
<br>
ПРЕДИМСТВА:<br>
Полипропиленовата маса има само предимства и е отличен избор за бизнес пространства на открито. По-специално, ниското й тегло и издръжливост я правят най-добрият избор за зали за банкети или кетъринг компании, както и за всяко открито пространство. Освен това може да се съхранява в най-малко възможно пространство, тъй като плотът е подвижен. Но най-важното за полипропилена е, че е екологично чист, тъй като е рециклируем.",Europe,,Маси,"RelatedColor_Dark Olive, Градински маси",true,Title,Default Title,,,,,,,,0535250,12000.0,shopify,0,deny,manual,94.76,153.45,true,true,,,,,5208067133432,https://cdn.shopify.com/s/files/1/0925/7041/9533/files/trapezi-polypropylenioy-tetragono-fb9593_d025e372-38a2-46c9-920c-a1c75196a5b4.jpg?v=1773129455,1,Външна квадратна маса от полипропилен LUNAR сива 80x80x75Hсм.,false,,,,,,,,,,,,,,,,,,,,kg,,,active
mc-70983,,,,,,,,,,,,,,,,,,,,,,,,,,,,,,,,https://cdn.shopify.com/s/files/1/0925/7041/9533/files/trapezi-polypropylenioy-tetragono-fb9593-1_309901d1-a391-4268-a103-6c6ec3898aba.jpg?v=1773129455,2,Външна квадратна маса от полипропилен LUNAR сива 80x80x75Hсм.,,,,,,,,,,,,,,,,,,,,,,,,
mc-70982,Външна квадратна маса от полипропилен LUNAR черна 80x80x75Hсм.,"Черна поли пропиленова маса. Идеално предложение за използване на открито, както в професионални среди (зали за банкети, кетъринг компании и др.), така и за дома. Маса се състои от ""перфорирана"" квадратна плоскост, а опората е осигурена от централен стълб, завършващ с 4 крака.<br>
<br>
СПЕЦИФИКАЦИИ:<br>
Общи размери: 80x80x75H см.<br>
Дебелина на плота: 3 см.<br>
Разстояние между краката: 57x57 см.<br>
<br>
МАТЕРИАЛ НА КОНСТРУКЦИЯТА:<br>
Масата е изработена от 100% висококачествен полипропилен. Полипропиленът е особено устойчив на тежест и вода, като има голяма устойчивост на температури до 125 градуса Целзий. Освен това, издръжливостта му не се ограничава само до тежест, вода и температура, а е необичайно устойчива на много химически разтворители, киселини и основи.<br>
<br>
ПОДДРЪЖКА:<br>
Полипропиленовите маси се почистват лесно с влажна кърпа. Ако са на открито, могат да се почистват директно с течаща вода.<br>
<br>
ПРЕДИМСТВА:<br>
Полипропиленовата маса има само предимства и е отличен избор за бизнес пространства на открито. По-специално, ниското й тегло и издръжливост я правят най-добрият избор за зали за банкети или кетъринг компании, както и за всяко открито пространство. Освен това може да се съхранява в най-малко възможно пространство, тъй като плотът е подвижен. Но най-важното за полипропилена е, че е екологично чист, тъй като е рециклируем.",Europe,,Маси,"RelatedColor_Dark Olive, Градински маси",true,Title,Default Title,,,,,,,,0535251,12000.0,shopify,131,deny,manual,94.76,153.45,true,true,,,,,5208067133449,https://cdn.shopify.com/s/files/1/0925/7041/9533/files/trapezi-polypropylenioy-tetragono-fb9593_42d1bef8-0eea-479f-bffe-6db65e7bcc5a.jpg?v=1773129453,1,Външна квадратна маса от полипропилен LUNAR черна 80x80x75Hсм.,false,,,,,,,,,,,,,,,,,,,,kg,,,active
mc-70982,,,,,,,,,,,,,,,,,,,,,,,,,,,,,,,,https://cdn.shopify.com/s/files/1/0925/7041/9533/files/trapezi-polypropylenioy-tetragono-fb9593-1_9ee72f43-7790-46ad-9b0e-4002388cd1ee.jpg?v=1773129453,2,Външна квадратна маса от полипропилен LUNAR черна 80x80x75Hсм.,,,,,,,,,,,,,,,,,,,,,,,,
mc-70981,Външна квадратна маса от полипропилен LUNAR кафява 80x80x75Hсм.,"Маса от полипропилен в кафяв цвят. Идеално предложение за използване на открити пространства, било то професионални (зали за банкети, кетъринг компании и др.) или за дома. Маса се състои от „перфорирана“ квадратна плоскост, а опората се осигурява от централен стълб, завършващ с 4 крака.<br>
<br>
СПЕЦИФИКАЦИИ:<br>
Общи размери: 80x80x75H см.<br>
Дебелина на плота: 3 см.<br>
Разстояние между краката: 57x57 см.<br>
<br>
МАТЕРИАЛ НА КОНСТРУКЦИЯТА:<br>
Масата е изработена от 100% висококачествен полипропилен. Полипропиленът е особено устойчив на тежест и вода, като има голяма устойчивост на температури до 125 градуса по Целзий. Освен това, издръжливостта му не се ограничава само до тежест, вода и температура, а е необичайно устойчива на много химически разтворители, киселини и основи.<br>
<br>
ПОДДРЪЖКА:<br>
Полипропиленовите маси се почистват лесно с влажна кърпа. Ако са на открито, могат да се почистват директно с течаща вода.<br>
<br>
ПРЕДИМСТВА:<br>
Полипропиленовата маса има само предимства и е отличен избор за открити бизнес пространства. По-специално, ниското й тегло и издръжливост я правят най-добрият избор за зали за банкети или кетъринг компании, както и за всяко открито пространство. Освен това може да се съхранява в най-малко възможно пространство, тъй като плотът е подвижен. Но най-важното за полипропилена е, че е екологично чист, тъй като е рециклируем.",Europe,,Маси,"RelatedColor_Dark Olive, Градински маси",true,Title,Default Title,,,,,,,,0535249,12000.0,shopify,58,deny,manual,94.76,153.45,true,true,,,,,5208067133425,https://cdn.shopify.com/s/files/1/0925/7041/9533/files/trapezi-polypropylenioy-tetragono-fb9593_48a88f7a-bb4e-4f9f-8689-b29249e8eed7.jpg?v=1773129451,1,Външна квадратна маса от полипропилен LUNAR кафява 80x80x75Hсм.,false,,,,,,,,,,,,,,,,,,,,kg,,,active
mc-70981,,,,,,,,,,,,,,,,,,,,,,,,,,,,,,,,https://cdn.shopify.com/s/files/1/0925/7041/9533/files/trapezi-polypropylenioy-tetragono-fb9593-1_c7381a5c-f139-43fe-bef2-507379c779c6.jpg?v=1773129452,2,Външна квадратна маса от полипропилен LUNAR кафява 80x80x75Hсм.,,,,,,,,,,,,,,,,,,,,,,,,
mc-70980,Външна квадратна маса от полипропилен LUNAR бяла 80x80x74Hсм.,"Бяла маса от полипропилен. Идеално предложение за използване на открити пространства, било то професионални (зали за банкети, кетъринг компании и др.) или за дома. Маса се състои от „перфорирана“ квадратна плоскост, а опората се осигурява от централен стълб, завършващ с 4 крака.<br>
<br>
СПЕЦИФИКАЦИИ:<br>
Общи размери: 80x80x74H см.<br>
Дебелина на плота: 3 см.<br>
Разстояние между краката: 45x45 см.<br>
<br>
МАТЕРИАЛ НА КОНСТРУКЦИЯТА:<br>
Масата е изработена от 100% висококачествен полипропилен. Полипропиленът е особено устойчив на тежест и вода, като има голяма устойчивост на температури до 125 градуса по Целзий. Освен това, издръжливостта му не се ограничава само до тежест, вода и температура, а е необичайно устойчива на много химически разтворители, киселини и основи.<br>
<br>
ПОДДРЪЖКА:<br>
Полипропиленовите маси се почистват лесно с влажна кърпа. Ако са на открито, могат да се почистват директно с течаща вода.<br>
<br>
ПРЕДИМСТВА:<br>
Полипропиленовата маса има само предимства и е отличен избор за открити бизнес пространства. По-специално, ниското й тегло и издръжливост я правят най-добрият избор за зали за банкети или кетъринг компании, както и за всяко открито пространство. Освен това може да се съхранява в най-малко възможно пространство, тъй като плотът е подвижен. Но най-важното за полипропилена е, че е екологично чист, тъй като е рециклируем.",Europe,,Маси,"RelatedColor_Dark Olive, Градински маси",true,Title,Default Title,,,,,,,,0535247,12000.0,shopify,195,deny,manual,94.76,153.45,true,true,,,,,5208067133401,https://cdn.shopify.com/s/files/1/0925/7041/9533/files/trapezi-polypropylenioy-tetragono-lunar.jpg?v=1773129449,1,Външна квадратна маса от полипропилен LUNAR бяла 80x80x74Hсм.,false,,,,,,,,,,,,,,,,,,,,kg,,,active
mc-70980,,,,,,,,,,,,,,,,,,,,,,,,,,,,,,,,https://cdn.shopify.com/s/files/1/0925/7041/9533/files/trapezi-polypropylenioy-tetragono-lunar--1.jpg?v=1773129449,2,Външна квадратна маса от полипропилен LUNAR бяла 80x80x74Hсм.,,,,,,,,,,,,,,,,,,,,,,,,
mc-70971,Външна квадратна маса от полипропилен LUNAR капучино 80x80x75Hсм.,"Маса в цвят CAPPUCCINO от полипропилен. Идеално предложение за използване на открито, както в професионални пространства (зали за банкети, кетъринг компании и др.), така и за дома. Маса с „перфорирана“ квадратна плоскост, а опората се осигурява от централен стълб, завършващ с 4 крака.<br>
<br>
СПЕЦИФИКАЦИИ:<br>
Общи размери: 80x80x75H см.<br>
Дебелина на плота: 3 см.<br>
Разстояние между краката: 57x57 см.<br>
<br>
МАТЕРИАЛ НА КОНСТРУКЦИЯТА:<br>
Масата е изработена от 100% висококачествен полипропилен. Полипропиленът е особено устойчив на тежест и вода, като има голяма устойчивост на температури до 125 градуса по Целзий. Освен това издръжливостта му не се ограничава само до тежест, вода и температура, а е необичайно устойчива на много химически разтворители, киселини и основи.<br>
<br>
ПОДДРЪЖКА:<br>
Полипропиленовите маси се почистват лесно с влажна кърпа. Ако са на открито, могат да се измиват директно с течаща вода.<br>
<br>
ПРЕДИМСТВА:<br>
Полипропиленовата маса има само предимства и е отличен избор за открити бизнес пространства. Особено ниското й тегло и издръжливост я правят най-добрият избор за зали за банкети или кетъринг компании, както и за всяко открито пространство. Освен това може да се съхранява в минимално пространство, тъй като плотът е подвижен. Но най-важното за полипропилена е, че е екологично чист, тъй като е рециклируем.",Europe,,Маси,"RelatedColor_Dark Olive, Градински маси",true,Title,Default Title,,,,,,,,0535248,12000.0,shopify,44,deny,manual,94.76,153.45,true,true,,,,,5208067133418,https://cdn.shopify.com/s/files/1/0925/7041/9533/files/trapezi-polypropylenioy-tetragono-fb9593.jpg?v=1773129438,1,Външна квадратна маса от полипропилен LUNAR капучино 80x80x75Hсм.,false,,,,,,,,,,,,,,,,,,,,kg,,,active
mc-70971,,,,,,,,,,,,,,,,,,,,,,,,,,,,,,,,https://cdn.shopify.com/s/files/1/0925/7041/9533/files/trapezi-polypropylenioy-tetragono-fb9593-1.jpg?v=1773129438,2,Външна квадратна маса от полипропилен LUNAR капучино 80x80x75Hсм.,,,,,,,,,,,,,,,,,,,,,,,,
mc-70971,,,,,,,,,,,,,,,,,,,,,,,,,,,,,,,,https://cdn.shopify.com/s/files/1/0925/7041/9533/files/trapezi-polypropylenioy-tetragono-fb9593-2.jpg?v=1773129438,3,Външна квадратна маса от полипропилен LUNAR капучино 80x80x75Hсм.,,,,,,,,,,,,,,,,,,,,,,,,
mc-70971,,,,,,,,,,,,,,,,,,,,,,,,,,,,,,,,https://cdn.shopify.com/s/files/1/0925/7041/9533/files/trapezi-polypropylenioy-tetragono-fb9593-3.jpg?v=1773129439,4,Външна квадратна маса от полипропилен LUNAR капучино 80x80x75Hсм.,,,,,,,,,,,,,,,,,,,,,,,,
mc-70971,,,,,,,,,,,,,,,,,,,,,,,,,,,,,,,,https://cdn.shopify.com/s/files/1/0925/7041/9533/files/trapezi-polypropylenioy-tetragono-fb9593-4.jpg?v=1773129439,5,Външна квадратна маса от полипропилен LUNAR капучино 80x80x75Hсм.,,,,,,,,,,,,,,,,,,,,,,,,
mc-70971,,,,,,,,,,,,,,,,,,,,,,,,,,,,,,,,https://cdn.shopify.com/s/files/1/0925/7041/9533/files/trapezi-polypropylenioy-tetragono-fb9593-5.jpg?v=1773129438,6,Външна квадратна маса от полипропилен LUNAR капучино 80x80x75Hсм.,,,,,,,,,,,,,,,,,,,,,,,,
mc-70971,,,,,,,,,,,,,,,,,,,,,,,,,,,,,,,,https://cdn.shopify.com/s/files/1/0925/7041/9533/files/trapezi-polypropylenioy-tetragono-fb9593-6.jpg?v=1773129439,7,Външна квадратна маса от полипропилен LUNAR капучино 80x80x75Hсм.,,,,,,,,,,,,,,,,,,,,,,,,
mc-70971,,,,,,,,,,,,,,,,,,,,,,,,,,,,,,,,https://cdn.shopify.com/s/files/1/0925/7041/9533/files/trapezi-polypropylenioy-tetragono-fb9593-7.jpg?v=1773129438,8,Външна квадратна маса от полипропилен LUNAR капучино 80x80x75Hсм.,,,,,,,,,,,,,,,,,,,,,,,,
mc-70971,,,,,,,,,,,,,,,,,,,,,,,,,,,,,,,,https://cdn.shopify.com/s/files/1/0925/7041/9533/files/trapezi-polypropylenioy-tetragono-fb9593-8.jpg?v=1773129439,9,Външна квадратна маса от полипропилен LUNAR капучино 80x80x75Hсм.,,,,,,,,,,,,,,,,,,,,,,,,
mc-70677,ГРАДИНСКИ ТРАПЕЗЕН КОМПЛЕКТ 5 ЧАСТИ КАФЯВ РАТАН-МЕТАЛНА РАМКА-СТЪКЛЕН ПЛОТ,"— Градински комплект с маса с метална рамка и черна подсилена стъклена повърхност и 4 метални кресла с възглавници, тапицирани със синтетичен ратан с плетеница в кафяв цвят.<br>
Масата е квадратна, също декорирана с кафяв синтетичен ратан, а стъклената повърхност има отвор в центъра за чадър, който преминава и през прорез на металната рамка на масата.<br>
<br>
РАЗМЕРИ:<br>
МАСА:<br>
90x90x74H см.<br>
Разстояние между краката: 63x63 см.<br>
<br>
КРЕСЛА:<br>
59x56x84H см.<br>
Размери на седалката: 46x46 см.<br>
Размери на облегалката: 43x46 см.<br>
Височина на седалката: 46 см.<br>
Височина на подлакътниците: 64 см.<br>
Разстояние между краката: 50x52 см.<br>
<br>
МАТЕРИАЛИ ЗА ИЗРАБОТКА:<br>
Рамката на масата и креслата е метална с прахово покритие. Праховото покритие е сух процес на покриване, използван като метално покритие. Праховото покритие се нанася като сух прах чрез електростатичен процес и след това се втвърдява с топлина.<br>
Облицовката на комплекта е направена със синтетичен ратан. Синтетичният ратан е синтетичен материал, изработен от PVC, т.е. висококачествени изкуствени влакна, които осигуряват отлична здравина и издръжливост при екстремни топлинни или студени условия.<br>
<br>
Повърхността на масата е изработена от закалено стъкло или безопасно стъкло.<br>
Закаленото или закалено стъкло е вид безопасно стъкло, което е около четири пъти по-здраво от обикновеното стъкло. За разлика от обикновеното стъкло, което може да се счупи на остри парчета, закаленото стъкло се чупи на малки, относително безвредни гранулирани парчета. Поради това закаленото стъкло се използва в среди, където безопасността на хората е важна, като домашни приложения и др.<br>
<br>
ПОДДРЪЖКА:<br>
От гореизложеното е ясно, че не се изисква специална поддръжка. Достатъчно е почистване с влажна кърпа или дори със специални почистващи препарати.<br>
<br>
ПРЕДИМСТВА:<br>
• Класически и вечен дизайн<br>
• Нормални размери<br>
• Възглавници за кресла с ципове<br>
• Лесна поддръжка<br>
• Качествени материали за изработка<br>
• Отлично съотношение цена-качество<br>
<br>
Масата се доставя разглобена и е лесна за сглобяване, тъй като всички необходими части са включени в пакета.",Europe,,Комплекти трапезни маси,Градински комплект за хранене,true,Title,Default Title,,,,,,,,0615196,45800.0,shopify,44,deny,manual,294.79,477.40,true,true,,,,,5208067135009,https://cdn.shopify.com/s/files/1/0925/7041/9533/files/set-trapezarias-exotchoroy-5tmch-fb95965.jpg?v=1773129180,1,ГРАДИНСКИ ТРАПЕЗЕН КОМПЛЕКТ 5 ЧАСТИ КАФЯВ РАТАН-МЕТАЛНА РАМКА-СТЪКЛЕН ПЛОТ,false,,,,,,,,,,,,,,,,,,,,kg,,,active
mc-70677,,,,,,,,,,,,,,,,,,,,,,,,,,,,,,,,https://cdn.shopify.com/s/files/1/0925/7041/9533/files/set-trapezarias-exotchoroy-5tmch-fb95965-1.jpg?v=1773129180,2,ГРАДИНСКИ ТРАПЕЗЕН КОМПЛЕКТ 5 ЧАСТИ КАФЯВ РАТАН-МЕТАЛНА РАМКА-СТЪКЛЕН ПЛОТ,,,,,,,,,,,,,,,,,,,,,,,,
mc-70677,,,,,,,,,,,,,,,,,,,,,,,,,,,,,,,,https://cdn.shopify.com/s/files/1/0925/7041/9533/files/set-trapezarias-exotchoroy-5tmch-fb95965-2.jpg?v=1773129180,3,ГРАДИНСКИ ТРАПЕЗЕН КОМПЛЕКТ 5 ЧАСТИ КАФЯВ РАТАН-МЕТАЛНА РАМКА-СТЪКЛЕН ПЛОТ,,,,,,,,,,,,,,,,,,,,,,,,
mc-70677,,,,,,,,,,,,,,,,,,,,,,,,,,,,,,,,https://cdn.shopify.com/s/files/1/0925/7041/9533/files/set-trapezarias-exotchoroy-5tmch-fb95965-3.jpg?v=1773129180,4,ГРАДИНСКИ ТРАПЕЗЕН КОМПЛЕКТ 5 ЧАСТИ КАФЯВ РАТАН-МЕТАЛНА РАМКА-СТЪКЛЕН ПЛОТ,,,,,,,,,,,,,,,,,,,,,,,,
mc-70677,,,,,,,,,,,,,,,,,,,,,,,,,,,,,,,,https://cdn.shopify.com/s/files/1/0925/7041/9533/files/set-trapezarias-exotchoroy-5tmch-fb95965-4.jpg?v=1773129180,5,ГРАДИНСКИ ТРАПЕЗЕН КОМПЛЕКТ 5 ЧАСТИ КАФЯВ РАТАН-МЕТАЛНА РАМКА-СТЪКЛЕН ПЛОТ,,,,,,,,,,,,,,,,,,,,,,,,
mc-70677,,,,,,,,,,,,,,,,,,,,,,,,,,,,,,,,https://cdn.shopify.com/s/files/1/0925/7041/9533/files/set-trapezarias-exotchoroy-5tmch-fb95965-5.jpg?v=1773129180,6,ГРАДИНСКИ ТРАПЕЗЕН КОМПЛЕКТ 5 ЧАСТИ КАФЯВ РАТАН-МЕТАЛНА РАМКА-СТЪКЛЕН ПЛОТ,,,,,,,,,,,,,,,,,,,,,,,,
mc-70677,,,,,,,,,,,,,,,,,,,,,,,,,,,,,,,,https://cdn.shopify.com/s/files/1/0925/7041/9533/files/set-trapezarias-exotchoroy-5tmch-fb95965-6.jpg?v=1773129180,7,ГРАДИНСКИ ТРАПЕЗЕН КОМПЛЕКТ 5 ЧАСТИ КАФЯВ РАТАН-МЕТАЛНА РАМКА-СТЪКЛЕН ПЛОТ,,,,,,,,,,,,,,,,,,,,,,,,
mc-70636,"ДИРЕКТОРСКИ СТОЛ ALUMINUM DUPRE ЦВЯТ ШАМПАНСКО 57x48,5x85.5Всм.","DUPRE е класически, сигурен избор за сядане, който гърците предпочитат пред други столове за лятото и особено за външна употреба. Не е необходима специална описателна част, тъй като всеки познава този сгъваем стол. DUPRE е изработен от алуминий и текстилен плат в цвят Шампанско и може много лесно да се комбинира с всякакъв вид декоративен стил, който изберете за вашето пространство, било то дворът или балконът на дома ви, или вашето професионално пространство.<br>
<br>
РАЗМЕРИ:<br>
Размери: 57x48.5x85.5H см.<br>
Височина на седалката: 47.5 см.<br>
Височина на подлакътниците: 63 см.<br>
Спецификации на алуминия: 40x15/30x19/28x14 мм<br>
<br>
МАТЕРИАЛИ ЗА ИЗРАБОТКА:<br>
Столът DUPRE е изработен от алуминий с електростатично боядисване.<br>
Инфо2: Алуминият е „зелен“ материал, който може да се рециклира безкрайно, запазвайки характеристиките си без никаква загуба на качество. Алуминият е по природа устойчив на корозия, дори в корозивни среди.<br>
Инфо3: Праховото покритие е нанасяне на сух прах чрез електростатичен процес, който след това се „свързва“ с метала чрез топлина. Известно е с висококачествените си покрития както по функционалност, така и по външен вид.<br>
Тапицерията на стола е направена от водоустойчив подсилен текстилен плат 2X1. Това е дебела, здрава и издръжлива полиестерна материя. Това означава, че е изработена от полиестерни нишки, тъкани от край до край, и е покрита с PVC.<br>
<br>
ПОДДРЪЖКА:<br>
Столът е много лесен за поддръжка. Едно избърсване с леко влажна кърпа е достатъчно, за да изглежда като нов.<br>
<br>
ПРЕДИМСТВА:<br>
Той е здрав и ще ви осигури часове релакс и безгрижие. Разбира се, голямата му популярност се дължи и на факта, че е сгъваем, което означава, че когато е „сгънат“, може да се съхранява на големи количества. Затова е подходящ за всякакъв тип хотели, Airbnb, наеми, кафенета, офиси и е особено подходящ за всяко външно пространство.<br>
<br>
** Цветопредаването на продукта може леко да се различава от фотографското му представяне на вашия екран.",Europe,,Столове-Фотьойли,"RelatedColor_Сив, Градински столове",true,Title,Default Title,,,,,,,,0613072,3800.0,shopify,163,deny,manual,70.83,114.70,true,true,,,,,5208067149136,https://cdn.shopify.com/s/files/1/0925/7041/9533/files/polythrona-skinotheti-aloyminioy-fb95094.jpg?v=1773123087,1,"ДИРЕКТОРСКИ СТОЛ ALUMINUM DUPRE ЦВЯТ ШАМПАНСКО 57x48,5x85.5Всм.",false,,,,,,,,,,,,,,,,,,,,kg,,,active
mc-70636,,,,,,,,,,,,,,,,,,,,,,,,,,,,,,,,https://cdn.shopify.com/s/files/1/0925/7041/9533/files/polythrona-skinotheti-aloyminioy-fb95094-1.jpg?v=1773123087,2,"ДИРЕКТОРСКИ СТОЛ ALUMINUM DUPRE ЦВЯТ ШАМПАНСКО 57x48,5x85.5Всм.",,,,,,,,,,,,,,,,,,,,,,,,
mc-70636,,,,,,,,,,,,,,,,,,,,,,,,,,,,,,,,https://cdn.shopify.com/s/files/1/0925/7041/9533/files/polythrona-skinotheti-aloyminioy-fb95094-2.jpg?v=1773123087,3,"ДИРЕКТОРСКИ СТОЛ ALUMINUM DUPRE ЦВЯТ ШАМПАНСКО 57x48,5x85.5Всм.",,,,,,,,,,,,,,,,,,,,,,,,
mc-70636,,,,,,,,,,,,,,,,,,,,,,,,,,,,,,,,https://cdn.shopify.com/s/files/1/0925/7041/9533/files/polythrona-skinotheti-aloyminioy-fb95094-3.jpg?v=1773123087,4,"ДИРЕКТОРСКИ СТОЛ ALUMINUM DUPRE ЦВЯТ ШАМПАНСКО 57x48,5x85.5Всм.",,,,,,,,,,,,,,,,,,,,,,,,
mc-70636,,,,,,,,,,,,,,,,,,,,,,,,,,,,,,,,https://cdn.shopify.com/s/files/1/0925/7041/9533/files/polythrona-skinotheti-aloyminioy-fb95094-4.jpg?v=1773123087,5,"ДИРЕКТОРСКИ СТОЛ ALUMINUM DUPRE ЦВЯТ ШАМПАНСКО 57x48,5x85.5Всм.",,,,,,,,,,,,,,,,,,,,,,,,
mc-70636,,,,,,,,,,,,,,,,,,,,,,,,,,,,,,,,https://cdn.shopify.com/s/files/1/0925/7041/9533/files/polythrona-skinotheti-aloyminioy-fb95094-5.jpg?v=1773123087,6,"ДИРЕКТОРСКИ СТОЛ ALUMINUM DUPRE ЦВЯТ ШАМПАНСКО 57x48,5x85.5Всм.",,,,,,,,,,,,,,,,,,,,,,,,
mc-70636,,,,,,,,,,,,,,,,,,,,,,,,,,,,,,,,https://cdn.shopify.com/s/files/1/0925/7041/9533/files/polythrona-skinotheti-aloyminioy-fb95094-6.jpg?v=1773123088,7,"ДИРЕКТОРСКИ СТОЛ ALUMINUM DUPRE ЦВЯТ ШАМПАНСКО 57x48,5x85.5Всм.",,,,,,,,,,,,,,,,,,,,,,,,
mc-70636,,,,,,,,,,,,,,,,,,,,,,,,,,,,,,,,https://cdn.shopify.com/s/files/1/0925/7041/9533/files/polythrona-skinotheti-aloyminioy-fb95094-7.jpg?v=1773123087,8,"ДИРЕКТОРСКИ СТОЛ ALUMINUM DUPRE ЦВЯТ ШАМПАНСКО 57x48,5x85.5Всм.",,,,,,,,,,,,,,,,,,,,,,,,
mc-70636,,,,,,,,,,,,,,,,,,,,,,,,,,,,,,,,https://cdn.shopify.com/s/files/1/0925/7041/9533/files/polythrona-skinotheti-aloyminioy-fb95094-8.jpg?v=1773123087,9,"ДИРЕКТОРСКИ СТОЛ ALUMINUM DUPRE ЦВЯТ ШАМПАНСКО 57x48,5x85.5Всм.",,,,,,,,,,,,,,,,,,,,,,,,
mc-70636,,,,,,,,,,,,,,,,,,,,,,,,,,,,,,,,https://cdn.shopify.com/s/files/1/0925/7041/9533/files/polythrona-skinotheti-aloyminioy-fb95094-9.jpg?v=1773123087,10,"ДИРЕКТОРСКИ СТОЛ ALUMINUM DUPRE ЦВЯТ ШАМПАНСКО 57x48,5x85.5Всм.",,,,,,,,,,,,,,,,,,,,,,,,
mc-70435,Фотьойл от перфорирано полипропилен в сиво 56x50x73Hсм.,"СИВ полипропиленов стол с подлакътници. Идеално предложение за използване на открито, както в професионални пространства (банкети, кетъринг компании и др.), така и у дома. Столът се състои от гладко седало и полукръгла, независима и ""перфорирана"" облегалка и подлакътници. Красив е и ще подобри естетически всяко външно пространство.<br>
<br>
РАЗМЕРИ:<br>
56x50x73H см.<br>
Височина на седалката: 46 см.<br>
Височина на подлакътниците: 65 см.<br>
Размери на седалката: 41x38 см.<br>
Размери на облегалката: 44x18 см.<br>
<br>
<br>
МАТЕРИАЛ НА КОНСТРУКЦИЯТА:<br>
Столът е изработен от 100% висококачествен полипропилен. Полипропиленът е особено устойчив на тежест и вода, като същевременно има голяма устойчивост на температури до 125 градуса Целзий. Освен това, неговата издръжливост не се ограничава само до тежест, вода и температура, а е необичайно устойчив на много химически разтворители, киселини и основи.<br>
<br>
ПОДДРЪЖКА:<br>
Полипропиленовите столове се почистват лесно с влажна кърпа. Ако са на открито, могат да се почистват директно с течаща вода.<br>
<br>
ПРЕДИМСТВА:<br>
Полипропиленовият стол с подлакътници има само предимства и е отличен избор за външни бизнес пространства. По-специално, неговият относително удобен размер и издръжливост го правят най-добрия избор за банкетни зали или кетъринг компании, или за всяко външно пространство, благодарение на голямата му лекота при подреждане на купчини в големи количества. Но най-важното за полипропилена е, че е екологично чист, тъй като е рециклируем.",Europe,,Столове-Фотьойли,"RelatedColor_Cappuccino, RelatedColor_Dark Olive, RelatedColor_Бял, RelatedColor_Черен, Градински столове",true,Title,Default Title,,,,,,,,0514646,4300.0,shopify,422,deny,manual,37.04,59.99,true,true,,,,,5208067124638,https://cdn.shopify.com/s/files/1/0925/7041/9533/files/polythrona-polypropylenioy-gkri-fb959411.jpg?v=1773122973,1,Фотьойл от перфорирано полипропилен в сиво 56x50x73Hсм.,false,,,,,,,,,,,,,,,,,,,,kg,,,active
mc-70435,,,,,,,,,,,,,,,,,,,,,,,,,,,,,,,,https://cdn.shopify.com/s/files/1/0925/7041/9533/files/polythrona-polypropylenioy-gkri-fb959411-1.jpg?v=1773122973,2,Фотьойл от перфорирано полипропилен в сиво 56x50x73Hсм.,,,,,,,,,,,,,,,,,,,,,,,,
mc-70435,,,,,,,,,,,,,,,,,,,,,,,,,,,,,,,,https://cdn.shopify.com/s/files/1/0925/7041/9533/files/polythrona-polypropylenioy-gkri-fb959411-2.jpg?v=1773122973,3,Фотьойл от перфорирано полипропилен в сиво 56x50x73Hсм.,,,,,,,,,,,,,,,,,,,,,,,,
mc-70435,,,,,,,,,,,,,,,,,,,,,,,,,,,,,,,,https://cdn.shopify.com/s/files/1/0925/7041/9533/files/polythrona-polypropylenioy-gkri-fb959411-3.jpg?v=1773122973,4,Фотьойл от перфорирано полипропилен в сиво 56x50x73Hсм.,,,,,,,,,,,,,,,,,,,,,,,,
mc-70435,,,,,,,,,,,,,,,,,,,,,,,,,,,,,,,,https://cdn.shopify.com/s/files/1/0925/7041/9533/files/polythrona-polypropylenioy-gkri-fb959411-4.jpg?v=1773122973,5,Фотьойл от перфорирано полипропилен в сиво 56x50x73Hсм.,,,,,,,,,,,,,,,,,,,,,,,,
mc-70435,,,,,,,,,,,,,,,,,,,,,,,,,,,,,,,,https://cdn.shopify.com/s/files/1/0925/7041/9533/files/polythrona-polypropylenioy-gkri-fb959411-5.jpg?v=1773122973,6,Фотьойл от перфорирано полипропилен в сиво 56x50x73Hсм.,,,,,,,,,,,,,,,,,,,,,,,,
mc-70435,,,,,,,,,,,,,,,,,,,,,,,,,,,,,,,,https://cdn.shopify.com/s/files/1/0925/7041/9533/files/polythrona-polypropylenioy-gkri-fb959411-6.jpg?v=1773122973,7,Фотьойл от перфорирано полипропилен в сиво 56x50x73Hсм.,,,,,,,,,,,,,,,,,,,,,,,,
mc-70435,,,,,,,,,,,,,,,,,,,,,,,,,,,,,,,,https://cdn.shopify.com/s/files/1/0925/7041/9533/files/polythrona-polypropylenioy-gkri-fb959411-7.jpg?v=1773122973,8,Фотьойл от перфорирано полипропилен в сиво 56x50x73Hсм.,,,,,,,,,,,,,,,,,,,,,,,,
mc-70435,,,,,,,,,,,,,,,,,,,,,,,,,,,,,,,,https://cdn.shopify.com/s/files/1/0925/7041/9533/files/polythrona-polypropylenioy-gkri-fb959411-8.jpg?v=1773122973,9,Фотьойл от перфорирано полипропилен в сиво 56x50x73Hсм.,,,,,,,,,,,,,,,,,,,,,,,,
mc-70435,,,,,,,,,,,,,,,,,,,,,,,,,,,,,,,,https://cdn.shopify.com/s/files/1/0925/7041/9533/files/polythrona-polypropylenioy-gkri-fb959411-9.jpg?v=1773122973,10,Фотьойл от перфорирано полипропилен в сиво 56x50x73Hсм.,,,,,,,,,,,,,,,,,,,,,,,,
mc-70434,Фотьойл от перфорирано полипропилен в тъмно маслинено 56x50x73Hсм.,"Полипропиленово кресло в тъмно маслинен цвят. Идеално предложение за използване на открити пространства както професионални (банкети, кетъринг компании и др.), така и у дома. Креслото се състои от гладко седало и полукръгла, независима и ""перфорирана"" облегалка и подлакътници. Красиво е и ще подобри естетически всяко открито пространство.<br>
<br>
СПЕЦИФИКАЦИИ:<br>
56x50x73H см.<br>
Височина на седалката: 46 см.<br>
Височина на подлакътниците: 65 см.<br>
Размери на седалката: 38x41 см.<br>
Размери на облегалката: 44x18 см.<br>
Разстояние между краката: 46.5x49 см.<br>
<br>
МАТЕРИАЛ НА КОНСТРУКЦИЯТА:<br>
Креслото е изработено от 100% висококачествен полипропилен. Полипропиленът е особено устойчив на натоварване и вода, като има голяма устойчивост на температури до 125 градуса по Целзий. Освен това, неговата издръжливост не се ограничава само до натоварване, вода и температура, а е необичайно устойчива на много химически разтворители, киселини и основи.<br>
<br>
ПОДДРЪЖКА:<br>
Полипропиленовите столове са лесни за почистване с влажна кърпа. Ако са на открито, могат да се почистват директно с течаща вода.<br>
<br>
ПРЕДИМСТВА:<br>
Полипропиленовото кресло има само предимства и е отличен избор за открити бизнес пространства. По-специално, относително удобният му размер и издръжливост го правят най-добрият избор за банкетни зали или кетъринг компании, или за всяко открито пространство, благодарение на голямото му удобство при подреждане на купчини в големи количества. Но най-важното за полипропилена е, че е екологично чист, тъй като е рециклируем.",Europe,,Столове-Фотьойли,"RelatedColor_Cappuccino, RelatedColor_Бял, RelatedColor_Сив, RelatedColor_Черен, Градински столове",true,Title,Default Title,,,,,,,,0514644,4200.0,shopify,503,deny,manual,37.04,59.99,true,true,,,,,5208067124614,https://cdn.shopify.com/s/files/1/0925/7041/9533/files/polythrona-polypropylenioy-dark-olive-fb.jpg?v=1773122973,1,Фотьойл от перфорирано полипропилен в тъмно маслинено 56x50x73Hсм.,false,,,,,,,,,,,,,,,,,,,,kg,,,active
mc-70434,,,,,,,,,,,,,,,,,,,,,,,,,,,,,,,,https://cdn.shopify.com/s/files/1/0925/7041/9533/files/polythrona-polypropylenioy-dark-olive-fb-1.jpg?v=1773122972,2,Фотьойл от перфорирано полипропилен в тъмно маслинено 56x50x73Hсм.,,,,,,,,,,,,,,,,,,,,,,,,
mc-70434,,,,,,,,,,,,,,,,,,,,,,,,,,,,,,,,https://cdn.shopify.com/s/files/1/0925/7041/9533/files/polythrona-polypropylenioy-dark-olive-fb-2.jpg?v=1773122972,3,Фотьойл от перфорирано полипропилен в тъмно маслинено 56x50x73Hсм.,,,,,,,,,,,,,,,,,,,,,,,,
mc-70434,,,,,,,,,,,,,,,,,,,,,,,,,,,,,,,,https://cdn.shopify.com/s/files/1/0925/7041/9533/files/polythrona-polypropylenioy-dark-olive-fb-3.jpg?v=1773122973,4,Фотьойл от перфорирано полипропилен в тъмно маслинено 56x50x73Hсм.,,,,,,,,,,,,,,,,,,,,,,,,
mc-70434,,,,,,,,,,,,,,,,,,,,,,,,,,,,,,,,https://cdn.shopify.com/s/files/1/0925/7041/9533/files/polythrona-polypropylenioy-dark-olive-fb-4.jpg?v=1773122972,5,Фотьойл от перфорирано полипропилен в тъмно маслинено 56x50x73Hсм.,,,,,,,,,,,,,,,,,,,,,,,,
mc-70434,,,,,,,,,,,,,,,,,,,,,,,,,,,,,,,,https://cdn.shopify.com/s/files/1/0925/7041/9533/files/polythrona-polypropylenioy-dark-olive-fb-5.jpg?v=1773122973,6,Фотьойл от перфорирано полипропилен в тъмно маслинено 56x50x73Hсм.,,,,,,,,,,,,,,,,,,,,,,,,
mc-70434,,,,,,,,,,,,,,,,,,,,,,,,,,,,,,,,https://cdn.shopify.com/s/files/1/0925/7041/9533/files/polythrona-polypropylenioy-dark-olive-fb-6.jpg?v=1773122972,7,Фотьойл от перфорирано полипропилен в тъмно маслинено 56x50x73Hсм.,,,,,,,,,,,,,,,,,,,,,,,,
mc-70434,,,,,,,,,,,,,,,,,,,,,,,,,,,,,,,,https://cdn.shopify.com/s/files/1/0925/7041/9533/files/polythrona-polypropylenioy-dark-olive-fb-7.jpg?v=1773122972,8,Фотьойл от перфорирано полипропилен в тъмно маслинено 56x50x73Hсм.,,,,,,,,,,,,,,,,,,,,,,,,
mc-70434,,,,,,,,,,,,,,,,,,,,,,,,,,,,,,,,https://cdn.shopify.com/s/files/1/0925/7041/9533/files/polythrona-polypropylenioy-dark-olive-fb-8.jpg?v=1773122973,9,Фотьойл от перфорирано полипропилен в тъмно маслинено 56x50x73Hсм.,,,,,,,,,,,,,,,,,,,,,,,,
mc-70434,,,,,,,,,,,,,,,,,,,,,,,,,,,,,,,,https://cdn.shopify.com/s/files/1/0925/7041/9533/files/polythrona-polypropylenioy-dark-olive-fb-9.jpg?v=1773122973,10,Фотьойл от перфорирано полипропилен в тъмно маслинено 56x50x73Hсм.,,,,,,,,,,,,,,,,,,,,,,,,
mc-70433,Стол с подлакътници полипропилен Болцано капучино 56x50x73 см,"Полипропиленово кресло в цвят капучино. Идеално предложение за използване на открити пространства както професионални (банкети, кетъринг компании и др.), така и у дома. Креслото се състои от гладко седало и полукръгла, независима и ""перфорирана"" облегалка и подлакътници. Красиво е и ще подобри естетически всяко открито пространство.<br>
<br>
СПЕЦИФИКАЦИИ:<br>
56x50x73H см.<br>
Височина на седалката: 46 см.<br>
Височина на подлакътниците: 65 см.<br>
Размери на седалката: 38x41 см.<br>
Размери на облегалката: 44x18 см.<br>
Разстояние между краката: 46.5x49 см.<br>
<br>
МАТЕРИАЛ НА КОНСТРУКЦИЯТА:<br>
Креслото е изработено от 100% висококачествен полипропилен. Полипропиленът е особено устойчив на натоварване и вода, като има голяма устойчивост на температури до 125 градуса по Целзий. Освен това, неговата издръжливост не се ограничава само до натоварване, вода и температура, а е необичайно устойчива на много химически разтворители, киселини и основи.<br>
<br>
ПОДДРЪЖКА:<br>
Полипропиленовите столове са лесни за почистване с влажна кърпа. Ако са на открито, могат да се почистват директно с течаща вода.<br>
<br>
ПРЕДИМСТВА:<br>
Полипропиленовото кресло има само предимства и е отличен избор за открити бизнес пространства. По-специално, относително удобният му размер и издръжливост го правят най-добрият избор за банкетни зали или кетъринг компании, или за всяко открито пространство, благодарение на голямото му удобство при подреждане на купчини в големи количества. Но най-важното за полипропилена е, че е екологично чист, тъй като е рециклируем.",Europe,,Столове-Фотьойли,"RelatedColor_Dark Olive, RelatedColor_Бял, RelatedColor_Сив, RelatedColor_Черен, Градински столове",true,Title,Default Title,,,,,,,,0514648,4300.0,shopify,208,deny,manual,37.04,59.99,true,true,,,,,5208067124652,https://cdn.shopify.com/s/files/1/0925/7041/9533/files/polythrona-polypropylenioy-kapoytsino-fb_21b5034b-7667-4a12-8923-d78af63b8fbf.jpg?v=1773122972,1,Стол с подлакътници полипропилен PERFOE капучино 56x50x73 см,false,,,,,,,,,,,,,,,,,,,,kg,,,active
mc-70433,,,,,,,,,,,,,,,,,,,,,,,,,,,,,,,,https://cdn.shopify.com/s/files/1/0925/7041/9533/files/polythrona-polypropylenioy-kapoytsino-fb-1_c67fdaff-aa28-46a2-8c3d-5100f2e030fa.jpg?v=1773122972,2,Стол с подлакътници полипропилен PERFOE капучино 56x50x73 см,,,,,,,,,,,,,,,,,,,,,,,,
mc-70433,,,,,,,,,,,,,,,,,,,,,,,,,,,,,,,,https://cdn.shopify.com/s/files/1/0925/7041/9533/files/polythrona-polypropylenioy-kapoytsino-fb-2_dc2c4347-e706-4cca-b08d-b0156accda7a.jpg?v=1773122971,3,Стол с подлакътници полипропилен PERFOE капучино 56x50x73 см,,,,,,,,,,,,,,,,,,,,,,,,
mc-70433,,,,,,,,,,,,,,,,,,,,,,,,,,,,,,,,https://cdn.shopify.com/s/files/1/0925/7041/9533/files/polythrona-polypropylenioy-kapoytsino-fb-3_2a5e3312-16de-45df-870e-230bb82e97fc.jpg?v=1773122972,4,Стол с подлакътници полипропилен PERFOE капучино 56x50x73 см,,,,,,,,,,,,,,,,,,,,,,,,
mc-70433,,,,,,,,,,,,,,,,,,,,,,,,,,,,,,,,https://cdn.shopify.com/s/files/1/0925/7041/9533/files/polythrona-polypropylenioy-kapoytsino-fb-4_ca15832f-0e12-4bd3-9e71-58da0ce1c31a.jpg?v=1773122971,5,Стол с подлакътници полипропилен PERFOE капучино 56x50x73 см,,,,,,,,,,,,,,,,,,,,,,,,
mc-70433,,,,,,,,,,,,,,,,,,,,,,,,,,,,,,,,https://cdn.shopify.com/s/files/1/0925/7041/9533/files/polythrona-polypropylenioy-kapoytsino-fb-5_d9cd66b7-9214-4496-b87f-a637517d8432.jpg?v=1773122971,6,Стол с подлакътници полипропилен PERFOE капучино 56x50x73 см,,,,,,,,,,,,,,,,,,,,,,,,
mc-70433,,,,,,,,,,,,,,,,,,,,,,,,,,,,,,,,https://cdn.shopify.com/s/files/1/0925/7041/9533/files/polythrona-polypropylenioy-kapoytsino-fb-6_b6012c9f-bb5f-41f6-8e02-22fee24d7979.jpg?v=1773122972,7,Стол с подлакътници полипропилен PERFOE капучино 56x50x73 см,,,,,,,,,,,,,,,,,,,,,,,,
mc-70433,,,,,,,,,,,,,,,,,,,,,,,,,,,,,,,,https://cdn.shopify.com/s/files/1/0925/7041/9533/files/polythrona-polypropylenioy-kapoytsino-fb-7_cea9fde5-d3c9-4d9e-97d0-dc0bab3f7bed.jpg?v=1773122972,8,Стол с подлакътници полипропилен PERFOE капучино 56x50x73 см,,,,,,,,,,,,,,,,,,,,,,,,
mc-70433,,,,,,,,,,,,,,,,,,,,,,,,,,,,,,,,https://cdn.shopify.com/s/files/1/0925/7041/9533/files/polythrona-polypropylenioy-kapoytsino-fb-8_dd603c87-9410-4b29-8248-55f1c08e86da.jpg?v=1773122972,9,Стол с подлакътници полипропилен PERFOE капучино 56x50x73 см,,,,,,,,,,,,,,,,,,,,,,,,
mc-70433,,,,,,,,,,,,,,,,,,,,,,,,,,,,,,,,https://cdn.shopify.com/s/files/1/0925/7041/9533/files/polythrona-polypropylenioy-kapoytsino-fb-9.jpg?v=1773122971,10,Стол с подлакътници полипропилен PERFOE капучино 56x50x73 см,,,,,,,,,,,,,,,,,,,,,,,,
mc-70406,"Сгъваем плажен стол LIMNOS бук, цвят орех с подлакътници, текстилен плат Textline, цвят орех","Плажният дървен стол LIMNOS с подлакътници в импрегниран цвят ОРЕХ е модерен и луксозен избор за плажа. Дървената му конструкция го прави изключително здрав и стабилен, а текстиленът в цвят МОКА перфектно се съчетава с рамката в цвят ОРЕХ. Столът има 3 позиции на наклон, което осигурява желаното удобство на плажа.<br>
<br>
РАЗМЕРИ:<br>
62.5x87-97x80-105H см.<br>
Затворен: 62.5x20x135H см.<br>
<br>
МАТЕРИАЛИ НА КОНСТРУКЦИЯТА:<br>
Плажният стол е изработен от бук. Букът е твърда, здрава, еластична и тежка дървесина с много малки пори. Тази дървесина е елегантна и има червеникаво-кафяв цвят. Основно се използва за изработка на мебели.<br>
<br>
Текстилът на плажния стол е водоустойчив подсилен текстилен плат 2x1 550гр/м2. Това е плътен, здрав и издръжлив полиестерен плат, покрит с PVC. Освен това е UV защитен за максимална издръжливост на слънце.<br>
<br>
ПОДДРЪЖКА:<br>
Ключът към това вашият плажен стол да изглежда като нов години наред е редовното почистване с влажна кърпа за отстраняване на солеността. Ако желаете, можете да използвате специални лакове, които се предлагат на пазара и защитават дървото.<br>
<br>
ПРЕДИМСТВА:<br>
• Сгъваем за пестене на място при съхранение<br>
• Луксозна конструкция<br>
• Здрав благодарение на дървената рамка",Europe,,Дек стол,Градински столове,true,Title,Default Title,,,,,,,,9996528,8800.0,shopify,482,deny,manual,73.78,119.47,true,true,,,,,,https://cdn.shopify.com/s/files/1/0925/7041/9533/files/sezlongk-limnos-me-mpratsa-empotismoy-ka.jpg?v=1773122958,1,"Сгъваем плажен стол LIMNOS бук, цвят орех с подлакътници, текстилен плат Textline, цвят орех",false,,,,,,,,,,,,,,,,,,,,kg,,,active
mc-70406,,,,,,,,,,,,,,,,,,,,,,,,,,,,,,,,https://cdn.shopify.com/s/files/1/0925/7041/9533/files/sezlongk-limnos-me-mpratsa-empotismoy-ka-1.jpg?v=1773122958,2,"Сгъваем плажен стол LIMNOS бук, цвят орех с подлакътници, текстилен плат Textline, цвят орех",,,,,,,,,,,,,,,,,,,,,,,,
mc-70379,ОКАЧЕН ГНЕЗДО 2-МЕСТЕН МАКРАМЕ ВЪЖЕ БЕЖОВ ЦВЯТ 130x67x120-140Hсм.,"Красивото висящо гнездо за двама NEENA е новото попълнение в нашия асортимент. През времето хамаците са символ на безгрижие и релакс. Предлагаме ви NEENA в стил висящ диван с ресни, изработен от макраме плетено дебело въже в бежов цвят! Рамката на висящото гнездо е от стомана и можете да го окачите както от една точка, така и от две!<br>
<br>
РАЗМЕРИ:<br>
130x67x120-140H см.<br>
Размери на седалката: 110x66 см.<br>
<br>
МАТЕРИАЛИ ЗА ИЗРАБОТКА:<br>
Рамката на гнездото, покрита с макраме въже, е изработена от подсилена стомана.<br>
За това конкретно гнездо е използвано синтетично макраме въже.<br>
Макраме е форма на текстил, при която не тъкаме с стан или плетем с игли или куки, а само връзваме с ръце. Това е чудесното в това изкуство, тъй като може да се създава при всякакви условия, без сложни съоръжения, оборудване или подготовка. Повечето текстове споменават, че изкуството макраме е възникнало в арабските страни около 13 век сл. Хр.<br>
<br>
ПОДДРЪЖКА:<br>
Всичко, от което се нуждае висящото гнездо, е почистване от прах и при необходимост почистване с влажна кърпа. Общо взето, макрамето може да се пере под течаща вода и да се суши на въздух.<br>
<br>
ПРЕДИМСТВА:<br>
• Здрава конструкция<br>
• Качествени материали<br>
• Размери за 2 души<br>
• Удивителен дизайн",Europe,,Люлки-Гнезда,Люлки-Гнезда,true,Title,Default Title,,,,,,,,0613060,6300.0,shopify,103,deny,manual,67.00,108.50,true,true,,,,,5208067072700,https://cdn.shopify.com/s/files/1/0925/7041/9533/files/kremasti-2thesia-folia-makrame-se-mpez-c.jpg?v=1773122945,1,ОКАЧЕН ГНЕЗДО 2-МЕСТЕН МАКРАМЕ ВЪЖЕ БЕЖОВ ЦВЯТ 130x67x120-140Hсм.,false,,,,,,,,,,,,,,,,,,,,kg,,,active
mc-70379,,,,,,,,,,,,,,,,,,,,,,,,,,,,,,,,https://cdn.shopify.com/s/files/1/0925/7041/9533/files/kremasti-2thesia-folia-makrame-se-mpez-c-1.jpg?v=1773122945,2,ОКАЧЕН ГНЕЗДО 2-МЕСТЕН МАКРАМЕ ВЪЖЕ БЕЖОВ ЦВЯТ 130x67x120-140Hсм.,,,,,,,,,,,,,,,,,,,,,,,,
mc-70379,,,,,,,,,,,,,,,,,,,,,,,,,,,,,,,,https://cdn.shopify.com/s/files/1/0925/7041/9533/files/kremasti-2thesia-folia-makrame-se-mpez-c-2.jpg?v=1773122945,3,ОКАЧЕН ГНЕЗДО 2-МЕСТЕН МАКРАМЕ ВЪЖЕ БЕЖОВ ЦВЯТ 130x67x120-140Hсм.,,,,,,,,,,,,,,,,,,,,,,,,
mc-70379,,,,,,,,,,,,,,,,,,,,,,,,,,,,,,,,https://cdn.shopify.com/s/files/1/0925/7041/9533/files/kremasti-2thesia-folia-makrame-se-mpez-c-3.jpg?v=1773122945,4,ОКАЧЕН ГНЕЗДО 2-МЕСТЕН МАКРАМЕ ВЪЖЕ БЕЖОВ ЦВЯТ 130x67x120-140Hсм.,,,,,,,,,,,,,,,,,,,,,,,,
mc-70379,,,,,,,,,,,,,,,,,,,,,,,,,,,,,,,,https://cdn.shopify.com/s/files/1/0925/7041/9533/files/kremasti-2thesia-folia-makrame-se-mpez-c-4.jpg?v=1773122945,5,ОКАЧЕН ГНЕЗДО 2-МЕСТЕН МАКРАМЕ ВЪЖЕ БЕЖОВ ЦВЯТ 130x67x120-140Hсм.,,,,,,,,,,,,,,,,,,,,,,,,
mc-70379,,,,,,,,,,,,,,,,,,,,,,,,,,,,,,,,https://cdn.shopify.com/s/files/1/0925/7041/9533/files/kremasti-2thesia-folia-makrame-se-mpez-c-5.jpg?v=1773122946,6,ОКАЧЕН ГНЕЗДО 2-МЕСТЕН МАКРАМЕ ВЪЖЕ БЕЖОВ ЦВЯТ 130x67x120-140Hсм.,,,,,,,,,,,,,,,,,,,,,,,,
mc-70379,,,,,,,,,,,,,,,,,,,,,,,,,,,,,,,,https://cdn.shopify.com/s/files/1/0925/7041/9533/files/kremasti-2thesia-folia-makrame-se-mpez-c-6.jpg?v=1773122946,7,ОКАЧЕН ГНЕЗДО 2-МЕСТЕН МАКРАМЕ ВЪЖЕ БЕЖОВ ЦВЯТ 130x67x120-140Hсм.,,,,,,,,,,,,,,,,,,,,,,,,
mc-70379,,,,,,,,,,,,,,,,,,,,,,,,,,,,,,,,https://cdn.shopify.com/s/files/1/0925/7041/9533/files/kremasti-2thesia-folia-makrame-se-mpez-c-7.jpg?v=1773122945,8,ОКАЧЕН ГНЕЗДО 2-МЕСТЕН МАКРАМЕ ВЪЖЕ БЕЖОВ ЦВЯТ 130x67x120-140Hсм.,,,,,,,,,,,,,,,,,,,,,,,,
mc-70163,Фотьойл полипропилен Кунео капучино 57x53x81Hсм.,"Фотьойлът Кунео има всичко, което бихте искали от такъв вид мебел. Той е качествен и елегантен на външен вид и определено привлича вниманието. Целият фотьойл е изработен от едно цяло парче полипропилен в цвят капучино с леко извита облегалка и практични подлакътници. Седалката е в стил полипропиленова „плетена“ материя. Фотьойлът е подредим, лек и удобен и ще се превърне в любимо място за сядане във всяко пространство благодарение на практичността си. Идеален избор и за професионална употреба, като в кетъринг и др.<br>
<br>
СПЕЦИФИКАЦИИ:<br>
Размери: 57x53x81H см.<br>
<br>
МАТЕРИАЛИ ЗА ИЗРАБОТКА:<br>
Целият фотьойл е изработен от подсилен полипропилен. Полипропиленът е особено устойчив на тежест и вода.<br>
ПОДДРЪЖКА:<br>
Полипропиленовите мебели се почистват лесно с влажна кърпа. Ако са на открито, могат да се почистват директно с течаща вода.",Europe,,Столове-Фотьойли,"RelatedColor_Бял, RelatedColor_Черен, Градински столове",true,Title,Default Title,,,,,,,,0514627,4400.0,shopify,229,deny,manual,41.83,67.74,true,true,,,,,5208067124447,https://cdn.shopify.com/s/files/1/0925/7041/9533/files/polythrona-polypropylenioy-kapoytsino-57.jpg?v=1773122870,1,Фотьойл полипропилен CLEO капучино 57x53x81Hсм.,false,,,,,,,,,,,,,,,,,,,,kg,,,active
mc-70163,,,,,,,,,,,,,,,,,,,,,,,,,,,,,,,,https://cdn.shopify.com/s/files/1/0925/7041/9533/files/polythrona-polypropylenioy-kapoytsino-57-1.jpg?v=1773122871,2,Фотьойл полипропилен CLEO капучино 57x53x81Hсм.,,,,,,,,,,,,,,,,,,,,,,,,
mc-70163,,,,,,,,,,,,,,,,,,,,,,,,,,,,,,,,https://cdn.shopify.com/s/files/1/0925/7041/9533/files/polythrona-polypropylenioy-kapoytsino-57-2.jpg?v=1773122870,3,Фотьойл полипропилен CLEO капучино 57x53x81Hсм.,,,,,,,,,,,,,,,,,,,,,,,,
mc-70163,,,,,,,,,,,,,,,,,,,,,,,,,,,,,,,,https://cdn.shopify.com/s/files/1/0925/7041/9533/files/polythrona-polypropylenioy-kapoytsino-57-3.jpg?v=1773122870,4,Фотьойл полипропилен CLEO капучино 57x53x81Hсм.,,,,,,,,,,,,,,,,,,,,,,,,
mc-70163,,,,,,,,,,,,,,,,,,,,,,,,,,,,,,,,https://cdn.shopify.com/s/files/1/0925/7041/9533/files/polythrona-polypropylenioy-kapoytsino-57-4.jpg?v=1773122870,5,Фотьойл полипропилен CLEO капучино 57x53x81Hсм.,,,,,,,,,,,,,,,,,,,,,,,,
mc-70163,,,,,,,,,,,,,,,,,,,,,,,,,,,,,,,,https://cdn.shopify.com/s/files/1/0925/7041/9533/files/polythrona-polypropylenioy-kapoytsino-57-5.jpg?v=1773122871,6,Фотьойл полипропилен CLEO капучино 57x53x81Hсм.,,,,,,,,,,,,,,,,,,,,,,,,
mc-70163,,,,,,,,,,,,,,,,,,,,,,,,,,,,,,,,https://cdn.shopify.com/s/files/1/0925/7041/9533/files/polythrona-polypropylenioy-kapoytsino-57-6.jpg?v=1773122871,7,Фотьойл полипропилен CLEO капучино 57x53x81Hсм.,,,,,,,,,,,,,,,,,,,,,,,,
mc-70163,,,,,,,,,,,,,,,,,,,,,,,,,,,,,,,,https://cdn.shopify.com/s/files/1/0925/7041/9533/files/polythrona-polypropylenioy-kapoytsino-57-7.jpg?v=1773122871,8,Фотьойл полипропилен CLEO капучино 57x53x81Hсм.,,,,,,,,,,,,,,,,,,,,,,,,
mc-70163,,,,,,,,,,,,,,,,,,,,,,,,,,,,,,,,https://cdn.shopify.com/s/files/1/0925/7041/9533/files/polythrona-polypropylenioy-kapoytsino-57-8.jpg?v=1773122871,9,Фотьойл полипропилен CLEO капучино 57x53x81Hсм.,,,,,,,,,,,,,,,,,,,,,,,,
mc-70163,,,,,,,,,,,,,,,,,,,,,,,,,,,,,,,,https://cdn.shopify.com/s/files/1/0925/7041/9533/files/polythrona-polypropylenioy-kapoytsino-57-9.jpg?v=1773122870,10,Фотьойл полипропилен CLEO капучино 57x53x81Hсм.,,,,,,,,,,,,,,,,,,,,,,,,
mc-70160,ФОТЬОЙЛ ПОЛИПРОПИЛЕН Кунео ЧЕРЕН С БЕЖОВА СЕДАЛКА 57x53x81Hсм.,"Фотьойлът Кунео има всичко, което бихте искали от такъв вид мебел. Той е качествен и елегантен на вид и определено привлича вниманието. Целият стол е изработен от едно цяло парче полипропилен в ЧЕРЕН цвят с леко извита облегалка и практични подлакътници. Седалката е в БЕЖОВ нюанс и е в стил полипропиленова „плетена“ материя. Фотьойлът е подредим, лек и удобен и ще се превърне в любимо място за сядане във всяко пространство благодарение на своята практичност. Идеален избор и за професионална употреба, като в кетъринг и др.<br>
<br>
СПЕЦИФИКАЦИИ:<br>
Размери: 57x53x81H см.<br>
<br>
МАТЕРИАЛИ НА КОНСТРУКЦИЯТА:<br>
Целият фотьойл е изработен от подсилен полипропилен. Полипропиленът е особено устойчив на тежест и вода.<br>
<br>
ПОДДРЪЖКА:<br>
Полипропиленовите мебели се почистват лесно с влажна кърпа. Ако са на открито, могат да се почистват директно с течаща вода.",Europe,,Столове-Фотьойли,"RelatedColor_Cappuccino, RelatedColor_Бял, Градински столове",true,Title,Default Title,,,,,,,,0514625,4400.0,shopify,500,deny,manual,41.83,67.74,true,true,,,,,5208067124423,https://cdn.shopify.com/s/files/1/0925/7041/9533/files/polythrona-polypropylenioy-mayri-me-mpez.jpg?v=1773122869,1,ФОТЬОЙЛ ПОЛИПРОПИЛЕН CLEO ЧЕРЕН С БЕЖОВА СЕДАЛКА 57x53x81Hсм.,false,,,,,,,,,,,,,,,,,,,,kg,,,active
mc-70160,,,,,,,,,,,,,,,,,,,,,,,,,,,,,,,,https://cdn.shopify.com/s/files/1/0925/7041/9533/files/polythrona-polypropylenioy-mayri-me-mpez-1.jpg?v=1773122869,2,ФОТЬОЙЛ ПОЛИПРОПИЛЕН CLEO ЧЕРЕН С БЕЖОВА СЕДАЛКА 57x53x81Hсм.,,,,,,,,,,,,,,,,,,,,,,,,
mc-70160,,,,,,,,,,,,,,,,,,,,,,,,,,,,,,,,https://cdn.shopify.com/s/files/1/0925/7041/9533/files/polythrona-polypropylenioy-mayri-me-mpez-2.jpg?v=1773122868,3,ФОТЬОЙЛ ПОЛИПРОПИЛЕН CLEO ЧЕРЕН С БЕЖОВА СЕДАЛКА 57x53x81Hсм.,,,,,,,,,,,,,,,,,,,,,,,,
mc-70160,,,,,,,,,,,,,,,,,,,,,,,,,,,,,,,,https://cdn.shopify.com/s/files/1/0925/7041/9533/files/polythrona-polypropylenioy-mayri-me-mpez-3.jpg?v=1773122868,4,ФОТЬОЙЛ ПОЛИПРОПИЛЕН CLEO ЧЕРЕН С БЕЖОВА СЕДАЛКА 57x53x81Hсм.,,,,,,,,,,,,,,,,,,,,,,,,
mc-70160,,,,,,,,,,,,,,,,,,,,,,,,,,,,,,,,https://cdn.shopify.com/s/files/1/0925/7041/9533/files/polythrona-polypropylenioy-mayri-me-mpez-4.jpg?v=1773122868,5,ФОТЬОЙЛ ПОЛИПРОПИЛЕН CLEO ЧЕРЕН С БЕЖОВА СЕДАЛКА 57x53x81Hсм.,,,,,,,,,,,,,,,,,,,,,,,,
mc-70159,ФОТЬОЙЛ ПОЛИПРОПИЛЕН Кунео БЯЛО-БЕЖОВ 57x53x81Hсм.,"Фотьойлът Кунео има всичко, което бихте искали от такъв вид мебел. Той е качествен и елегантен на вид и определено привлича вниманието. Целият фотьойл е изработен от едно цяло парче полипропилен в БЯЛ цвят с леко извита облегалка и практични подлакътници. Седалката е в БЕЖОВ нюанс и е в стил полипропиленова „плетена“ материя. Фотьойлът е подредим, лек и удобен и ще се превърне в любимо място за сядане във всяко пространство благодарение на своята практичност. Идеален избор и за професионална употреба, като в кетъринг и др.<br>
<br>
СПЕЦИФИКАЦИИ:<br>
Размери: 57x53x81H см.<br>
<br>
МАТЕРИАЛИ НА КОНСТРУКЦИЯТА:<br>
Целият фотьойл е изработен от подсилен полипропилен. Полипропиленът е особено устойчив на тежест и вода.<br>
<br>
ПОДДРЪЖКА:<br>
Полипропиленовите мебели се почистват лесно с влажна кърпа. Ако са на открито, могат да се почистват директно с течаща вода.",Europe,,Столове-Фотьойли,"RelatedColor_Cappuccino, Градински столове",true,Title,Default Title,,,,,,,,0514626,4400.0,shopify,486,deny,manual,41.83,67.74,true,true,,,,,5208067124430,https://cdn.shopify.com/s/files/1/0925/7041/9533/files/polythrona-polypropylenioy-leyki-me-mpez.jpg?v=1773122867,1,ФОТЬОЙЛ ПОЛИПРОПИЛЕН CLEO БЯЛО-БЕЖОВ 57x53x81Hсм.,false,,,,,,,,,,,,,,,,,,,,kg,,,active
mc-70159,,,,,,,,,,,,,,,,,,,,,,,,,,,,,,,,https://cdn.shopify.com/s/files/1/0925/7041/9533/files/polythrona-polypropylenioy-leyki-me-mpez-1.jpg?v=1773122867,2,ФОТЬОЙЛ ПОЛИПРОПИЛЕН CLEO БЯЛО-БЕЖОВ 57x53x81Hсм.,,,,,,,,,,,,,,,,,,,,,,,,
mc-70159,,,,,,,,,,,,,,,,,,,,,,,,,,,,,,,,https://cdn.shopify.com/s/files/1/0925/7041/9533/files/polythrona-polypropylenioy-leyki-me-mpez-2.jpg?v=1773122867,3,ФОТЬОЙЛ ПОЛИПРОПИЛЕН CLEO БЯЛО-БЕЖОВ 57x53x81Hсм.,,,,,,,,,,,,,,,,,,,,,,,,
mc-70159,,,,,,,,,,,,,,,,,,,,,,,,,,,,,,,,https://cdn.shopify.com/s/files/1/0925/7041/9533/files/polythrona-polypropylenioy-leyki-me-mpez-3.jpg?v=1773122867,4,ФОТЬОЙЛ ПОЛИПРОПИЛЕН CLEO БЯЛО-БЕЖОВ 57x53x81Hсм.,,,,,,,,,,,,,,,,,,,,,,,,
mc-70159,,,,,,,,,,,,,,,,,,,,,,,,,,,,,,,,https://cdn.shopify.com/s/files/1/0925/7041/9533/files/polythrona-polypropylenioy-leyki-me-mpez-4.jpg?v=1773122867,5,ФОТЬОЙЛ ПОЛИПРОПИЛЕН CLEO БЯЛО-БЕЖОВ 57x53x81Hсм.,,,,,,,,,,,,,,,,,,,,,,,,
mc-69701,"Фотьойл алуминиев Кремона бяла рамка и текстилен бежов ратан гръб 56x60x81,5Hсм.","Фотьойлът Кремона за професионална употреба е красив! Модерен, удобен и стабилен! Двуцветното оцветяване на БЯЛАТА рамка и седалка с БЕЖОВ синтетичен РАТАН на облегалката е уникално. Облегалката е леко заоблена, а седалката, вместо възглавница, е с издръжлива текстилна материя textline. Този фотьойл ще подобри естетически пространството, в което го поставите, и ще привлече вниманието благодарение на изчистения си дизайн. Освен това, фактът, че е подредим, го прави много практичен, тъй като може да се съхранява в най-малкото възможно пространство.<br>
<br>
РАЗМЕРИ:<br>
<br>
Общи размери: 56x60x81.5H см.<br>
<br>
<br>
Височина на седалката: 44 см.<br>
<br>
Височина на подлакътниците: 64 см.<br>
<br>
<br>
Размери на седалката: 38.4x45 см.<br>
<br>
Размер на облегалката: 45x22 см.<br>
Алуминиева рамка: 38x17 мм на краката --- 38x19 мм на седалката<br>
Дебелина на алуминия: 1.2 мм<br>
<br>
<br>
МАТЕРИАЛИ НА КОНСТРУКЦИЯТА:<br>
Рамката на фотьойла е изработена от алуминий с прахово покритие. Алуминият е ""зелен"" материал, който може да се рециклира безкрайно, като запазва характеристиките си без загуба на качество.<br>
<br>
Информация: Праховото покритие е сух процес на нанасяне на покритие, използван главно за метални повърхности на индустриално оборудване. Праховото покритие се нанася като сух прах чрез електростатичен процес, след което се втвърдява с топлина.<br>
Фотьойлът е тапициран с полиестерен РАТАН. В повечето градински и външни мебели се използва PVC синтетичен материал, т.е. висококачествени изкуствени влакна. Това придава на конструкцията изключителна здравина и издръжливост при екстремни топлинни или студени условия.<br>
<br>
ПОДДРЪЖКА:<br>
Благодарение на издръжливостта както на алуминия, така и на полиестерния РАТАН и textline, поддръжката на фотьойла е лесна. Освен редовно почистване от прах, може да се избърсва с влажна кърпа. НЕ използваме препарати, белина и полиращи средства. Ако все пак е необходимо използването на препарат, използваме мек сапун с топла вода. НЕ използваме водоструйка или маркуч под налягане, тъй като това ще повреди влакната.<br>
<br>
ПРЕДИМСТВА:<br>
• Здрава конструкция<br>
• Модерен дизайн<br>
• Естетическо превъзходство с РАТАН и textline и бял алуминий<br>
• Лесна поддръжка<br>
• Подредим<br>
• Отлично съотношение цена-качество",Europe,,Столове-Фотьойли,"RelatedColor_Черен, Градински столове",true,Title,Default Title,,,,,,,,0525644,2900.0,shopify,404,deny,manual,53.22,86.18,true,true,,,,,5208067116749,https://cdn.shopify.com/s/files/1/0925/7041/9533/files/polythrona-aloyminioy-fb9589102-leykos-s.jpg?v=1773085863,1,"Фотьойл алуминиев MIRI бяла рамка и текстилен бежов ратан гръб 56x60x81,5Hсм.",false,,,,,,,,,,,,,,,,,,,,kg,,,active
mc-69701,,,,,,,,,,,,,,,,,,,,,,,,,,,,,,,,https://cdn.shopify.com/s/files/1/0925/7041/9533/files/polythrona-aloyminioy-fb9589102-leykos-s-1.jpg?v=1773085863,2,"Фотьойл алуминиев MIRI бяла рамка и текстилен бежов ратан гръб 56x60x81,5Hсм.",,,,,,,,,,,,,,,,,,,,,,,,
mc-69701,,,,,,,,,,,,,,,,,,,,,,,,,,,,,,,,https://cdn.shopify.com/s/files/1/0925/7041/9533/files/polythrona-aloyminioy-fb9589102-leykos-s-2.jpg?v=1773085863,3,"Фотьойл алуминиев MIRI бяла рамка и текстилен бежов ратан гръб 56x60x81,5Hсм.",,,,,,,,,,,,,,,,,,,,,,,,
mc-69701,,,,,,,,,,,,,,,,,,,,,,,,,,,,,,,,https://cdn.shopify.com/s/files/1/0925/7041/9533/files/polythrona-aloyminioy-fb9589102-leykos-s-3.jpg?v=1773085862,4,"Фотьойл алуминиев MIRI бяла рамка и текстилен бежов ратан гръб 56x60x81,5Hсм.",,,,,,,,,,,,,,,,,,,,,,,,
mc-69701,,,,,,,,,,,,,,,,,,,,,,,,,,,,,,,,https://cdn.shopify.com/s/files/1/0925/7041/9533/files/polythrona-aloyminioy-fb9589102-leykos-s-4.jpg?v=1773085862,5,"Фотьойл алуминиев MIRI бяла рамка и текстилен бежов ратан гръб 56x60x81,5Hсм.",,,,,,,,,,,,,,,,,,,,,,,,
mc-69701,,,,,,,,,,,,,,,,,,,,,,,,,,,,,,,,https://cdn.shopify.com/s/files/1/0925/7041/9533/files/polythrona-aloyminioy-fb9589102-leykos-s-5.jpg?v=1773085862,6,"Фотьойл алуминиев MIRI бяла рамка и текстилен бежов ратан гръб 56x60x81,5Hсм.",,,,,,,,,,,,,,,,,,,,,,,,
mc-69701,,,,,,,,,,,,,,,,,,,,,,,,,,,,,,,,https://cdn.shopify.com/s/files/1/0925/7041/9533/files/polythrona-aloyminioy-fb9589102-leykos-s-6.jpg?v=1773085863,7,"Фотьойл алуминиев MIRI бяла рамка и текстилен бежов ратан гръб 56x60x81,5Hсм.",,,,,,,,,,,,,,,,,,,,,,,,
mc-69701,,,,,,,,,,,,,,,,,,,,,,,,,,,,,,,,https://cdn.shopify.com/s/files/1/0925/7041/9533/files/polythrona-aloyminioy-fb9589102-leykos-s-7.jpg?v=1773085863,8,"Фотьойл алуминиев MIRI бяла рамка и текстилен бежов ратан гръб 56x60x81,5Hсм.",,,,,,,,,,,,,,,,,,,,,,,,
mc-69701,,,,,,,,,,,,,,,,,,,,,,,,,,,,,,,,https://cdn.shopify.com/s/files/1/0925/7041/9533/files/polythrona-aloyminioy-fb9589102-leykos-s-8.jpg?v=1773085863,9,"Фотьойл алуминиев MIRI бяла рамка и текстилен бежов ратан гръб 56x60x81,5Hсм.",,,,,,,,,,,,,,,,,,,,,,,,
mc-69701,,,,,,,,,,,,,,,,,,,,,,,,,,,,,,,,https://cdn.shopify.com/s/files/1/0925/7041/9533/files/polythrona-aloyminioy-fb9589102-leykos-s-9.jpg?v=1773085863,10,"Фотьойл алуминиев MIRI бяла рамка и текстилен бежов ратан гръб 56x60x81,5Hсм.",,,,,,,,,,,,,,,,,,,,,,,,
mc-69547,"ФОТЬОЙЛ АЛУМИНИЙ АНТРАЦИТНА РАМКА И ТЕКСТИЛЕН БЕЖОВ РАТАН ЗАДЕН ПАНЕЛ 56,5x58x79Hсм.","Фотьойлът ЗА БИЗНЕС УПОТРЕБА е красив! Модерен, удобен и стабилен! Двуцветното оцветяване на рамката и седалката в ЦИГУЛЕНО СИВО с бежова синтетична ратанова облицовка на облегалката е уникално. Облегалката е леко заоблена, а седалката, вместо с възглавница, е с издръжлива текстилна материя textline. Този фотьойл ще подобри естетически пространството, в което го поставите, и ще привлече вниманието благодарение на изчистения си дизайн. Освен това, фактът, че е подредим, го прави много практичен, тъй като може да се съхранява в най-малкото възможно пространство.<br>
<br>
Общи размери: 56.5x58x79H см.<br>
<br>
Височина на седалката: 44 см.<br>
Височина на подлакътниците: 71.5 см.<br>
<br>
Размери на седалката: 36x46 см.<br>
Размери на облегалката: 48x18.5 см.<br>
<br>
Алуминиева рамка: 38x17 мм на краката --- 38x19 мм на седалката<br>
Дебелина на алуминия: 1.2 мм<br>
<br>
<br>
МАТЕРИАЛИ НА КОНСТРУКЦИЯТА:<br>
Рамката на фотьойла е изработена от алуминий с прахово покритие. Алуминият е „зелен“ материал, който може да се рециклира безкрайно, запазвайки характеристиките си без загуба на качество.<br>
Информация: Праховото покритие е сух процес на боядисване, използван като метално покритие. Праховото покритие се нанася като сух прах чрез електростатичен процес, след което се втвърдява с топлина.<br>
<br>
Фотьойлът е тапициран с полиестерен ратан. В повечето градински и външни мебели обикновено се използва PVC синтетичен материал, т.е. висококачествени изкуствени влакна. Това придава на конструкцията изключителна здравина и издръжливост при екстремни горещини или студ.<br>
<br>
ПОДДРЪЖКА:<br>
Благодарение на издръжливостта както на алуминия, така и на полиестерния ратан и текстилната материя textline, поддръжката на фотьойла е лесна. Освен редовно почистване от прах, може да го избършете с влажна кърпа. НЕ използваме почистващи препарати, белина или полиращи средства. Ако все пак е необходимо използването на препарат, използваме мек сапун с топла вода. НЕ използваме водоструйка или маркуч с налягане, тъй като това ще повреди влакната.<br>
<br>
ПРЕДИМСТВА:<br>
• Здрава конструкция<br>
• Модерен дизайн<br>
• Естетическо превъзходство с ратан и textline и алуминиевата рамка в цвят цигулено сиво<br>
• Лесна поддръжка<br>
• Подредим<br>
• Отлично съотношение цена-качество",Europe,,Столове-Фотьойли,"RelatedColor_Черен, Градински столове",true,Title,Default Title,,,,,,,,0525645,2600.0,shopify,2042,deny,manual,53.22,86.18,true,true,,,,,5208067116770,https://cdn.shopify.com/s/files/1/0925/7041/9533/files/polythrona-aloyminioy-fb9589101-anthraki.jpg?v=1773085730,1,"ФОТЬОЙЛ АЛУМИНИЙ АНТРАЦИТНА РАМКА И ТЕКСТИЛЕН БЕЖОВ РАТАН ЗАДЕН ПАНЕЛ 56,5x58x79Hсм.",false,,,,,,,,,,,,,,,,,,,,kg,,,active
mc-69547,,,,,,,,,,,,,,,,,,,,,,,,,,,,,,,,https://cdn.shopify.com/s/files/1/0925/7041/9533/files/polythrona-aloyminioy-fb9589101-anthraki-1.jpg?v=1773085730,2,"ФОТЬОЙЛ АЛУМИНИЙ АНТРАЦИТНА РАМКА И ТЕКСТИЛЕН БЕЖОВ РАТАН ЗАДЕН ПАНЕЛ 56,5x58x79Hсм.",,,,,,,,,,,,,,,,,,,,,,,,
mc-69547,,,,,,,,,,,,,,,,,,,,,,,,,,,,,,,,https://cdn.shopify.com/s/files/1/0925/7041/9533/files/polythrona-aloyminioy-fb9589101-anthraki-2.jpg?v=1773085730,3,"ФОТЬОЙЛ АЛУМИНИЙ АНТРАЦИТНА РАМКА И ТЕКСТИЛЕН БЕЖОВ РАТАН ЗАДЕН ПАНЕЛ 56,5x58x79Hсм.",,,,,,,,,,,,,,,,,,,,,,,,
mc-69547,,,,,,,,,,,,,,,,,,,,,,,,,,,,,,,,https://cdn.shopify.com/s/files/1/0925/7041/9533/files/polythrona-aloyminioy-fb9589101-anthraki-3.jpg?v=1773085730,4,"ФОТЬОЙЛ АЛУМИНИЙ АНТРАЦИТНА РАМКА И ТЕКСТИЛЕН БЕЖОВ РАТАН ЗАДЕН ПАНЕЛ 56,5x58x79Hсм.",,,,,,,,,,,,,,,,,,,,,,,,
mc-69547,,,,,,,,,,,,,,,,,,,,,,,,,,,,,,,,https://cdn.shopify.com/s/files/1/0925/7041/9533/files/polythrona-aloyminioy-fb9589101-anthraki-4.jpg?v=1773085731,5,"ФОТЬОЙЛ АЛУМИНИЙ АНТРАЦИТНА РАМКА И ТЕКСТИЛЕН БЕЖОВ РАТАН ЗАДЕН ПАНЕЛ 56,5x58x79Hсм.",,,,,,,,,,,,,,,,,,,,,,,,
mc-69547,,,,,,,,,,,,,,,,,,,,,,,,,,,,,,,,https://cdn.shopify.com/s/files/1/0925/7041/9533/files/polythrona-aloyminioy-fb9589101-anthraki-5.jpg?v=1773085730,6,"ФОТЬОЙЛ АЛУМИНИЙ АНТРАЦИТНА РАМКА И ТЕКСТИЛЕН БЕЖОВ РАТАН ЗАДЕН ПАНЕЛ 56,5x58x79Hсм.",,,,,,,,,,,,,,,,,,,,,,,,
mc-69547,,,,,,,,,,,,,,,,,,,,,,,,,,,,,,,,https://cdn.shopify.com/s/files/1/0925/7041/9533/files/polythrona-aloyminioy-fb9589101-anthraki-6.jpg?v=1773085731,7,"ФОТЬОЙЛ АЛУМИНИЙ АНТРАЦИТНА РАМКА И ТЕКСТИЛЕН БЕЖОВ РАТАН ЗАДЕН ПАНЕЛ 56,5x58x79Hсм.",,,,,,,,,,,,,,,,,,,,,,,,
mc-69547,,,,,,,,,,,,,,,,,,,,,,,,,,,,,,,,https://cdn.shopify.com/s/files/1/0925/7041/9533/files/polythrona-aloyminioy-fb9589101-anthraki-7.jpg?v=1773085731,8,"ФОТЬОЙЛ АЛУМИНИЙ АНТРАЦИТНА РАМКА И ТЕКСТИЛЕН БЕЖОВ РАТАН ЗАДЕН ПАНЕЛ 56,5x58x79Hсм.",,,,,,,,,,,,,,,,,,,,,,,,
mc-69481,"ФАШИРАН СТОЛ АЛУМИНИЙ Пиза ТЪМНО СИВ АЛУМИНИЙ-БЕЖОВ PE РАТАН 56x55,5x78H","Фотьойлът Пиза е внушителен! Модерен, удобен и стабилен! Двуцветното оцветяване с рамка в цвят въглен и бежова ратанова плетка на седалката, облегалката и подлакътниците е уникално. Облегалката е заоблена и обгръща тялото, а седалката, вместо възглавница, е с ратанова плетка. Този фотьойл ще подобри естетически пространството, в което го поставите, и ще привлече вниманието благодарение на материалите на конструкцията. Освен това, фактът, че е подредим, го прави много практичен, тъй като може да се съхранява на най-малкото възможно пространство.<br>
<br>
РАЗМЕРИ:<br>
56x55.5x78H см.<br>
Размери на седалката: 38x45.5 см.<br>
Размери на облегалката: 40x16.5 см.<br>
Височина на подлакътниците: 64 см.<br>
Височина на седалката: 45 см.<br>
Височина на краката: 42 см.<br>
Разстояние между краката: 55.5x54 см.<br>
<br>
Рамка от алуминий: Φ32<br>
Дебелина на алуминия: 1.2 мм<br>
<br>
МАТЕРИАЛИ НА КОНСТРУКЦИЯТА:<br>
Рамката на фотьойла е изработена от алуминий с прахово покритие. Алуминият е „зелен“ материал, който може да се рециклира безкрайно, запазвайки характеристиките си без загуба на качество. Алуминият естествено образува тънък оксиден слой на повърхността при контакт с въздуха, който осигурява много добра защита от корозия, дори в корозивни среди. Този слой може да бъде допълнително укрепен чрез повърхностна обработка като прахово боядисване.<br>
<br>
Информация: Праховото боядисване е сух процес на нанасяне на покритие, използван главно за метални повърхности на индустриално оборудване. Праховото покритие се нанася като сух прах чрез електростатичен процес, след което се втвърдява с топлина. Известно е с осигуряването на висококачествени покрития както по функционалност, така и по външен вид. Праховите покрития са не само здрави, но и гъвкави. Могат да се използват на различни повърхности, включително метал, бетон, стомана и пластмаса. Подходящи са както за вътрешна, така и за външна употреба и са едно от най-икономичните решения за покритие.<br>
<br>
Фотьойлът е тапициран с полиестерен ратан в плетка. Плетката не е материал; това е метод за изработка на мебели, главно за външни пространства. Това е древна техника, при която занаятчиите парат естествени или синтетични материали и ги огъват или плетат в желаната форма. При Пиза плетката е изработена с висококачествени и издръжливи полиестерни влакна, устойчиви на екстремни горещини или студени условия.<br>
<br>
ПОДДРЪЖКА:<br>
Благодарение на издръжливостта на алуминия и ратана, поддръжката на фотьойла е лесна. Освен редовното почистване от прах, може да се избърсва с влажна кърпа. Не използваме препарати, белина и полиращи средства. Ако все пак е необходимо използването на препарат, използваме мек сапун с топла вода. Не използваме машинно налягане или маркуч с налягане, тъй като това ще повреди влакната.<br>
<br>
ПРЕДИМСТВА:<br>
• Здрава конструкция<br>
• Модерен дизайн<br>
• Естетическо превъзходство с ратанова плетка и алуминий в цвят въглен<br>
• Лесна поддръжка<br>
• Подредим<br>
• Отлично съотношение цена-качество",Europe,,Столове-Фотьойли,"RelatedColor_Сив, Градински столове",true,Title,Default Title,,,,,,,,0615078,3423.0,shopify,1431,deny,manual,64.11,103.82,true,true,,,,,5208067107556,https://cdn.shopify.com/s/files/1/0925/7041/9533/files/polythrona-aloyminioy-fb9585402-anthraki.jpg?v=1773085692,1,"ФАШИРАН СТОЛ АЛУМИНИЙ GRET ТЪМНО СИВ АЛУМИНИЙ-БЕЖОВ PE РАТАН 56x55,5x78H",false,,,,,,,,,,,,,,,,,,,,kg,,,active
mc-69481,,,,,,,,,,,,,,,,,,,,,,,,,,,,,,,,https://cdn.shopify.com/s/files/1/0925/7041/9533/files/polythrona-aloyminioy-fb9585402-anthraki-1.jpg?v=1773085692,2,"ФАШИРАН СТОЛ АЛУМИНИЙ GRET ТЪМНО СИВ АЛУМИНИЙ-БЕЖОВ PE РАТАН 56x55,5x78H",,,,,,,,,,,,,,,,,,,,,,,,
mc-69481,,,,,,,,,,,,,,,,,,,,,,,,,,,,,,,,https://cdn.shopify.com/s/files/1/0925/7041/9533/files/polythrona-aloyminioy-fb9585402-anthraki-2.jpg?v=1773085692,3,"ФАШИРАН СТОЛ АЛУМИНИЙ GRET ТЪМНО СИВ АЛУМИНИЙ-БЕЖОВ PE РАТАН 56x55,5x78H",,,,,,,,,,,,,,,,,,,,,,,,
mc-69481,,,,,,,,,,,,,,,,,,,,,,,,,,,,,,,,https://cdn.shopify.com/s/files/1/0925/7041/9533/files/polythrona-aloyminioy-fb9585402-anthraki-3.jpg?v=1773085692,4,"ФАШИРАН СТОЛ АЛУМИНИЙ GRET ТЪМНО СИВ АЛУМИНИЙ-БЕЖОВ PE РАТАН 56x55,5x78H",,,,,,,,,,,,,,,,,,,,,,,,
mc-69481,,,,,,,,,,,,,,,,,,,,,,,,,,,,,,,,https://cdn.shopify.com/s/files/1/0925/7041/9533/files/polythrona-aloyminioy-fb9585402-anthraki-4.jpg?v=1773085692,5,"ФАШИРАН СТОЛ АЛУМИНИЙ GRET ТЪМНО СИВ АЛУМИНИЙ-БЕЖОВ PE РАТАН 56x55,5x78H",,,,,,,,,,,,,,,,,,,,,,,,
mc-69481,,,,,,,,,,,,,,,,,,,,,,,,,,,,,,,,https://cdn.shopify.com/s/files/1/0925/7041/9533/files/polythrona-aloyminioy-fb9585402-anthraki-5.jpg?v=1773085692,6,"ФАШИРАН СТОЛ АЛУМИНИЙ GRET ТЪМНО СИВ АЛУМИНИЙ-БЕЖОВ PE РАТАН 56x55,5x78H",,,,,,,,,,,,,,,,,,,,,,,,
mc-69481,,,,,,,,,,,,,,,,,,,,,,,,,,,,,,,,https://cdn.shopify.com/s/files/1/0925/7041/9533/files/polythrona-aloyminioy-fb9585402-anthraki-6.jpg?v=1773085692,7,"ФАШИРАН СТОЛ АЛУМИНИЙ GRET ТЪМНО СИВ АЛУМИНИЙ-БЕЖОВ PE РАТАН 56x55,5x78H",,,,,,,,,,,,,,,,,,,,,,,,
mc-69481,,,,,,,,,,,,,,,,,,,,,,,,,,,,,,,,https://cdn.shopify.com/s/files/1/0925/7041/9533/files/polythrona-aloyminioy-fb9585402-anthraki-7.jpg?v=1773085692,8,"ФАШИРАН СТОЛ АЛУМИНИЙ GRET ТЪМНО СИВ АЛУМИНИЙ-БЕЖОВ PE РАТАН 56x55,5x78H",,,,,,,,,,,,,,,,,,,,,,,,
mc-69481,,,,,,,,,,,,,,,,,,,,,,,,,,,,,,,,https://cdn.shopify.com/s/files/1/0925/7041/9533/files/polythrona-aloyminioy-fb9585402-anthraki-8.jpg?v=1773085692,9,"ФАШИРАН СТОЛ АЛУМИНИЙ GRET ТЪМНО СИВ АЛУМИНИЙ-БЕЖОВ PE РАТАН 56x55,5x78H",,,,,,,,,,,,,,,,,,,,,,,,
mc-69481,,,,,,,,,,,,,,,,,,,,,,,,,,,,,,,,https://cdn.shopify.com/s/files/1/0925/7041/9533/files/polythrona-aloyminioy-fb9585402-anthraki-9.jpg?v=1773085692,10,"ФАШИРАН СТОЛ АЛУМИНИЙ GRET ТЪМНО СИВ АЛУМИНИЙ-БЕЖОВ PE РАТАН 56x55,5x78H",,,,,,,,,,,,,,,,,,,,,,,,
mc-69480,ФАШИРАН СТОЛ АЛУМИНИЙ Пиза БЯЛ С БЕЖОВ PE РАТАН 56x55.5x78H,"Фотьойлът е великолепен! Модерен, удобен и стабилен! Двуцветното оцветяване с бяла рамка и бежова ратанова тапицерия на седалката, облегалката и подлакътниците е уникално. Облегалката е заоблена и обгръща тялото, а седалката, вместо възглавница, е с ратанова плетка. Този фотьойл ще подобри естетически пространството, в което го поставите, и ще привлече вниманието благодарение на материалите на конструкцията. Освен това, фактът, че е подредим, го прави много практичен, тъй като може да се съхранява на най-малкото възможно пространство.<br>
<br>
РАЗМЕРИ:<br>
56x55.5x78H см.<br>
Размери на седалката: 38x45.5 см.<br>
Размери на облегалката: 40x16.5 см.<br>
Височина на подлакътниците: 64 см.<br>
Височина на седалката: 45 см.<br>
Височина на краката: 42 см.<br>
Разстояние между краката: 55.5x54 см.<br>
Рамка от алуминий: Φ32<br>
Дебелина на алуминия: 1.2 мм<br>
<br>
МАТЕРИАЛИ НА КОНСТРУКЦИЯТА:<br>
Рамката на фотьойла е изработена от алуминий с прахово покритие. Алуминият е „зелен“ материал, който може да се рециклира безкрайно, запазвайки характеристиките си без загуба на качество. Алуминият естествено образува тънък оксиден слой на повърхността при контакт с въздуха, който осигурява много добра защита от корозия, дори в корозивни среди. Този слой може да бъде допълнително укрепен чрез повърхностна обработка като прахово боядисване.<br>
<br>
Информация: Праховото боядисване е сух процес на нанасяне на покритие, използван главно за метални повърхности на индустриално оборудване. Праховото покритие се нанася като сух прах чрез електростатичен процес, след което се втвърдява с топлина. Известно е с осигуряването на висококачествени покрития както по функционалност, така и по външен вид. Праховите покрития са не само здрави, но и гъвкави. Могат да се използват на различни повърхности, включително метал, бетон, стомана и пластмаса. Подходящи са както за вътрешна, така и за външна употреба и са едно от най-икономичните решения за покритие.<br>
<br>
Фотьойлът е тапициран с висококачествен ратан. Ратанът е най-добрият и най-широко използван естествен материал за изработка на мебели. Ратанът, отглеждан в Индонезия, е най-висококачественият и най-издръжлив материал в сравнение с други, отглеждани в други региони. Обикновено ратанът е естествено растящ вид лиана, която е местна за тропическите региони на Австралия, Азия и Африка. За производствена употреба кожата се отстранява и се използва за плетене. Често сърцевината не се изхвърля и намира приложение за различни видове мебели. С повече от 600 различни вида, ратанът може да се определи като силно влакнесто растение, подобно на бамбук, и се използва за мебели, защото е лек, издръжлив, гъвкав и привлекателен.<br>
<br>
ПОДДРЪЖКА:<br>
Благодарение на издръжливостта на алуминия и ратана, поддръжката на фотьойла е лесна. Освен редовното почистване от прах, може да се избърсва с влажна кърпа. Не използваме препарати, белина и полиращи средства. Ако все пак е необходимо използването на препарат, използваме мек сапун с топла вода. Не използваме машинно налягане или маркуч с налягане, тъй като това ще повреди влакната.<br>
<br>
ПРЕДИМСТВА:<br>
• Здрава конструкция<br>
• Модерен дизайн<br>
• Естетическо превъзходство с ратанова тапицерия<br>
• Лесна поддръжка<br>
• Подредим<br>
• Отлично съотношение цена-качество",Europe,,Столове-Фотьойли,"RelatedColor_Сив, Градински столове",true,Title,Default Title,,,,,,,,0615077,3423.0,shopify,545,deny,manual,64.11,103.82,true,true,,,,,5208067107549,https://cdn.shopify.com/s/files/1/0925/7041/9533/files/polythrona-aloyminioy-leyki-pe-rattan-mp.jpg?v=1773085691,1,ФАШИРАН СТОЛ АЛУМИНИЙ GRET БЯЛ С БЕЖОВ PE РАТАН 56x55.5x78H,false,,,,,,,,,,,,,,,,,,,,kg,,,active
mc-69480,,,,,,,,,,,,,,,,,,,,,,,,,,,,,,,,https://cdn.shopify.com/s/files/1/0925/7041/9533/files/polythrona-aloyminioy-leyki-pe-rattan-mp-1.jpg?v=1773085691,2,ФАШИРАН СТОЛ АЛУМИНИЙ GRET БЯЛ С БЕЖОВ PE РАТАН 56x55.5x78H,,,,,,,,,,,,,,,,,,,,,,,,
mc-69480,,,,,,,,,,,,,,,,,,,,,,,,,,,,,,,,https://cdn.shopify.com/s/files/1/0925/7041/9533/files/polythrona-aloyminioy-leyki-pe-rattan-mp-2.jpg?v=1773085691,3,ФАШИРАН СТОЛ АЛУМИНИЙ GRET БЯЛ С БЕЖОВ PE РАТАН 56x55.5x78H,,,,,,,,,,,,,,,,,,,,,,,,
mc-69480,,,,,,,,,,,,,,,,,,,,,,,,,,,,,,,,https://cdn.shopify.com/s/files/1/0925/7041/9533/files/polythrona-aloyminioy-leyki-pe-rattan-mp-3.jpg?v=1773085691,4,ФАШИРАН СТОЛ АЛУМИНИЙ GRET БЯЛ С БЕЖОВ PE РАТАН 56x55.5x78H,,,,,,,,,,,,,,,,,,,,,,,,
mc-69480,,,,,,,,,,,,,,,,,,,,,,,,,,,,,,,,https://cdn.shopify.com/s/files/1/0925/7041/9533/files/polythrona-aloyminioy-leyki-pe-rattan-mp-4.jpg?v=1773085691,5,ФАШИРАН СТОЛ АЛУМИНИЙ GRET БЯЛ С БЕЖОВ PE РАТАН 56x55.5x78H,,,,,,,,,,,,,,,,,,,,,,,,
mc-69480,,,,,,,,,,,,,,,,,,,,,,,,,,,,,,,,https://cdn.shopify.com/s/files/1/0925/7041/9533/files/polythrona-aloyminioy-leyki-pe-rattan-mp-5.jpg?v=1773085691,6,ФАШИРАН СТОЛ АЛУМИНИЙ GRET БЯЛ С БЕЖОВ PE РАТАН 56x55.5x78H,,,,,,,,,,,,,,,,,,,,,,,,
mc-69480,,,,,,,,,,,,,,,,,,,,,,,,,,,,,,,,https://cdn.shopify.com/s/files/1/0925/7041/9533/files/polythrona-aloyminioy-leyki-pe-rattan-mp-6.jpg?v=1773085691,7,ФАШИРАН СТОЛ АЛУМИНИЙ GRET БЯЛ С БЕЖОВ PE РАТАН 56x55.5x78H,,,,,,,,,,,,,,,,,,,,,,,,
mc-69480,,,,,,,,,,,,,,,,,,,,,,,,,,,,,,,,https://cdn.shopify.com/s/files/1/0925/7041/9533/files/polythrona-aloyminioy-leyki-pe-rattan-mp-7.jpg?v=1773085691,8,ФАШИРАН СТОЛ АЛУМИНИЙ GRET БЯЛ С БЕЖОВ PE РАТАН 56x55.5x78H,,,,,,,,,,,,,,,,,,,,,,,,
mc-69480,,,,,,,,,,,,,,,,,,,,,,,,,,,,,,,,https://cdn.shopify.com/s/files/1/0925/7041/9533/files/polythrona-aloyminioy-leyki-pe-rattan-mp-8.jpg?v=1773085691,9,ФАШИРАН СТОЛ АЛУМИНИЙ GRET БЯЛ С БЕЖОВ PE РАТАН 56x55.5x78H,,,,,,,,,,,,,,,,,,,,,,,,
mc-69480,,,,,,,,,,,,,,,,,,,,,,,,,,,,,,,,https://cdn.shopify.com/s/files/1/0925/7041/9533/files/polythrona-aloyminioy-leyki-pe-rattan-mp-9.jpg?v=1773085691,10,ФАШИРАН СТОЛ АЛУМИНИЙ GRET БЯЛ С БЕЖОВ PE РАТАН 56x55.5x78H,,,,,,,,,,,,,,,,,,,,,,,,
mc-68689,"Шезлонг с подлакътници Лимнос, покритие орех с PVC 2x1.05T 62,5x97x105 см.","Σεζλόνγκ Λήμνος, με μπράτσα σε καρυδί απόχρωση και μαύρο pvc πλέξης 2x1.<br>
<br>
Διαθέτει τρεις θέσεις ανάκλισης και είναι πτυσσόμενη για εύκολη αποθήκευση, καταλαμβάνοντας τον ελάχιστο δυνατό χώρο όταν δεν χρησιμοποιείται.<br>
<br>
Κλασσικός σχεδιασμός με πλάτη που στηρίζει το σώμα και με μπράτσο για την ξεκούραση των χεριών.<br>
<br>
Διαστάσεις: 62,5x89-97x78-105 εκ.<br>
<br>
Διαστάσεις κλειστή: 63x32x133 εκ.<br>
<br>
Το προϊόν είναι κατασκευασμένο από φυσικό μασίφ ξύλο οξιάς επεξεργασμένη με την τεχνική του εμποτισμού με τρόπο ώστε να αντέχει σε δύσκολες καιρικές συνθήκες. Οι υπάρχουσες ρωγμές ή αυτές που ενδέχεται να δημιουργηθούν με την πάροδο του χρόνου, είναι μέρος της φυσικής μορφής του υλικού και δίνουν πρωτοτυπία και μοναδικό design στο χώρο σας. Κατά τη διαδικασία παραγωγής γίνεται ομοιομορφοποίηση και σταθεροποίηση των ρωγμών που υπάρχουν, με υλικό κατασκευασμένο από το ίδιο ξύλο.<br>
Επομένως, μπορεί να υπάρχουν χρωματικές παραλλαγές και διαφορές στις διαστάσεις του προϊόντος λόγω των διαστάσεων του επεξεργασμένου ξύλου. Αυτά δεν αποτελούν ελάττωμα του προϊόντος.<br>
Ενδείκνυται για εξωτερικούς και επαγγελματικούς χώρους.",Europe,,Дек стол,Шезлонги,true,Title,Default Title,,,,,,,,9996277,8800.0,shopify,303,deny,manual,73.78,119.47,true,true,,,,,,https://cdn.shopify.com/s/files/1/0925/7041/9533/files/sezlongk-me-mpratsa-emp-smos-karydi-me-p_30226bfe-42d6-4241-9538-7e2471c66fdd.jpg?v=1773076976,1,"Шезлонг с подлакътници Лимнос, покритие орех с PVC 2x1.05T 62,5x97x105 см.",false,,,,,,,,,,,,,,,,,,,,kg,,,active
mc-68689,,,,,,,,,,,,,,,,,,,,,,,,,,,,,,,,https://cdn.shopify.com/s/files/1/0925/7041/9533/files/sezlongk-me-mpratsa-emp-smos-karydi-me-p-1_f1ee6341-8daf-4ba0-9ad3-9494805d9626.jpg?v=1773076976,2,"Шезлонг с подлакътници Лимнос, покритие орех с PVC 2x1.05T 62,5x97x105 см.",,,,,,,,,,,,,,,,,,,,,,,,
mc-68496,Градински фотьойл Сардиния черен метал-черен текстилен 55x77x95 см.,"Фотьойлът Сардиния в черен цвят е модерен, удобен и стабилен! Гърбът и седалката са изработени от едно цяло парче текстилен, докато подлакътниците са ниски и всъщност образуват горната част на краката. Характерното за този фотьойл е комфортът, който предлага, и приятно изненадва тези, които го използват. Освен това, фактът, че е стакуем, го прави много практичен, тъй като може да се съхранява на възможно най-малко пространство.<br>
<br>
Размери: 55x77x95H см.<br>
Височина на седалката: 43 см.<br>
Височина на подлакътниците: 59 см.<br>
Размери на седалката: 45x43 см.<br>
Размери на гърба: 45x60 см.<br>
Рамка: 42x15 мм.<br>
<br>
МАТЕРИАЛИ НА КОНСТРУКЦИЯТА:<br>
Рамката на фотьойла е изработена от стомана с прахово покритие.<br>
<br>
Информация: Праховото покритие е сух процес на покриване, използван като метално покритие. Праховото покритие се нанася като сух прах чрез електростатичен процес и след това се втвърдява с топлина.<br>
<br>
Фотьойлът е тапициран с висококачествен текстилен плат 2x1 (540 г). Това е плътен, здрав и издръжлив полиестерен плат. Това означава, че е изработен от полиестерни влакна с PVC.<br>
<br>
ПОДДРЪЖКА:<br>
Благодарение на издръжливостта на конструктивните материали, поддръжката на фотьойла е лесна. Освен редовното почистване от прах, може да се избърсва с влажна кърпа.<br>
<br>
** Цветопредаването на продукта може да се различава леко от фотографското му представяне на вашия екран.",Europe,,Столове-Фотьойли,"RelatedColor_Champagne, Градински столове",true,Title,Default Title,,,,,,,,0615054,4100.0,shopify,4652,deny,manual,21.54,34.88,true,true,,,,,5208067098663,https://cdn.shopify.com/s/files/1/0925/7041/9533/files/polythrona-fb9500003-metalliki-mayri-me.jpg?v=1773076913,1,Градински фотьойл LEON черен метал-черен текстилен 55x77x95 см.,false,,,,,,,,,,,,,,,,,,,,kg,,,active
mc-68496,,,,,,,,,,,,,,,,,,,,,,,,,,,,,,,,https://cdn.shopify.com/s/files/1/0925/7041/9533/files/polythrona-fb9500003-metalliki-mayri-me--1.jpg?v=1773076913,2,Градински фотьойл LEON черен метал-черен текстилен 55x77x95 см.,,,,,,,,,,,,,,,,,,,,,,,,
mc-68496,,,,,,,,,,,,,,,,,,,,,,,,,,,,,,,,https://cdn.shopify.com/s/files/1/0925/7041/9533/files/polythrona-fb9500003-metalliki-mayri-me--2.jpg?v=1773076913,3,Градински фотьойл LEON черен метал-черен текстилен 55x77x95 см.,,,,,,,,,,,,,,,,,,,,,,,,
mc-68496,,,,,,,,,,,,,,,,,,,,,,,,,,,,,,,,https://cdn.shopify.com/s/files/1/0925/7041/9533/files/polythrona-fb9500003-metalliki-mayri-me--3.jpg?v=1773076913,4,Градински фотьойл LEON черен метал-черен текстилен 55x77x95 см.,,,,,,,,,,,,,,,,,,,,,,,,
mc-68496,,,,,,,,,,,,,,,,,,,,,,,,,,,,,,,,https://cdn.shopify.com/s/files/1/0925/7041/9533/files/polythrona-fb9500003-metalliki-mayri-me--4.jpg?v=1773076913,5,Градински фотьойл LEON черен метал-черен текстилен 55x77x95 см.,,,,,,,,,,,,,,,,,,,,,,,,
mc-68496,,,,,,,,,,,,,,,,,,,,,,,,,,,,,,,,https://cdn.shopify.com/s/files/1/0925/7041/9533/files/polythrona-fb9500003-metalliki-mayri-me--5.jpg?v=1773076913,6,Градински фотьойл LEON черен метал-черен текстилен 55x77x95 см.,,,,,,,,,,,,,,,,,,,,,,,,
mc-68496,,,,,,,,,,,,,,,,,,,,,,,,,,,,,,,,https://cdn.shopify.com/s/files/1/0925/7041/9533/files/polythrona-fb9500003-metalliki-mayri-me--6.jpg?v=1773076914,7,Градински фотьойл LEON черен метал-черен текстилен 55x77x95 см.,,,,,,,,,,,,,,,,,,,,,,,,
mc-68496,,,,,,,,,,,,,,,,,,,,,,,,,,,,,,,,https://cdn.shopify.com/s/files/1/0925/7041/9533/files/polythrona-fb9500003-metalliki-mayri-me--7.jpg?v=1773076913,8,Градински фотьойл LEON черен метал-черен текстилен 55x77x95 см.,,,,,,,,,,,,,,,,,,,,,,,,
mc-68496,,,,,,,,,,,,,,,,,,,,,,,,,,,,,,,,https://cdn.shopify.com/s/files/1/0925/7041/9533/files/polythrona-fb9500003-metalliki-mayri-me--8.jpg?v=1773076913,9,Градински фотьойл LEON черен метал-черен текстилен 55x77x95 см.,,,,,,,,,,,,,,,,,,,,,,,,
mc-68496,,,,,,,,,,,,,,,,,,,,,,,,,,,,,,,,https://cdn.shopify.com/s/files/1/0925/7041/9533/files/polythrona-fb9500003-metalliki-mayri-me--9.jpg?v=1773076913,10,Градински фотьойл LEON черен метал-черен текстилен 55x77x95 см.,,,,,,,,,,,,,,,,,,,,,,,,
mc-68249,"Шезлонг Лимнос с подлакътници, импрегниран орех с PVC 2x1 екрю 62,5x97x105 см.","Σεζλόνγκ Λήμνος με μπράτσα σε καρυδί απόχρωση και pvc εκρου 62,5x97x105 εκ.<br>
<br>
Διαθέτει τρεις θέσεις ανάκλισης και είναι πτυσσόμενη για εύκολη αποθήκευση, καταλαμβάνοντας τον ελάχιστο δυνατό χώρο όταν δεν χρησιμοποιείται.<br>
<br>
Κλασσικός σχεδιασμός με πλάτη που στηρίζει το σώμα και με μπράτσο για την ξεκούραση των χεριών.<br>
<br>
Κατασκευασμένη από ενισχυμένο μασίφ ξύλινο σκελετό αρίστης ποιότητας από ξύλο φουρνιστής οξιάς,<br>
επεξεργασμένη με την τεχνική του εμποτισμού με τρόπο ώστε να αντέχει σε δύσκολες καιρικές συνθήκες, ιδανική για το μπαλκόνι, τον κήπο, την παραλία.<br>
<br>
Ενδείκνυται για εξωτερικούς και επαγγελματικούς χώρους.<br>
<br>
Διαστάσεις: 62,5x89 - 97x78 - 105 εκ.<br>
<br>
Διαστάσεις κλειστή: 63x32x133 εκ.",Europe,,Дек стол,Шезлонги,true,Title,Default Title,,,,,,,,9997844,7800.0,shopify,92,deny,manual,78.29,126.79,true,true,,,,,,https://cdn.shopify.com/s/files/1/0925/7041/9533/files/sezlongk-limnos-me-mpratsa-emp-smos-kary.jpg?v=1773065801,1,"Шезлонг Лимнос с подлакътници, импрегниран орех с PVC 2x1 екрю 62,5x97x105 см.",false,,,,,,,,,,,,,,,,,,,,kg,,,active
mc-68249,,,,,,,,,,,,,,,,,,,,,,,,,,,,,,,,https://cdn.shopify.com/s/files/1/0925/7041/9533/files/sezlongk-limnos-me-mpratsa-emp-smos-kary-1.jpg?v=1773065802,2,"Шезлонг Лимнос с подлакътници, импрегниран орех с PVC 2x1 екрю 62,5x97x105 см.",,,,,,,,,,,,,,,,,,,,,,,,
mc-68249,,,,,,,,,,,,,,,,,,,,,,,,,,,,,,,,https://cdn.shopify.com/s/files/1/0925/7041/9533/files/sezlongk-limnos-me-mpratsa-emp-smos-kary-2.jpg?v=1773065801,3,"Шезлонг Лимнос с подлакътници, импрегниран орех с PVC 2x1 екрю 62,5x97x105 см.",,,,,,,,,,,,,,,,,,,,,,,,
mc-68249,,,,,,,,,,,,,,,,,,,,,,,,,,,,,,,,https://cdn.shopify.com/s/files/1/0925/7041/9533/files/sezlongk-limnos-me-mpratsa-emp-smos-kary-3.jpg?v=1773065801,4,"Шезлонг Лимнос с подлакътници, импрегниран орех с PVC 2x1 екрю 62,5x97x105 см.",,,,,,,,,,,,,,,,,,,,,,,,
mc-68249,,,,,,,,,,,,,,,,,,,,,,,,,,,,,,,,https://cdn.shopify.com/s/files/1/0925/7041/9533/files/sezlongk-limnos-me-mpratsa-emp-smos-kary-4.jpg?v=1773065801,5,"Шезлонг Лимнос с подлакътници, импрегниран орех с PVC 2x1 екрю 62,5x97x105 см.",,,,,,,,,,,,,,,,,,,,,,,,
mc-68249,,,,,,,,,,,,,,,,,,,,,,,,,,,,,,,,https://cdn.shopify.com/s/files/1/0925/7041/9533/files/sezlongk-limnos-me-mpratsa-emp-smos-kary-5.jpg?v=1773065801,6,"Шезлонг Лимнос с подлакътници, импрегниран орех с PVC 2x1 екрю 62,5x97x105 см.",,,,,,,,,,,,,,,,,,,,,,,,
mc-68249,,,,,,,,,,,,,,,,,,,,,,,,,,,,,,,,https://cdn.shopify.com/s/files/1/0925/7041/9533/files/sezlongk-limnos-me-mpratsa-emp-smos-kary-6.jpg?v=1773065801,7,"Шезлонг Лимнос с подлакътници, импрегниран орех с PVC 2x1 екрю 62,5x97x105 см.",,,,,,,,,,,,,,,,,,,,,,,,
mc-68249,,,,,,,,,,,,,,,,,,,,,,,,,,,,,,,,https://cdn.shopify.com/s/files/1/0925/7041/9533/files/sezlongk-limnos-me-mpratsa-emp-smos-kary-7.jpg?v=1773065801,8,"Шезлонг Лимнос с подлакътници, импрегниран орех с PVC 2x1 екрю 62,5x97x105 см.",,,,,,,,,,,,,,,,,,,,,,,,
mc-68249,,,,,,,,,,,,,,,,,,,,,,,,,,,,,,,,https://cdn.shopify.com/s/files/1/0925/7041/9533/files/sezlongk-limnos-me-mpratsa-emp-smos-kary-8.jpg?v=1773065801,9,"Шезлонг Лимнос с подлакътници, импрегниран орех с PVC 2x1 екрю 62,5x97x105 см.",,,,,,,,,,,,,,,,,,,,,,,,
mc-68249,,,,,,,,,,,,,,,,,,,,,,,,,,,,,,,,https://cdn.shopify.com/s/files/1/0925/7041/9533/files/sezlongk-limnos-me-mpratsa-emp-smos-kary-9.jpg?v=1773065802,10,"Шезлонг Лимнос с подлакътници, импрегниран орех с PVC 2x1 екрю 62,5x97x105 см.",,,,,,,,,,,,,,,,,,,,,,,,
mc-66749,Маса 150x90x75 см метална правоъгълна кафява с отвор за чадър D38 см,"Метална маса за външна употреба в кафяв нюанс с интегрирано безопасно стъкло (сигурно).<br>
Има отвор в центъра за поставяне на чадър.<br>
<br>
Размери: 90x150x75 см.<br>
<br>
Кафяв цвят",Europe,,Маси,"RelatedColor_Сив, Градински маси",true,Title,Default Title,,,,,,,,0603023,24500.0,shopify,153,deny,manual,73.89,119.66,true,true,,,,,5208067072861,https://cdn.shopify.com/s/files/1/0925/7041/9533/files/trapezi-150x90ch75yek-metalliko-orthogon_d3147f4c-2921-4009-ab18-3a120705bbf2.jpg?v=1773055158,1,Маса 150x90x75 см метална правоъгълна кафява с отвор за чадър D38 см,false,,,,,,,,,,,,,,,,,,,,kg,,,active
mc-66749,,,,,,,,,,,,,,,,,,,,,,,,,,,,,,,,https://cdn.shopify.com/s/files/1/0925/7041/9533/files/trapezi-150x90ch75yek-metalliko-orthogon-1_c7d60547-efd2-4578-a448-4da64951d2f7.jpg?v=1773055157,2,Маса 150x90x75 см метална правоъгълна кафява с отвор за чадър D38 см,,,,,,,,,,,,,,,,,,,,,,,,
mc-66749,,,,,,,,,,,,,,,,,,,,,,,,,,,,,,,,https://cdn.shopify.com/s/files/1/0925/7041/9533/files/trapezi-150x90ch75yek-metalliko-orthogon-2_75d2006a-bb34-4593-b121-b7a1428023cb.jpg?v=1773055158,3,Маса 150x90x75 см метална правоъгълна кафява с отвор за чадър D38 см,,,,,,,,,,,,,,,,,,,,,,,,
mc-66749,,,,,,,,,,,,,,,,,,,,,,,,,,,,,,,,https://cdn.shopify.com/s/files/1/0925/7041/9533/files/trapezi-150x90ch75yek-metalliko-orthogon-3_18226420-f428-4740-b91d-26e6683ad108.jpg?v=1773055158,4,Маса 150x90x75 см метална правоъгълна кафява с отвор за чадър D38 см,,,,,,,,,,,,,,,,,,,,,,,,
mc-66749,,,,,,,,,,,,,,,,,,,,,,,,,,,,,,,,https://cdn.shopify.com/s/files/1/0925/7041/9533/files/trapezi-150x90ch75yek-metalliko-orthogon-4_b8de7e0b-e8ea-4670-b750-ad2c8a802d4e.jpg?v=1773055158,5,Маса 150x90x75 см метална правоъгълна кафява с отвор за чадър D38 см,,,,,,,,,,,,,,,,,,,,,,,,
mc-66749,,,,,,,,,,,,,,,,,,,,,,,,,,,,,,,,https://cdn.shopify.com/s/files/1/0925/7041/9533/files/trapezi-150x90ch75yek-metalliko-orthogon-5_85167832-1532-40d9-bf70-af60f1b37339.jpg?v=1773055158,6,Маса 150x90x75 см метална правоъгълна кафява с отвор за чадър D38 см,,,,,,,,,,,,,,,,,,,,,,,,
mc-66749,,,,,,,,,,,,,,,,,,,,,,,,,,,,,,,,https://cdn.shopify.com/s/files/1/0925/7041/9533/files/trapezi-150x90ch75yek-metalliko-orthogon-6_1b15f5dd-985a-485e-9a5e-a669ee7b06b7.jpg?v=1773055158,7,Маса 150x90x75 см метална правоъгълна кафява с отвор за чадър D38 см,,,,,,,,,,,,,,,,,,,,,,,,
mc-66748,Маса 150x90x75 см метална правоъгълна сива с отвор за чадър D38 см,"Метална маса за външна употреба в сив цвят с вградено защитно стъкло (сигурно).<br>
Има отвор в центъра за поставяне на чадър.<br>
<br>
Размери: 90x150x75 см.<br>
<br>
Цвят: Сив",Europe,,Маси,"RelatedColor_Кафяв, Градински маси",true,Title,Default Title,,,,,,,,0603022,24500.0,shopify,182,deny,manual,73.89,119.66,true,true,,,,,5208067072854,https://cdn.shopify.com/s/files/1/0925/7041/9533/files/trapezi-150x90ch75yek-metalliko-orthogon.jpg?v=1773055157,1,Маса 150x90x75 см метална правоъгълна сива с отвор за чадър D38 см,false,,,,,,,,,,,,,,,,,,,,kg,,,active
mc-66748,,,,,,,,,,,,,,,,,,,,,,,,,,,,,,,,https://cdn.shopify.com/s/files/1/0925/7041/9533/files/trapezi-150x90ch75yek-metalliko-orthogon-1.jpg?v=1773055157,2,Маса 150x90x75 см метална правоъгълна сива с отвор за чадър D38 см,,,,,,,,,,,,,,,,,,,,,,,,
mc-66748,,,,,,,,,,,,,,,,,,,,,,,,,,,,,,,,https://cdn.shopify.com/s/files/1/0925/7041/9533/files/trapezi-150x90ch75yek-metalliko-orthogon-2.jpg?v=1773055157,3,Маса 150x90x75 см метална правоъгълна сива с отвор за чадър D38 см,,,,,,,,,,,,,,,,,,,,,,,,
mc-66748,,,,,,,,,,,,,,,,,,,,,,,,,,,,,,,,https://cdn.shopify.com/s/files/1/0925/7041/9533/files/trapezi-150x90ch75yek-metalliko-orthogon-3.jpg?v=1773055157,4,Маса 150x90x75 см метална правоъгълна сива с отвор за чадър D38 см,,,,,,,,,,,,,,,,,,,,,,,,
mc-66748,,,,,,,,,,,,,,,,,,,,,,,,,,,,,,,,https://cdn.shopify.com/s/files/1/0925/7041/9533/files/trapezi-150x90ch75yek-metalliko-orthogon-4.jpg?v=1773055157,5,Маса 150x90x75 см метална правоъгълна сива с отвор за чадър D38 см,,,,,,,,,,,,,,,,,,,,,,,,
mc-66748,,,,,,,,,,,,,,,,,,,,,,,,,,,,,,,,https://cdn.shopify.com/s/files/1/0925/7041/9533/files/trapezi-150x90ch75yek-metalliko-orthogon-5.jpg?v=1773055157,6,Маса 150x90x75 см метална правоъгълна сива с отвор за чадър D38 см,,,,,,,,,,,,,,,,,,,,,,,,
mc-66748,,,,,,,,,,,,,,,,,,,,,,,,,,,,,,,,https://cdn.shopify.com/s/files/1/0925/7041/9533/files/trapezi-150x90ch75yek-metalliko-orthogon-6.jpg?v=1773055157,7,Маса 150x90x75 см метална правоъгълна сива с отвор за чадър D38 см,,,,,,,,,,,,,,,,,,,,,,,,
mc-66748,,,,,,,,,,,,,,,,,,,,,,,,,,,,,,,,https://cdn.shopify.com/s/files/1/0925/7041/9533/files/trapezi-150x90ch75yek-metalliko-orthogon-7.jpg?v=1773055157,8,Маса 150x90x75 см метална правоъгълна сива с отвор за чадър D38 см,,,,,,,,,,,,,,,,,,,,,,,,
mc-66682,Алуминиев фотьойл Брешия сив с бежов PE усукан ратан 55x63x82 см,"Модерен фотьойл, изработен от алуминиева рамка в сив цвят, тапициран с плетен подсилен PE TWIST RATTAN на седалката и облегалката в бежово.<br>
Фотьойл с отлично качество и конструкция с ръчно плетиво на седалката.<br>
<br>
Идеален за трапезарии, но и за вашия дом, ще придаде модерен и специален вид на вашето пространство.<br>
<br>
<br>
Размери:<br>
55x63x82H см.<br>
Височина на седалката: 43 см.<br>
Размери на седалката: 40x46 см.<br>
Височина на подлакътниците: 62 см.<br>
Размери на облегалката: 43x30 см.<br>
Височина на краката: 40 см.<br>
Разстояние между краката: 52x50 см.<br>
<br>
Размери на алуминиевата рамка: 30x18x1.2 мм + Φ28x1.2 мм",Europe,,Столове-Фотьойли,"RelatedColor_Бял, Градински столове",true,Title,Default Title,,,,,,,,0615005,3800.0,shopify,819,deny,manual,74.08,119.97,true,true,,,,,5208067073455,https://cdn.shopify.com/s/files/1/0925/7041/9533/files/polythrona-aloyminioy-fb9577102-gkri-me.jpg?v=1773055153,1,Алуминиев фотьойл Nojo сив с бежов PE усукан ратан 55x63x82 см,false,,,,,,,,,,,,,,,,,,,,kg,,,active
mc-66682,,,,,,,,,,,,,,,,,,,,,,,,,,,,,,,,https://cdn.shopify.com/s/files/1/0925/7041/9533/files/polythrona-aloyminioy-fb9577102-gkri-me--1.jpg?v=1773055153,2,Алуминиев фотьойл Nojo сив с бежов PE усукан ратан 55x63x82 см,,,,,,,,,,,,,,,,,,,,,,,,
mc-66682,,,,,,,,,,,,,,,,,,,,,,,,,,,,,,,,https://cdn.shopify.com/s/files/1/0925/7041/9533/files/polythrona-aloyminioy-fb9577102-gkri-me--2.jpg?v=1773055153,3,Алуминиев фотьойл Nojo сив с бежов PE усукан ратан 55x63x82 см,,,,,,,,,,,,,,,,,,,,,,,,
mc-66682,,,,,,,,,,,,,,,,,,,,,,,,,,,,,,,,https://cdn.shopify.com/s/files/1/0925/7041/9533/files/polythrona-aloyminioy-fb9577102-gkri-me--3.jpg?v=1773055153,4,Алуминиев фотьойл Nojo сив с бежов PE усукан ратан 55x63x82 см,,,,,,,,,,,,,,,,,,,,,,,,
mc-66682,,,,,,,,,,,,,,,,,,,,,,,,,,,,,,,,https://cdn.shopify.com/s/files/1/0925/7041/9533/files/polythrona-aloyminioy-fb9577102-gkri-me--4.jpg?v=1773055154,5,Алуминиев фотьойл Nojo сив с бежов PE усукан ратан 55x63x82 см,,,,,,,,,,,,,,,,,,,,,,,,
mc-66682,,,,,,,,,,,,,,,,,,,,,,,,,,,,,,,,https://cdn.shopify.com/s/files/1/0925/7041/9533/files/polythrona-aloyminioy-fb9577102-gkri-me--5.jpg?v=1773055153,6,Алуминиев фотьойл Nojo сив с бежов PE усукан ратан 55x63x82 см,,,,,,,,,,,,,,,,,,,,,,,,
mc-66682,,,,,,,,,,,,,,,,,,,,,,,,,,,,,,,,https://cdn.shopify.com/s/files/1/0925/7041/9533/files/polythrona-aloyminioy-fb9577102-gkri-me--6.jpg?v=1773055154,7,Алуминиев фотьойл Nojo сив с бежов PE усукан ратан 55x63x82 см,,,,,,,,,,,,,,,,,,,,,,,,
mc-66682,,,,,,,,,,,,,,,,,,,,,,,,,,,,,,,,https://cdn.shopify.com/s/files/1/0925/7041/9533/files/polythrona-aloyminioy-fb9577102-gkri-me--7.jpg?v=1773055154,8,Алуминиев фотьойл Nojo сив с бежов PE усукан ратан 55x63x82 см,,,,,,,,,,,,,,,,,,,,,,,,
mc-66682,,,,,,,,,,,,,,,,,,,,,,,,,,,,,,,,https://cdn.shopify.com/s/files/1/0925/7041/9533/files/polythrona-aloyminioy-fb9577102-gkri-me--8.jpg?v=1773055154,9,Алуминиев фотьойл Nojo сив с бежов PE усукан ратан 55x63x82 см,,,,,,,,,,,,,,,,,,,,,,,,
mc-66682,,,,,,,,,,,,,,,,,,,,,,,,,,,,,,,,https://cdn.shopify.com/s/files/1/0925/7041/9533/files/polythrona-aloyminioy-fb9577102-gkri-me--9.jpg?v=1773055154,10,Алуминиев фотьойл Nojo сив с бежов PE усукан ратан 55x63x82 см,,,,,,,,,,,,,,,,,,,,,,,,
mc-66681,Бял алуминиев фотьойл с бежова PE въже 55x63x82 см,"Модерен фотьойл, изработен от алуминиева рамка в бяло, тапициран с плетено подсилено PE въже на седалката и облегалката в бежово.<br>
Фотьойл с отлично качество и конструкция с ръчно плетиво на седалката.<br>
<br>
Идеален за трапезарии, но и за дома ви, ще придаде модерен и специален вид на вашето пространство.<br>
<br>
Размери: 55x63x82 см.<br>
<br>
Височина на седалката: 43 см.<br>
Размери на седалката: 40x46 см.<br>
Размери на алуминиевата рамка: 30x18xT 1.2 мм + Диаметър 28xT 1.2 мм<br>
<br>
Височина на подлакътника: 62 см.<br>
<br>
Размери на облегалката: 43x30 см.<br>
<br>
Височина на краката: 40 см.<br>
Разстояние между краката: 52x50 см.",Europe,,Столове-Фотьойли,"RelatedColor_Сив, Градински столове",true,Title,Default Title,,,,,,,,0615004,3200.0,shopify,561,deny,manual,74.08,119.97,true,true,,,,,5208067073448,https://cdn.shopify.com/s/files/1/0925/7041/9533/files/polythrona-aloyminioy-leyki-me-schoini-p.jpg?v=1773055153,1,Бял алуминиев фотьойл с бежова PE въже 55x63x82 см,false,,,,,,,,,,,,,,,,,,,,kg,,,active
mc-66681,,,,,,,,,,,,,,,,,,,,,,,,,,,,,,,,https://cdn.shopify.com/s/files/1/0925/7041/9533/files/polythrona-aloyminioy-leyki-me-schoini-p-1.jpg?v=1773055153,2,Бял алуминиев фотьойл с бежова PE въже 55x63x82 см,,,,,,,,,,,,,,,,,,,,,,,,
mc-66681,,,,,,,,,,,,,,,,,,,,,,,,,,,,,,,,https://cdn.shopify.com/s/files/1/0925/7041/9533/files/polythrona-aloyminioy-leyki-me-schoini-p-2.jpg?v=1773055153,3,Бял алуминиев фотьойл с бежова PE въже 55x63x82 см,,,,,,,,,,,,,,,,,,,,,,,,
mc-66681,,,,,,,,,,,,,,,,,,,,,,,,,,,,,,,,https://cdn.shopify.com/s/files/1/0925/7041/9533/files/polythrona-aloyminioy-leyki-me-schoini-p-3.jpg?v=1773055152,4,Бял алуминиев фотьойл с бежова PE въже 55x63x82 см,,,,,,,,,,,,,,,,,,,,,,,,
mc-66681,,,,,,,,,,,,,,,,,,,,,,,,,,,,,,,,https://cdn.shopify.com/s/files/1/0925/7041/9533/files/polythrona-aloyminioy-leyki-me-schoini-p-4.jpg?v=1773055153,5,Бял алуминиев фотьойл с бежова PE въже 55x63x82 см,,,,,,,,,,,,,,,,,,,,,,,,
mc-66681,,,,,,,,,,,,,,,,,,,,,,,,,,,,,,,,https://cdn.shopify.com/s/files/1/0925/7041/9533/files/polythrona-aloyminioy-leyki-me-schoini-p-5.jpg?v=1773055153,6,Бял алуминиев фотьойл с бежова PE въже 55x63x82 см,,,,,,,,,,,,,,,,,,,,,,,,
mc-66681,,,,,,,,,,,,,,,,,,,,,,,,,,,,,,,,https://cdn.shopify.com/s/files/1/0925/7041/9533/files/polythrona-aloyminioy-leyki-me-schoini-p-6.jpg?v=1773055153,7,Бял алуминиев фотьойл с бежова PE въже 55x63x82 см,,,,,,,,,,,,,,,,,,,,,,,,
mc-66681,,,,,,,,,,,,,,,,,,,,,,,,,,,,,,,,https://cdn.shopify.com/s/files/1/0925/7041/9533/files/polythrona-aloyminioy-leyki-me-schoini-p-7.jpg?v=1773055153,8,Бял алуминиев фотьойл с бежова PE въже 55x63x82 см,,,,,,,,,,,,,,,,,,,,,,,,
mc-66681,,,,,,,,,,,,,,,,,,,,,,,,,,,,,,,,https://cdn.shopify.com/s/files/1/0925/7041/9533/files/polythrona-aloyminioy-leyki-me-schoini-p-8.jpg?v=1773055153,9,Бял алуминиев фотьойл с бежова PE въже 55x63x82 см,,,,,,,,,,,,,,,,,,,,,,,,
mc-66681,,,,,,,,,,,,,,,,,,,,,,,,,,,,,,,,https://cdn.shopify.com/s/files/1/0925/7041/9533/files/polythrona-aloyminioy-leyki-me-schoini-p-9.jpg?v=1773055153,10,Бял алуминиев фотьойл с бежова PE въже 55x63x82 см,,,,,,,,,,,,,,,,,,,,,,,,
mc-64411,Метална фотьойл Парма в кафяв цвят с бежова възглавница 60x71x105см,"Градински стол Парма в кафяв цвят.<br>
Изработен от метална рамка с метални опорни ленти за възглавницата.<br>
Разполага с възглавница в бежов цвят, с цип за облегалката и седалката, с дебелина 8 см.<br>
<br>
Подходящ за домашна и професионална употреба.<br>
<br>
Размери: 60x71x105 см<br>
Височина на седалката: 49 см<br>
Височина на подлакътниците: 63 см<br>
Размери на седалката: 51x44 см<br>
Дебелина на възглавницата: 8 см",Europe,Uncategorized,Столове-Фотьойли,"Градински столове, Фотьойли",true,Title,Default Title,,,,,,,,0605325,6200.0,shopify,239,deny,manual,41.44,67.11,true,true,,,,,5208067142274,https://cdn.shopify.com/s/files/1/0925/7041/9533/files/polythrona-metalliki-endika-se-kafe-chro.jpg?v=1772785601,1,Метална фотьойл Endika в кафяв цвят с бежова възглавница 60x71x105см,false,,,,,,,,,,,,,,,,,,,,kg,,,active
mc-64411,,,,,,,,,,,,,,,,,,,,,,,,,,,,,,,,https://cdn.shopify.com/s/files/1/0925/7041/9533/files/polythrona-metalliki-endika-se-kafe-chro-1.jpg?v=1772785601,2,Метална фотьойл Endika в кафяв цвят с бежова възглавница 60x71x105см,,,,,,,,,,,,,,,,,,,,,,,,
mc-64411,,,,,,,,,,,,,,,,,,,,,,,,,,,,,,,,https://cdn.shopify.com/s/files/1/0925/7041/9533/files/polythrona-metalliki-endika-se-kafe-chro-2.jpg?v=1772785601,3,Метална фотьойл Endika в кафяв цвят с бежова възглавница 60x71x105см,,,,,,,,,,,,,,,,,,,,,,,,
mc-64411,,,,,,,,,,,,,,,,,,,,,,,,,,,,,,,,https://cdn.shopify.com/s/files/1/0925/7041/9533/files/polythrona-metalliki-endika-se-kafe-chro-3.jpg?v=1772785600,4,Метална фотьойл Endika в кафяв цвят с бежова възглавница 60x71x105см,,,,,,,,,,,,,,,,,,,,,,,,
mc-64411,,,,,,,,,,,,,,,,,,,,,,,,,,,,,,,,https://cdn.shopify.com/s/files/1/0925/7041/9533/files/polythrona-metalliki-endika-se-kafe-chro-4.jpg?v=1772785600,5,Метална фотьойл Endika в кафяв цвят с бежова възглавница 60x71x105см,,,,,,,,,,,,,,,,,,,,,,,,
mc-64411,,,,,,,,,,,,,,,,,,,,,,,,,,,,,,,,https://cdn.shopify.com/s/files/1/0925/7041/9533/files/polythrona-metalliki-endika-se-kafe-chro-5.jpg?v=1772785601,6,Метална фотьойл Endika в кафяв цвят с бежова възглавница 60x71x105см,,,,,,,,,,,,,,,,,,,,,,,,
mc-64411,,,,,,,,,,,,,,,,,,,,,,,,,,,,,,,,https://cdn.shopify.com/s/files/1/0925/7041/9533/files/polythrona-metalliki-endika-se-kafe-chro-6.jpg?v=1772785601,7,Метална фотьойл Endika в кафяв цвят с бежова възглавница 60x71x105см,,,,,,,,,,,,,,,,,,,,,,,,
mc-64411,,,,,,,,,,,,,,,,,,,,,,,,,,,,,,,,https://cdn.shopify.com/s/files/1/0925/7041/9533/files/polythrona-metalliki-endika-se-kafe-chro-7.jpg?v=1772785601,8,Метална фотьойл Endika в кафяв цвят с бежова възглавница 60x71x105см,,,,,,,,,,,,,,,,,,,,,,,,
mc-64411,,,,,,,,,,,,,,,,,,,,,,,,,,,,,,,,https://cdn.shopify.com/s/files/1/0925/7041/9533/files/polythrona-metalliki-endika-se-kafe-chro-8.jpg?v=1772785601,9,Метална фотьойл Endika в кафяв цвят с бежова възглавница 60x71x105см,,,,,,,,,,,,,,,,,,,,,,,,
mc-64287,Метален фотьойл Парма сив с възглавница 60x71x105 см,"Външен фотьойл Парма в сив цвят.<br>
Изработен е от метална рамка с метални опорни ленти за възглавницата.<br>
Разполага със сива възглавница с 8 см дебелина и цип за облегалката и седалката.<br>
<br>
Може да се използва за домашна и професионална употреба.<br>
<br>
Размери: 60x71x105H см<br>
Височина на седалката: 49 см<br>
Височина на подлакътника: 63 см<br>
Размери на седалката: 51x44 см<br>
Дебелина на възглавницата: 8 см",Europe,,Столове-Фотьойли,Градински столове,true,Title,Default Title,,,,,,,,0605324,6200.0,shopify,942,deny,manual,41.44,67.11,true,true,,,,,5208067142267,https://cdn.shopify.com/s/files/1/0925/7041/9533/files/polythrona-metalliki-endika-se-gkri-chro.jpg?v=1772785565,1,Метален фотьойл Endika сив с възглавница 60x71x105 см,false,,,,,,,,,,,,,,,,,,,,kg,,,active
mc-64287,,,,,,,,,,,,,,,,,,,,,,,,,,,,,,,,https://cdn.shopify.com/s/files/1/0925/7041/9533/files/polythrona-metalliki-endika-se-gkri-chro-1.jpg?v=1772785565,2,Метален фотьойл Endika сив с възглавница 60x71x105 см,,,,,,,,,,,,,,,,,,,,,,,,
mc-64287,,,,,,,,,,,,,,,,,,,,,,,,,,,,,,,,https://cdn.shopify.com/s/files/1/0925/7041/9533/files/polythrona-metalliki-endika-se-gkri-chro-2.jpg?v=1772785565,3,Метален фотьойл Endika сив с възглавница 60x71x105 см,,,,,,,,,,,,,,,,,,,,,,,,
mc-64287,,,,,,,,,,,,,,,,,,,,,,,,,,,,,,,,https://cdn.shopify.com/s/files/1/0925/7041/9533/files/polythrona-metalliki-endika-se-gkri-chro-3.jpg?v=1772785565,4,Метален фотьойл Endika сив с възглавница 60x71x105 см,,,,,,,,,,,,,,,,,,,,,,,,
mc-64287,,,,,,,,,,,,,,,,,,,,,,,,,,,,,,,,https://cdn.shopify.com/s/files/1/0925/7041/9533/files/polythrona-metalliki-endika-se-gkri-chro-4.jpg?v=1772785565,5,Метален фотьойл Endika сив с възглавница 60x71x105 см,,,,,,,,,,,,,,,,,,,,,,,,
mc-64287,,,,,,,,,,,,,,,,,,,,,,,,,,,,,,,,https://cdn.shopify.com/s/files/1/0925/7041/9533/files/polythrona-metalliki-endika-se-gkri-chro-5.jpg?v=1772785565,6,Метален фотьойл Endika сив с възглавница 60x71x105 см,,,,,,,,,,,,,,,,,,,,,,,,
mc-64287,,,,,,,,,,,,,,,,,,,,,,,,,,,,,,,,https://cdn.shopify.com/s/files/1/0925/7041/9533/files/polythrona-metalliki-endika-se-gkri-chro-6.jpg?v=1772785565,7,Метален фотьойл Endika сив с възглавница 60x71x105 см,,,,,,,,,,,,,,,,,,,,,,,,
mc-64287,,,,,,,,,,,,,,,,,,,,,,,,,,,,,,,,https://cdn.shopify.com/s/files/1/0925/7041/9533/files/polythrona-metalliki-endika-se-gkri-chro-7.jpg?v=1772785565,8,Метален фотьойл Endika сив с възглавница 60x71x105 см,,,,,,,,,,,,,,,,,,,,,,,,
mc-64287,,,,,,,,,,,,,,,,,,,,,,,,,,,,,,,,https://cdn.shopify.com/s/files/1/0925/7041/9533/files/polythrona-metalliki-endika-se-gkri-chro-8.jpg?v=1772785565,9,Метален фотьойл Endika сив с възглавница 60x71x105 см,,,,,,,,,,,,,,,,,,,,,,,,
mc-64287,,,,,,,,,,,,,,,,,,,,,,,,,,,,,,,,https://cdn.shopify.com/s/files/1/0925/7041/9533/files/polythrona-metalliki-endika-se-gkri-chro-9.jpg?v=1772785565,10,Метален фотьойл Endika сив с възглавница 60x71x105 см,,,,,,,,,,,,,,,,,,,,,,,,
mc-61972,Комплект 3 части с маса Figo 60x60x72 и столове Laura сив цвят,"КОМПЛЕКТЪТ ВКЛЮЧВА<br>
<br>
Маса с метален скелет в сив цвят с стъклена повърхност.<br>
<br>
Размери: 60x60x72Y см<br>
<br>
Два фотьойла с метална рамка и седалка и облегалка от ламели в сив цвят.<br>
<br>
Размери: 54x59x73Y см<br>
Височина на седалката: 44 см<br>
Височина на подлакътниците: 62 см<br>
Размери на седалката: 42x36 см.",Europe,,Комплекти трапезни маси,Градински комплект за хранене,true,Title,Default Title,,,,,,,,9997239,13200.0,shopify,223,deny,manual,63.08,102.15,true,true,,,,,,https://cdn.shopify.com/s/files/1/0925/7041/9533/files/set-3tmch-me-trapezi-figo-60ch60ch72y-po.jpg?v=1772785189,1,Комплект 3 части с маса Figo 60x60x72 и столове Laura сив цвят,false,,,,,,,,,,,,,,,,,,,,kg,,,active
mc-61972,,,,,,,,,,,,,,,,,,,,,,,,,,,,,,,,https://cdn.shopify.com/s/files/1/0925/7041/9533/files/set-3tmch-me-trapezi-figo-60ch60ch72y-po-1.jpg?v=1772785188,2,Комплект 3 части с маса Figo 60x60x72 и столове Laura сив цвят,,,,,,,,,,,,,,,,,,,,,,,,
mc-61972,,,,,,,,,,,,,,,,,,,,,,,,,,,,,,,,https://cdn.shopify.com/s/files/1/0925/7041/9533/files/set-3tmch-me-trapezi-figo-60ch60ch72y-po-2.jpg?v=1772785188,3,Комплект 3 части с маса Figo 60x60x72 и столове Laura сив цвят,,,,,,,,,,,,,,,,,,,,,,,,
mc-61409,Алуминиев фотьойл бамбуков вид черен с текстилен 59x60x82 см,"Алуминиев стол ""Bamboo Look"" с висока устойчивост на слънце и дъжд.<br>
Изработен е от алуминиева рамка и текстилен материал в черно.<br>
<br>
Размери: 59x60x82 см<br>
Размери на седалката: 41x42 см<br>
Височина на седалката: 43 см<br>
Височина на подлакътника: 71 см",Europe,,Столове-Фотьойли,"RelatedColor_Grey patina, Градински столове",true,Title,Default Title,,,,,,,,0614905,3500.0,shopify,181,deny,manual,51.69,83.70,true,true,,,,,5208067035019,https://cdn.shopify.com/s/files/1/0925/7041/9533/files/polythrona-aloyminioy-bamboo-look-mayri.jpg?v=1772722038,1,Алуминиев фотьойл бамбуков вид черен с текстилен 59x60x82 см,false,,,,,,,,,,,,,,,,,,,,kg,,,active
mc-61409,,,,,,,,,,,,,,,,,,,,,,,,,,,,,,,,https://cdn.shopify.com/s/files/1/0925/7041/9533/files/polythrona-aloyminioy-bamboo-look-mayri--1.jpg?v=1772722038,2,Алуминиев фотьойл бамбуков вид черен с текстилен 59x60x82 см,,,,,,,,,,,,,,,,,,,,,,,,
mc-61409,,,,,,,,,,,,,,,,,,,,,,,,,,,,,,,,https://cdn.shopify.com/s/files/1/0925/7041/9533/files/polythrona-aloyminioy-bamboo-look-mayri--2.jpg?v=1772722038,3,Алуминиев фотьойл бамбуков вид черен с текстилен 59x60x82 см,,,,,,,,,,,,,,,,,,,,,,,,
mc-61409,,,,,,,,,,,,,,,,,,,,,,,,,,,,,,,,https://cdn.shopify.com/s/files/1/0925/7041/9533/files/polythrona-aloyminioy-bamboo-look-mayri--3.jpg?v=1772722038,4,Алуминиев фотьойл бамбуков вид черен с текстилен 59x60x82 см,,,,,,,,,,,,,,,,,,,,,,,,
mc-61409,,,,,,,,,,,,,,,,,,,,,,,,,,,,,,,,https://cdn.shopify.com/s/files/1/0925/7041/9533/files/polythrona-aloyminioy-bamboo-look-mayri--4.jpg?v=1772722038,5,Алуминиев фотьойл бамбуков вид черен с текстилен 59x60x82 см,,,,,,,,,,,,,,,,,,,,,,,,
mc-61409,,,,,,,,,,,,,,,,,,,,,,,,,,,,,,,,https://cdn.shopify.com/s/files/1/0925/7041/9533/files/polythrona-aloyminioy-bamboo-look-mayri--5.jpg?v=1772722038,6,Алуминиев фотьойл бамбуков вид черен с текстилен 59x60x82 см,,,,,,,,,,,,,,,,,,,,,,,,
mc-61409,,,,,,,,,,,,,,,,,,,,,,,,,,,,,,,,https://cdn.shopify.com/s/files/1/0925/7041/9533/files/polythrona-aloyminioy-bamboo-look-mayri--6.jpg?v=1772722038,7,Алуминиев фотьойл бамбуков вид черен с текстилен 59x60x82 см,,,,,,,,,,,,,,,,,,,,,,,,
mc-61409,,,,,,,,,,,,,,,,,,,,,,,,,,,,,,,,https://cdn.shopify.com/s/files/1/0925/7041/9533/files/polythrona-aloyminioy-bamboo-look-mayri--7.jpg?v=1772722038,8,Алуминиев фотьойл бамбуков вид черен с текстилен 59x60x82 см,,,,,,,,,,,,,,,,,,,,,,,,
mc-61409,,,,,,,,,,,,,,,,,,,,,,,,,,,,,,,,https://cdn.shopify.com/s/files/1/0925/7041/9533/files/polythrona-aloyminioy-bamboo-look-mayri--8.jpg?v=1772722038,9,Алуминиев фотьойл бамбуков вид черен с текстилен 59x60x82 см,,,,,,,,,,,,,,,,,,,,,,,,
mc-61035,Метален фотьойл черен цвят 46x58x88 см,"Насладете се на открито на верандата или терасата с този метален стол. <br>
Изработен от метал, той е здрав и поддържащ. Подлакътниците на стола осигуряват допълнителна опора.<br>
Подходящ е и за външна употреба. <br>
Този стол е елегантно допълнение към почти всяка колекция от мебели за тераса в жилищна или търговска среда. <br>
Също така е лесен за почистване. <br>
<br>
Размери: 46x58x88 см<br>
Височина на седалката: 43 см<br>
<br>
Размери на седалката: 42x45 см",Europe,,Столове-Фотьойли,Градински столове,true,Title,Default Title,,,,,,,,0614816,4800.0,shopify,252,deny,manual,40.20,65.10,true,true,,,,,5208067014458,https://cdn.shopify.com/s/files/1/0925/7041/9533/files/metalliki-polythrona-fb95508-se-mayri-ap.jpg?v=1772721994,1,Метален фотьойл черен цвят 46x58x88 см,false,,,,,,,,,,,,,,,,,,,,kg,,,active
mc-61035,,,,,,,,,,,,,,,,,,,,,,,,,,,,,,,,https://cdn.shopify.com/s/files/1/0925/7041/9533/files/metalliki-polythrona-fb95508-se-mayri-ap-1.jpg?v=1772721994,2,Метален фотьойл черен цвят 46x58x88 см,,,,,,,,,,,,,,,,,,,,,,,,
mc-61035,,,,,,,,,,,,,,,,,,,,,,,,,,,,,,,,https://cdn.shopify.com/s/files/1/0925/7041/9533/files/metalliki-polythrona-fb95508-se-mayri-ap-2.jpg?v=1772721994,3,Метален фотьойл черен цвят 46x58x88 см,,,,,,,,,,,,,,,,,,,,,,,,
mc-61035,,,,,,,,,,,,,,,,,,,,,,,,,,,,,,,,https://cdn.shopify.com/s/files/1/0925/7041/9533/files/metalliki-polythrona-fb95508-se-mayri-ap-3.jpg?v=1772721994,4,Метален фотьойл черен цвят 46x58x88 см,,,,,,,,,,,,,,,,,,,,,,,,
mc-61035,,,,,,,,,,,,,,,,,,,,,,,,,,,,,,,,https://cdn.shopify.com/s/files/1/0925/7041/9533/files/metalliki-polythrona-fb95508-se-mayri-ap-4.jpg?v=1772721994,5,Метален фотьойл черен цвят 46x58x88 см,,,,,,,,,,,,,,,,,,,,,,,,
mc-61035,,,,,,,,,,,,,,,,,,,,,,,,,,,,,,,,https://cdn.shopify.com/s/files/1/0925/7041/9533/files/metalliki-polythrona-fb95508-se-mayri-ap-5.jpg?v=1772721994,6,Метален фотьойл черен цвят 46x58x88 см,,,,,,,,,,,,,,,,,,,,,,,,
mc-61035,,,,,,,,,,,,,,,,,,,,,,,,,,,,,,,,https://cdn.shopify.com/s/files/1/0925/7041/9533/files/metalliki-polythrona-fb95508-se-mayri-ap-6.jpg?v=1772721994,7,Метален фотьойл черен цвят 46x58x88 см,,,,,,,,,,,,,,,,,,,,,,,,
mc-61035,,,,,,,,,,,,,,,,,,,,,,,,,,,,,,,,https://cdn.shopify.com/s/files/1/0925/7041/9533/files/metalliki-polythrona-fb95508-se-mayri-ap-7.jpg?v=1772721994,8,Метален фотьойл черен цвят 46x58x88 см,,,,,,,,,,,,,,,,,,,,,,,,
mc-61035,,,,,,,,,,,,,,,,,,,,,,,,,,,,,,,,https://cdn.shopify.com/s/files/1/0925/7041/9533/files/metalliki-polythrona-fb95508-se-mayri-ap-8.jpg?v=1772721994,9,Метален фотьойл черен цвят 46x58x88 см,,,,,,,,,,,,,,,,,,,,,,,,
mc-60718,Маса с основа от чугун с овален мрамор 120x59x72,"Маса с мраморен плот, която е перфектна идея за вашето външно пространство.<br>
<br>
Масата е изработена от мрамор с овална форма и бял цвят.<br>
Основата ѝ е изработена от чугун в черен цвят.<br>
Масата е препоръчителна за домашна или професионална употреба.<br>
<br>
Размери на масата: 120x59x72 см<br>
Размери на основата: 84x41 см<br>
Дебелина на мраморния плот: 2 см<br>
<br>
Тегло: 46,5 кг.<br>
<br>
Внимание: преди употреба на какъвто и да е почистващ препарат върху мрамора, трябва да го използвате само на малко място, за да се уверите, че не поврежда повърхността.",Europe,,Маси,Градински маси,true,Title,Default Title,,,,,,,,0699249,52100.0,shopify,57,deny,manual,123.28,199.64,true,true,,,,,5208067013932,https://cdn.shopify.com/s/files/1/0925/7041/9533/files/trapezi-me-basi-apo-mantemi-hm440-me-mar.jpg?v=1772721935,1,Маса с основа от чугун с овален мрамор 120x59x72,false,,,,,,,,,,,,,,,,,,,,kg,,,active
mc-60718,,,,,,,,,,,,,,,,,,,,,,,,,,,,,,,,https://cdn.shopify.com/s/files/1/0925/7041/9533/files/trapezi-me-basi-apo-mantemi-hm440-me-mar-1.jpg?v=1772721936,2,Маса с основа от чугун с овален мрамор 120x59x72,,,,,,,,,,,,,,,,,,,,,,,,
mc-60718,,,,,,,,,,,,,,,,,,,,,,,,,,,,,,,,https://cdn.shopify.com/s/files/1/0925/7041/9533/files/trapezi-me-basi-apo-mantemi-hm440-me-mar-2.jpg?v=1772721935,3,Маса с основа от чугун с овален мрамор 120x59x72,,,,,,,,,,,,,,,,,,,,,,,,
mc-60718,,,,,,,,,,,,,,,,,,,,,,,,,,,,,,,,https://cdn.shopify.com/s/files/1/0925/7041/9533/files/trapezi-me-basi-apo-mantemi-hm440-me-mar-3.jpg?v=1772721936,4,Маса с основа от чугун с овален мрамор 120x59x72,,,,,,,,,,,,,,,,,,,,,,,,
mc-60718,,,,,,,,,,,,,,,,,,,,,,,,,,,,,,,,https://cdn.shopify.com/s/files/1/0925/7041/9533/files/trapezi-me-basi-apo-mantemi-hm440-me-mar-4.jpg?v=1772721936,5,Маса с основа от чугун с овален мрамор 120x59x72,,,,,,,,,,,,,,,,,,,,,,,,
mc-60718,,,,,,,,,,,,,,,,,,,,,,,,,,,,,,,,https://cdn.shopify.com/s/files/1/0925/7041/9533/files/trapezi-me-basi-apo-mantemi-hm440-me-mar-5.jpg?v=1772721935,6,Маса с основа от чугун с овален мрамор 120x59x72,,,,,,,,,,,,,,,,,,,,,,,,
mc-60657,Алуминиева маса 70 см с бамбуков ефект Черна с стъкло Φ70x76 см,"Черна алуминиева маса за външна употреба<br>
с текстилен на повърхността и вградено стъкло.<br>
<br>
Размери: Диаметър 70x76 см<br>
Размери на основата: 58x58 см<br>
<br>
Продуктът се доставя разглобен. Лесен за сглобяване.<br>
<br>
Всички необходими аксесоари за сглобяване са включени в опаковката.",Europe,,Маси,"RelatedColor_White patina, RelatedColor_Кафяв, Градински маси",true,Title,Default Title,,,,,,,,0602901,9500.0,shopify,17,deny,manual,134.00,217.00,true,true,,,,,5208067023672,https://cdn.shopify.com/s/files/1/0925/7041/9533/files/trapezi-aloyminioy-f70-bamboo-fb9553202.jpg?v=1772721922,1,Алуминиева маса 70 см с бамбуков ефект Черна с стъкло Φ70x76 см,false,,,,,,,,,,,,,,,,,,,,kg,,,active
mc-60657,,,,,,,,,,,,,,,,,,,,,,,,,,,,,,,,https://cdn.shopify.com/s/files/1/0925/7041/9533/files/trapezi-aloyminioy-f70-bamboo-fb9553202--1.jpg?v=1772721922,2,Алуминиева маса 70 см с бамбуков ефект Черна с стъкло Φ70x76 см,,,,,,,,,,,,,,,,,,,,,,,,
mc-60657,,,,,,,,,,,,,,,,,,,,,,,,,,,,,,,,https://cdn.shopify.com/s/files/1/0925/7041/9533/files/trapezi-aloyminioy-f70-bamboo-fb9553202--2.jpg?v=1772721921,3,Алуминиева маса 70 см с бамбуков ефект Черна с стъкло Φ70x76 см,,,,,,,,,,,,,,,,,,,,,,,,
mc-60657,,,,,,,,,,,,,,,,,,,,,,,,,,,,,,,,https://cdn.shopify.com/s/files/1/0925/7041/9533/files/trapezi-aloyminioy-f70-bamboo-fb9553202--3.jpg?v=1772721923,4,Алуминиева маса 70 см с бамбуков ефект Черна с стъкло Φ70x76 см,,,,,,,,,,,,,,,,,,,,,,,,
mc-60657,,,,,,,,,,,,,,,,,,,,,,,,,,,,,,,,https://cdn.shopify.com/s/files/1/0925/7041/9533/files/trapezi-aloyminioy-f70-bamboo-fb9553202--4.jpg?v=1772721922,5,Алуминиева маса 70 см с бамбуков ефект Черна с стъкло Φ70x76 см,,,,,,,,,,,,,,,,,,,,,,,,
mc-60657,,,,,,,,,,,,,,,,,,,,,,,,,,,,,,,,https://cdn.shopify.com/s/files/1/0925/7041/9533/files/trapezi-aloyminioy-f70-bamboo-fb9553202--5.jpg?v=1772721922,6,Алуминиева маса 70 см с бамбуков ефект Черна с стъкло Φ70x76 см,,,,,,,,,,,,,,,,,,,,,,,,
mc-60657,,,,,,,,,,,,,,,,,,,,,,,,,,,,,,,,https://cdn.shopify.com/s/files/1/0925/7041/9533/files/trapezi-aloyminioy-f70-bamboo-fb9553202--6.jpg?v=1772721922,7,Алуминиева маса 70 см с бамбуков ефект Черна с стъкло Φ70x76 см,,,,,,,,,,,,,,,,,,,,,,,,
mc-60657,,,,,,,,,,,,,,,,,,,,,,,,,,,,,,,,https://cdn.shopify.com/s/files/1/0925/7041/9533/files/trapezi-aloyminioy-f70-bamboo-fb9553202--7.jpg?v=1772721922,8,Алуминиева маса 70 см с бамбуков ефект Черна с стъкло Φ70x76 см,,,,,,,,,,,,,,,,,,,,,,,,
mc-60648,Алуминиева маса 70x70 см с бамбуков ефект Кафява с стъкло,"Алуминиева маса с външен вид на бамбук, в кафяв цвят,<br>
перфектна за външни пространства с текстилен материал на повърхностите и стъкло.<br>
<br>
Размери: 70x70 см.<br>
Размери на основата: 58x58 см.<br>
<br>
Продуктът се предлага в опаковка, неразглобен, като всичко необходимо за модифицирането му е включено в опаковката.",Europe,,Маси,"RelatedColor_White patina, RelatedColor_Черен, Градински маси",true,Title,Default Title,,,,,,,,0602899,9000.0,shopify,49,deny,manual,134.00,217.00,true,true,,,,,5208067078856,https://cdn.shopify.com/s/files/1/0925/7041/9533/files/trapezi-aloyminioy-f70x76-ek-bamboo-fb95.jpg?v=1772721920,1,Алуминиева маса 70x70 см с бамбуков ефект Кафява с стъкло,false,,,,,,,,,,,,,,,,,,,,kg,,,active
mc-60648,,,,,,,,,,,,,,,,,,,,,,,,,,,,,,,,https://cdn.shopify.com/s/files/1/0925/7041/9533/files/trapezi-aloyminioy-f70x76-ek-bamboo-fb95-1.jpg?v=1772721920,2,Алуминиева маса 70x70 см с бамбуков ефект Кафява с стъкло,,,,,,,,,,,,,,,,,,,,,,,,
mc-60648,,,,,,,,,,,,,,,,,,,,,,,,,,,,,,,,https://cdn.shopify.com/s/files/1/0925/7041/9533/files/trapezi-aloyminioy-f70x76-ek-bamboo-fb95-2.jpg?v=1772721920,3,Алуминиева маса 70x70 см с бамбуков ефект Кафява с стъкло,,,,,,,,,,,,,,,,,,,,,,,,
mc-60648,,,,,,,,,,,,,,,,,,,,,,,,,,,,,,,,https://cdn.shopify.com/s/files/1/0925/7041/9533/files/trapezi-aloyminioy-f70x76-ek-bamboo-fb95-3.jpg?v=1772721920,4,Алуминиева маса 70x70 см с бамбуков ефект Кафява с стъкло,,,,,,,,,,,,,,,,,,,,,,,,
mc-60648,,,,,,,,,,,,,,,,,,,,,,,,,,,,,,,,https://cdn.shopify.com/s/files/1/0925/7041/9533/files/trapezi-aloyminioy-f70x76-ek-bamboo-fb95-4.jpg?v=1772721921,5,Алуминиева маса 70x70 см с бамбуков ефект Кафява с стъкло,,,,,,,,,,,,,,,,,,,,,,,,
mc-60648,,,,,,,,,,,,,,,,,,,,,,,,,,,,,,,,https://cdn.shopify.com/s/files/1/0925/7041/9533/files/trapezi-aloyminioy-f70x76-ek-bamboo-fb95-5.jpg?v=1772721921,6,Алуминиева маса 70x70 см с бамбуков ефект Кафява с стъкло,,,,,,,,,,,,,,,,,,,,,,,,
mc-60648,,,,,,,,,,,,,,,,,,,,,,,,,,,,,,,,https://cdn.shopify.com/s/files/1/0925/7041/9533/files/trapezi-aloyminioy-f70x76-ek-bamboo-fb95-6.jpg?v=1772721920,7,Алуминиева маса 70x70 см с бамбуков ефект Кафява с стъкло,,,,,,,,,,,,,,,,,,,,,,,,
mc-60648,,,,,,,,,,,,,,,,,,,,,,,,,,,,,,,,https://cdn.shopify.com/s/files/1/0925/7041/9533/files/trapezi-aloyminioy-f70x76-ek-bamboo-fb95-7.jpg?v=1772721920,8,Алуминиева маса 70x70 см с бамбуков ефект Кафява с стъкло,,,,,,,,,,,,,,,,,,,,,,,,
mc-60638,"КРЪГЛА АЛУМИНИЕВА МАСА Кампания МЕТАЛИК ЦВЯТ - 4-РАМЕННА ОСНОВА Φ59,5x69,5см","Кампания е кръгла маса, изцяло изработена от алуминий в МЕТАЛИЧЕН цвят, подходяща за всяко външно (или дори вътрешно) пространство. Основата ѝ е с 4 рамена с регулируеми крачета на всеки край, а повърхността покрива ръбовете. Кръглите маси са особено практични и красиви, тъй като нямат върхове и ""водещи"", нито ъгли или крака в ъглите, което често създава неудобни ситуации. Комбинирайте я с подходящи столове или фотьойли и създайте красив ансамбъл. Тя ще придаде усещане за простота на всяко външно пространство, независимо къде е поставена.<br>
<br>
РАЗМЕРИ:<br>
Φ59,5x69,5H см.<br>
Дебелина на плота: 2 см.<br>
Разстояние между краката: 34x44 см.<br>
<br>
МАТЕРИАЛ НА КОНСТРУКЦИЯТА:<br>
Алуминият има отлични механични свойства, много е устойчив на различни форми на корозия и изисква минимални разходи за поддръжка. Алуминият може да се рециклира безкрайно, като запазва характеристиките си без загуба на качество.<br>
<br>
ПОДДРЪЖКА:<br>
От горното е ясно, че не е необходима специална поддръжка. Достатъчно е почистване с влажна кърпа или дори със специални почистващи препарати.<br>
<br>
*Продуктът се доставя разглобен в заводска опаковка<br>
**Точният цвят на продукта може леко да се различава от реалния поради различните настройки на монитора.",Europe,,Маси,Градински маси,true,Title,Default Title,,,,,,,,0602890,6600.0,shopify,0,deny,manual,44.90,72.70,true,true,,,,,5208067015356,https://cdn.shopify.com/s/files/1/0925/7041/9533/files/trapezi-stroggylo-aloyminioy-fb95539-met.jpg?v=1772721916,1,"КРЪГЛА АЛУМИНИЕВА МАСА FRODO МЕТАЛИК ЦВЯТ - 4-РАМЕННА ОСНОВА Φ59,5x69,5см",false,,,,,,,,,,,,,,,,,,,,kg,,,active
mc-60638,,,,,,,,,,,,,,,,,,,,,,,,,,,,,,,,https://cdn.shopify.com/s/files/1/0925/7041/9533/files/trapezi-stroggylo-aloyminioy-fb95539-met-1.jpg?v=1772721916,2,"КРЪГЛА АЛУМИНИЕВА МАСА FRODO МЕТАЛИК ЦВЯТ - 4-РАМЕННА ОСНОВА Φ59,5x69,5см",,,,,,,,,,,,,,,,,,,,,,,,
mc-60638,,,,,,,,,,,,,,,,,,,,,,,,,,,,,,,,https://cdn.shopify.com/s/files/1/0925/7041/9533/files/trapezi-stroggylo-aloyminioy-fb95539-met-2.jpg?v=1772721916,3,"КРЪГЛА АЛУМИНИЕВА МАСА FRODO МЕТАЛИК ЦВЯТ - 4-РАМЕННА ОСНОВА Φ59,5x69,5см",,,,,,,,,,,,,,,,,,,,,,,,
mc-60638,,,,,,,,,,,,,,,,,,,,,,,,,,,,,,,,https://cdn.shopify.com/s/files/1/0925/7041/9533/files/trapezi-stroggylo-aloyminioy-fb95539-met-3.jpg?v=1772721915,4,"КРЪГЛА АЛУМИНИЕВА МАСА FRODO МЕТАЛИК ЦВЯТ - 4-РАМЕННА ОСНОВА Φ59,5x69,5см",,,,,,,,,,,,,,,,,,,,,,,,
mc-60638,,,,,,,,,,,,,,,,,,,,,,,,,,,,,,,,https://cdn.shopify.com/s/files/1/0925/7041/9533/files/trapezi-stroggylo-aloyminioy-fb95539-met-4.jpg?v=1772721916,5,"КРЪГЛА АЛУМИНИЕВА МАСА FRODO МЕТАЛИК ЦВЯТ - 4-РАМЕННА ОСНОВА Φ59,5x69,5см",,,,,,,,,,,,,,,,,,,,,,,,
mc-60638,,,,,,,,,,,,,,,,,,,,,,,,,,,,,,,,https://cdn.shopify.com/s/files/1/0925/7041/9533/files/trapezi-stroggylo-aloyminioy-fb95539-met-5.jpg?v=1772721916,6,"КРЪГЛА АЛУМИНИЕВА МАСА FRODO МЕТАЛИК ЦВЯТ - 4-РАМЕННА ОСНОВА Φ59,5x69,5см",,,,,,,,,,,,,,,,,,,,,,,,
mc-60638,,,,,,,,,,,,,,,,,,,,,,,,,,,,,,,,https://cdn.shopify.com/s/files/1/0925/7041/9533/files/trapezi-stroggylo-aloyminioy-fb95539-met-6.jpg?v=1772721916,7,"КРЪГЛА АЛУМИНИЕВА МАСА FRODO МЕТАЛИК ЦВЯТ - 4-РАМЕННА ОСНОВА Φ59,5x69,5см",,,,,,,,,,,,,,,,,,,,,,,,
mc-60638,,,,,,,,,,,,,,,,,,,,,,,,,,,,,,,,https://cdn.shopify.com/s/files/1/0925/7041/9533/files/trapezi-stroggylo-aloyminioy-fb95539-met-7.jpg?v=1772721915,8,"КРЪГЛА АЛУМИНИЕВА МАСА FRODO МЕТАЛИК ЦВЯТ - 4-РАМЕННА ОСНОВА Φ59,5x69,5см",,,,,,,,,,,,,,,,,,,,,,,,
mc-60567,Професионален шезлонг алуминий WALDO черен 195x53-60x30 см,"Професионалният плажен шезлонг WALDO в ЧЕРНО е класически и вечен модел за плажа. Той е доказал своята полезност и функционалност през годините. Конструиран е с четири (4) опорни пръта, които увеличават твърдостта на основната тръба, заварени по периметъра за по-голяма стабилност.<br>
<br>
РАЗМЕРИ:<br>
195x53-60x30H см (профил 25x1.5 мм)<br>
Максимална височина на облегалката: 83 см.<br>
Дебелина на алуминия: 1.5 мм (приблизително)<br>
Алуминиева рамка: 25x25 мм<br>
<br>
МАТЕРИАЛИ НА КОНСТРУКЦИЯТА:<br>
Винтовете, използвани при изработката на този шезлонг, са от неръждаема стомана.<br>
<br>
Рамката на шезлонга е изцяло от алуминий.<br>
<br>
Информация: Алуминият е „зелен“ материал, който може да се рециклира безкрайно, като запазва характеристиките си без загуба на качество. Алуминият естествено образува тънък оксиден слой на повърхността при контакт с въздуха, който осигурява много добра защита срещу корозия, дори в корозивна среда. Този слой може да бъде допълнително укрепен чрез повърхностна обработка като електростатично боядисване.<br>
<br>
Обшивката на шезлонга е изработена от водоустойчива подсилена текстиленова тъкан (2X1- 600гр). Това е плътна, здрава и издръжлива полиестерна тъкан. Тя е направена от полиестерни нишки, тъкани от край до край, и е покрита с PVC. Нишката на този шезлонг е с характеристика 1300 D (overnylon).<br>
<br>
„Стъпките“ за позициониране на облегалката са изработени от първичен пластмасов материал.<br>
<br>
ПОДДРЪЖКА:<br>
Благодарение на изключително издръжливите материали за конструкция, е идеално да се използва много мека кърпа или гъба, обилно количество вода и мек почистващ препарат като препарат за съдове. Не изискват специална поддръжка, тъй като не корозират. Сапун и вода са достатъчни, за да се поддържат чисти и лъскави.<br>
<br>
ПРЕДИМСТВА:<br>
Накратко:<br>
• Подрежда се един върху друг за спестяване на място при съхранение<br>
• Леки благодарение на алуминиевата конструкция<br>
• Конструкция от неръждаема стомана<br>
• Анатомичен<br>
• Минимална поддръжка както на рамката, така и на тъканта<br>
• Двойна тъкан в центъра на седалката за по-голяма издръжливост<br>
• Специални меки пластмаси на дъното за по-голяма издръжливост при съхранение<br>
• Тъкан, залепена с топлина за по-голяма издръжливост",Europe,,Шезлонги,"RelatedColor_Eag, RelatedColor_Oil color, RelatedColor_Бял, RelatedColor_Кремав, RelatedColor_Оранжев, RelatedColor_Светлосин, RelatedColor_Сив, RelatedColor_Син, RelatedColor_Червен, Шезлонги",true,Title,Default Title,,,,,,,,0614794,5500.0,shopify,614,deny,manual,80.21,129.89,true,true,,,,,5208067012300,https://cdn.shopify.com/s/files/1/0925/7041/9533/files/xaplostra-epaggelmatiki-aloyminioy-waldo_b042709a-596b-4c77-bdd9-ef7a8f715e97.jpg?v=1778014343,1,,false,,,,,,,,,,,,,,,,,,,,kg,,,active
mc-60567,,,,,,,,,,,,,,,,,,,,,,,,,,,,,,,,https://cdn.shopify.com/s/files/1/0925/7041/9533/files/xaplostra-epaggelmatiki-aloyminioy-waldo-1_927a2eaf-e49a-44d0-a6a8-17fe3685ff94.jpg?v=1778014343,2,,,,,,,,,,,,,,,,,,,,,,,,,
mc-60567,,,,,,,,,,,,,,,,,,,,,,,,,,,,,,,,https://cdn.shopify.com/s/files/1/0925/7041/9533/files/xaplostra-epaggelmatiki-aloyminioy-waldo-2_44fd3d23-67db-425d-8741-2e69211b3e9e.jpg?v=1778014343,3,,,,,,,,,,,,,,,,,,,,,,,,,
mc-60567,,,,,,,,,,,,,,,,,,,,,,,,,,,,,,,,https://cdn.shopify.com/s/files/1/0925/7041/9533/files/xaplostra-epaggelmatiki-aloyminioy-waldo-3_42cc1837-5d0c-42b9-ac9a-ae1d27e97011.jpg?v=1778014344,4,,,,,,,,,,,,,,,,,,,,,,,,,
mc-60567,,,,,,,,,,,,,,,,,,,,,,,,,,,,,,,,https://cdn.shopify.com/s/files/1/0925/7041/9533/files/xaplostra-epaggelmatiki-aloyminioy-waldo-4_1fcc8b00-d30f-47bd-b041-ddb97c15cd2a.jpg?v=1778014343,5,,,,,,,,,,,,,,,,,,,,,,,,,
mc-60567,,,,,,,,,,,,,,,,,,,,,,,,,,,,,,,,https://cdn.shopify.com/s/files/1/0925/7041/9533/files/xaplostra-epaggelmatiki-aloyminioy-waldo-5_b816cb36-b1ef-4008-98a8-6092d99120be.jpg?v=1778014343,6,,,,,,,,,,,,,,,,,,,,,,,,,
mc-60567,,,,,,,,,,,,,,,,,,,,,,,,,,,,,,,,https://cdn.shopify.com/s/files/1/0925/7041/9533/files/xaplostra-epaggelmatiki-aloyminioy-waldo-6_cf6ffed2-739d-40ec-ad96-978ac6e212c0.jpg?v=1778014343,7,,,,,,,,,,,,,,,,,,,,,,,,,
mc-60567,,,,,,,,,,,,,,,,,,,,,,,,,,,,,,,,https://cdn.shopify.com/s/files/1/0925/7041/9533/files/xaplostra-epaggelmatiki-aloyminioy-waldo-7_4373d325-3fce-4e2f-8cb9-943676af995f.jpg?v=1778014343,8,,,,,,,,,,,,,,,,,,,,,,,,,
mc-59465,"Алуминиева маса бяла с Polywood 45x45x45,5 см","Професионална маса от алуминий с 4 крака, в бял цвят с повърхност от Polywood.<br>
Polywood е материал, изработен от 100% рециклирана пластмасова дървесина и<br>
е перфектно препоръчителен както за вътрешни, така и за външни пространства.<br>
<br>
<br>
Внимание: трябва да избягвате контакт с горещи повърхности, тъй като това може да повреди продукта.<br>
<br>
<br>
<br>
Размери 45x45x45,5 см",Europe,,Маси,"RelatedColor_Сив, Градински маси",true,Title,Default Title,,,,,,,,0602814,3400.0,shopify,178,deny,manual,65.08,105.40,true,true,,,,,5208067023825,https://cdn.shopify.com/s/files/1/0925/7041/9533/files/trapezi-aloyminioy-fb9540301-leyko-me-po.jpg?v=1772721753,1,"Алуминиева маса бяла с Polywood 45x45x45,5 см",false,,,,,,,,,,,,,,,,,,,,kg,,,active
mc-59465,,,,,,,,,,,,,,,,,,,,,,,,,,,,,,,,https://cdn.shopify.com/s/files/1/0925/7041/9533/files/trapezi-aloyminioy-fb9540301-leyko-me-po-1.jpg?v=1772721753,2,"Алуминиева маса бяла с Polywood 45x45x45,5 см",,,,,,,,,,,,,,,,,,,,,,,,
mc-59465,,,,,,,,,,,,,,,,,,,,,,,,,,,,,,,,https://cdn.shopify.com/s/files/1/0925/7041/9533/files/trapezi-aloyminioy-fb9540301-leyko-me-po-2.jpg?v=1772721753,3,"Алуминиева маса бяла с Polywood 45x45x45,5 см",,,,,,,,,,,,,,,,,,,,,,,,
mc-59465,,,,,,,,,,,,,,,,,,,,,,,,,,,,,,,,https://cdn.shopify.com/s/files/1/0925/7041/9533/files/trapezi-aloyminioy-fb9540301-leyko-me-po-3.jpg?v=1772721756,4,"Алуминиева маса бяла с Polywood 45x45x45,5 см",,,,,,,,,,,,,,,,,,,,,,,,
mc-59465,,,,,,,,,,,,,,,,,,,,,,,,,,,,,,,,https://cdn.shopify.com/s/files/1/0925/7041/9533/files/trapezi-aloyminioy-fb9540301-leyko-me-po-4.jpg?v=1772721753,5,"Алуминиева маса бяла с Polywood 45x45x45,5 см",,,,,,,,,,,,,,,,,,,,,,,,
mc-58750,"Алуминиева маса сива с полиуд 45x45x45,5 см","Професионална алуминиева маса с 4 крака, в сив цвят с повърхност от Polywood.<br>
Polywood е материал, изработен от 100% рециклирана пластмасова дървесина и<br>
е идеално препоръчителен както за вътрешни, така и за външни пространства.<br>
<br>
<br>
Внимание: трябва да избягвате контакт с горещи повърхности, тъй като това може да повреди продукта.<br>
<br>
<br>
<br>
Размери 45x45x45,5 см",Europe,,Маси,"RelatedColor_Бял, Градински маси",true,Title,Default Title,,,,,,,,0602813,3400.0,shopify,117,deny,manual,65.08,105.40,true,true,,,,,5208067065863,https://cdn.shopify.com/s/files/1/0925/7041/9533/files/trapezi-aloyminioy-fb9540302-gkri-me-pol.jpg?v=1772721706,1,"Алуминиева маса сива с полиуд 45x45x45,5 см",false,,,,,,,,,,,,,,,,,,,,kg,,,active
mc-58750,,,,,,,,,,,,,,,,,,,,,,,,,,,,,,,,https://cdn.shopify.com/s/files/1/0925/7041/9533/files/trapezi-aloyminioy-fb9540302-gkri-me-pol-1.jpg?v=1772721706,2,"Алуминиева маса сива с полиуд 45x45x45,5 см",,,,,,,,,,,,,,,,,,,,,,,,
mc-58750,,,,,,,,,,,,,,,,,,,,,,,,,,,,,,,,https://cdn.shopify.com/s/files/1/0925/7041/9533/files/trapezi-aloyminioy-fb9540302-gkri-me-pol-2.jpg?v=1772721706,3,"Алуминиева маса сива с полиуд 45x45x45,5 см",,,,,,,,,,,,,,,,,,,,,,,,
mc-58750,,,,,,,,,,,,,,,,,,,,,,,,,,,,,,,,https://cdn.shopify.com/s/files/1/0925/7041/9533/files/trapezi-aloyminioy-fb9540302-gkri-me-pol-3.jpg?v=1772721706,4,"Алуминиева маса сива с полиуд 45x45x45,5 см",,,,,,,,,,,,,,,,,,,,,,,,
mc-58750,,,,,,,,,,,,,,,,,,,,,,,,,,,,,,,,https://cdn.shopify.com/s/files/1/0925/7041/9533/files/trapezi-aloyminioy-fb9540302-gkri-me-pol-4.jpg?v=1772721706,5,"Алуминиева маса сива с полиуд 45x45x45,5 см",,,,,,,,,,,,,,,,,,,,,,,,
mc-58750,,,,,,,,,,,,,,,,,,,,,,,,,,,,,,,,https://cdn.shopify.com/s/files/1/0925/7041/9533/files/trapezi-aloyminioy-fb9540302-gkri-me-pol-5.jpg?v=1772721706,6,"Алуминиева маса сива с полиуд 45x45x45,5 см",,,,,,,,,,,,,,,,,,,,,,,,
mc-58642,"Професионален шезлонг KEA алуминий и текстилен в бял цвят 59,5x102,5x94H см.","Сгъваемият шезлонг KEA е един от най-класическите мебели за открито. По същество това е седалка, нещо между фотьойл и шезлонг. Това е нищо повече от познатия ни от древни времена шезлонг. Следователно, това е специален вид диван под формата на стол, който обаче има и опора за краката. Очевидно този стол е свързан директно с лятото, плажовете и изобщо с конструкция, която предлага комфорт, почивка и безгрижие.<br>
Този модел има класически дизайн с облегалка, която поддържа тялото, и допълнителна възглавница за глава, както и 5-степенен механизъм за накланяне. Цветът му е БЯЛ както в рамката, така и в текстилена.<br>
<br>
РАЗМЕРИ:<br>
59.5x102.5x94H см.<br>
Разстояние между краката: 56x96.5-102 см.<br>
Височина на седалката: 32.5-39 см.<br>
Височина на облегалката: 75-91 см.<br>
Спецификации на алуминия: 35X18/30X15/25, дебелина 1.5мм.<br>
<br>
МАТЕРИАЛИ НА КОНСТРУКЦИЯТА:<br>
Шезлонгът е изработен от алуминий. Алуминият е метал с отлични механични свойства и много устойчив на различни форми на корозия по природа и изисква минимални разходи за поддръжка.<br>
Текстиленът е плътна, здрава и издръжлива полиестерна тъкан. Това означава, че е направена от полиестерни нишки, тъкани от край до край, и е покрита с PVC.<br>
<br>
ПОДДРЪЖКА:<br>
Достатъчно е да се избърше с леко влажна кърпа, за да изглежда като нов.<br>
ПРЕПОРЪЧВА СЕ ЗА ПРОФЕСИОНАЛНА УПОТРЕБА ПОРАДИ МАТЕРИАЛА НА КОНСТРУКЦИЯТА И ЗАЩОТО Е СГЪВАЕМ<br>
**Точният цвят на продукта може леко да се различава от реалния продукт поради различните настройки на монитора.",Europe,,Дек стол,"RelatedColor_Сив, RelatedColor_Син, Шезлонги",true,Title,Default Title,,,,,,,,0514384,3600.0,shopify,224,deny,manual,59.15,95.79,true,true,,,,,5208067013918,https://cdn.shopify.com/s/files/1/0925/7041/9533/files/sezlongk-epaggelmatiki-leyki-me-maxilari.jpg?v=1772721690,1,"Професионален шезлонг KEA алуминий и текстилен в бял цвят 59,5x102,5x94H см.",false,,,,,,,,,,,,,,,,,,,,kg,,,active
mc-58642,,,,,,,,,,,,,,,,,,,,,,,,,,,,,,,,https://cdn.shopify.com/s/files/1/0925/7041/9533/files/sezlongk-epaggelmatiki-leyki-me-maxilari-1.jpg?v=1772721690,2,"Професионален шезлонг KEA алуминий и текстилен в бял цвят 59,5x102,5x94H см.",,,,,,,,,,,,,,,,,,,,,,,,
mc-58642,,,,,,,,,,,,,,,,,,,,,,,,,,,,,,,,https://cdn.shopify.com/s/files/1/0925/7041/9533/files/sezlongk-epaggelmatiki-leyki-me-maxilari-2.jpg?v=1772721689,3,"Професионален шезлонг KEA алуминий и текстилен в бял цвят 59,5x102,5x94H см.",,,,,,,,,,,,,,,,,,,,,,,,
mc-58642,,,,,,,,,,,,,,,,,,,,,,,,,,,,,,,,https://cdn.shopify.com/s/files/1/0925/7041/9533/files/sezlongk-epaggelmatiki-leyki-me-maxilari-3.jpg?v=1772721690,4,"Професионален шезлонг KEA алуминий и текстилен в бял цвят 59,5x102,5x94H см.",,,,,,,,,,,,,,,,,,,,,,,,
mc-58642,,,,,,,,,,,,,,,,,,,,,,,,,,,,,,,,https://cdn.shopify.com/s/files/1/0925/7041/9533/files/sezlongk-epaggelmatiki-leyki-me-maxilari-4.jpg?v=1772721690,5,"Професионален шезлонг KEA алуминий и текстилен в бял цвят 59,5x102,5x94H см.",,,,,,,,,,,,,,,,,,,,,,,,
mc-58642,,,,,,,,,,,,,,,,,,,,,,,,,,,,,,,,https://cdn.shopify.com/s/files/1/0925/7041/9533/files/sezlongk-epaggelmatiki-leyki-me-maxilari-5.jpg?v=1772721690,6,"Професионален шезлонг KEA алуминий и текстилен в бял цвят 59,5x102,5x94H см.",,,,,,,,,,,,,,,,,,,,,,,,
mc-58642,,,,,,,,,,,,,,,,,,,,,,,,,,,,,,,,https://cdn.shopify.com/s/files/1/0925/7041/9533/files/sezlongk-epaggelmatiki-leyki-me-maxilari-6.jpg?v=1772721690,7,"Професионален шезлонг KEA алуминий и текстилен в бял цвят 59,5x102,5x94H см.",,,,,,,,,,,,,,,,,,,,,,,,
mc-58642,,,,,,,,,,,,,,,,,,,,,,,,,,,,,,,,https://cdn.shopify.com/s/files/1/0925/7041/9533/files/sezlongk-epaggelmatiki-leyki-me-maxilari-7.jpg?v=1772721690,8,"Професионален шезлонг KEA алуминий и текстилен в бял цвят 59,5x102,5x94H см.",,,,,,,,,,,,,,,,,,,,,,,,
mc-58642,,,,,,,,,,,,,,,,,,,,,,,,,,,,,,,,https://cdn.shopify.com/s/files/1/0925/7041/9533/files/sezlongk-epaggelmatiki-leyki-me-maxilari-8.jpg?v=1772721689,9,"Професионален шезлонг KEA алуминий и текстилен в бял цвят 59,5x102,5x94H см.",,,,,,,,,,,,,,,,,,,,,,,,
mc-56456,Маса металик кафява 150X90x72,"Метална маса за външни пространства със защитно стъкло.<br>
<br>
Размери: 150x90x72 см<br>
Цвят: кафяв<br>
<br>
Продуктът се предлага в опаковка без промени.",Europe,,Маси,"RelatedColor_Сив, Градински маси",true,Title,Default Title,,,,,,,,0602739,24500.0,shopify,245,deny,manual,73.89,119.66,true,true,,,,,5208067007115,https://cdn.shopify.com/s/files/1/0925/7041/9533/files/trapezi-metalliko-bruno-orthogonio-kafe.jpg?v=1772717629,1,Маса металик кафява 150X90x72,false,,,,,,,,,,,,,,,,,,,,kg,,,active
mc-56456,,,,,,,,,,,,,,,,,,,,,,,,,,,,,,,,https://cdn.shopify.com/s/files/1/0925/7041/9533/files/trapezi-metalliko-bruno-orthogonio-kafe--1.jpg?v=1772717630,2,Маса металик кафява 150X90x72,,,,,,,,,,,,,,,,,,,,,,,,
mc-56456,,,,,,,,,,,,,,,,,,,,,,,,,,,,,,,,https://cdn.shopify.com/s/files/1/0925/7041/9533/files/trapezi-metalliko-bruno-orthogonio-kafe--2.jpg?v=1772717629,3,Маса металик кафява 150X90x72,,,,,,,,,,,,,,,,,,,,,,,,
mc-56456,,,,,,,,,,,,,,,,,,,,,,,,,,,,,,,,https://cdn.shopify.com/s/files/1/0925/7041/9533/files/trapezi-metalliko-bruno-orthogonio-kafe--3.jpg?v=1772717630,4,Маса металик кафява 150X90x72,,,,,,,,,,,,,,,,,,,,,,,,
mc-56456,,,,,,,,,,,,,,,,,,,,,,,,,,,,,,,,https://cdn.shopify.com/s/files/1/0925/7041/9533/files/trapezi-metalliko-bruno-orthogonio-kafe--4.jpg?v=1772717629,5,Маса металик кафява 150X90x72,,,,,,,,,,,,,,,,,,,,,,,,
mc-56349,Комплект трапезна маса 3 части столове и маса,"Комплектът включва <br>
Метална маса за открити пространства в кафяв цвят със закалено стъкло.<br>
<br>
Размери на масата: Φ60x72 см<br>
<br>
2 кресла за открити пространства с метална рамка в кафяв цвят с текстилен материал 2x1 с висока издръжливост на слънце и дъжд.<br>
Размери на креслото: 54x70x93 см<br>
Височина на седалката: 43 см<br>
Височина на подлакътниците: 59 см",Europe,,Комплекти трапезни маси,"RelatedColor_Сив, Градински комплект за хранене",true,Title,Default Title,,,,,,,,9998670,16500.0,shopify,262,deny,manual,63.75,103.23,true,true,,,,,,https://cdn.shopify.com/s/files/1/0925/7041/9533/files/set-trapezaria-3tmch-karekles-hm500002-k.jpg?v=1772717625,1,Комплект трапезна маса 3 части столове и маса,false,,,,,,,,,,,,,,,,,,,,kg,,,active
mc-56349,,,,,,,,,,,,,,,,,,,,,,,,,,,,,,,,https://cdn.shopify.com/s/files/1/0925/7041/9533/files/set-trapezaria-3tmch-karekles-hm500002-k-1.jpg?v=1772717625,2,Комплект трапезна маса 3 части столове и маса,,,,,,,,,,,,,,,,,,,,,,,,
mc-56349,,,,,,,,,,,,,,,,,,,,,,,,,,,,,,,,https://cdn.shopify.com/s/files/1/0925/7041/9533/files/set-trapezaria-3tmch-karekles-hm500002-k-2.jpg?v=1772717625,3,Комплект трапезна маса 3 части столове и маса,,,,,,,,,,,,,,,,,,,,,,,,
mc-56349,,,,,,,,,,,,,,,,,,,,,,,,,,,,,,,,https://cdn.shopify.com/s/files/1/0925/7041/9533/files/set-trapezaria-3tmch-karekles-hm500002-k-3.jpg?v=1772717626,4,Комплект трапезна маса 3 части столове и маса,,,,,,,,,,,,,,,,,,,,,,,,
mc-56349,,,,,,,,,,,,,,,,,,,,,,,,,,,,,,,,https://cdn.shopify.com/s/files/1/0925/7041/9533/files/set-trapezaria-3tmch-karekles-hm500002-k-4.jpg?v=1772717626,5,Комплект трапезна маса 3 части столове и маса,,,,,,,,,,,,,,,,,,,,,,,,
mc-56321,Метална маса Сива 150X90Х72,"Метална маса за открити пространства със защитно стъкло.<br>
<br>
Размери: 150x90x72 см<br>
Цвят сив<br>
<br>
<br>
Продуктът се предлага в опаковка без промени.",Europe,,Маси,"RelatedColor_Кафяв, Градински маси",true,Title,Default Title,,,,,,,,0602738,24500.0,shopify,335,deny,manual,73.89,119.66,true,true,,,,,5208067007108,https://cdn.shopify.com/s/files/1/0925/7041/9533/files/trapezi-bruno-150x90ch72yek-gkri-metalli.jpg?v=1772717617,1,Метална маса Сива 150X90Х72,false,,,,,,,,,,,,,,,,,,,,kg,,,active
mc-56321,,,,,,,,,,,,,,,,,,,,,,,,,,,,,,,,https://cdn.shopify.com/s/files/1/0925/7041/9533/files/trapezi-bruno-150x90ch72yek-gkri-metalli-1.jpg?v=1772717617,2,Метална маса Сива 150X90Х72,,,,,,,,,,,,,,,,,,,,,,,,
mc-56321,,,,,,,,,,,,,,,,,,,,,,,,,,,,,,,,https://cdn.shopify.com/s/files/1/0925/7041/9533/files/trapezi-bruno-150x90ch72yek-gkri-metalli-2.jpg?v=1772717617,3,Метална маса Сива 150X90Х72,,,,,,,,,,,,,,,,,,,,,,,,
mc-56321,,,,,,,,,,,,,,,,,,,,,,,,,,,,,,,,https://cdn.shopify.com/s/files/1/0925/7041/9533/files/trapezi-bruno-150x90ch72yek-gkri-metalli-3.jpg?v=1772717617,4,Метална маса Сива 150X90Х72,,,,,,,,,,,,,,,,,,,,,,,,
mc-56320,Метална маса Кафява '70x70,"Маса за открити пространства в сив цвят със защитно стъкло.<br>
<br>
<br>
Размери: 70x70 см<br>
Цвят кафяв<br>
<br>
Продуктът се предлага в опаковка без промени с инструкции за сглобяване.",Europe,,Маси,"RelatedColor_Черен, Градински маси",true,Title,Default Title,,,,,,,,0602737,8500.0,shopify,0,deny,manual,29.39,47.59,true,true,,,,,5208067054645,https://cdn.shopify.com/s/files/1/0925/7041/9533/files/trapezi-lima-f70ch70yek-metalliko-kafe-m.jpg?v=1772717616,1,Метална маса Кафява '70x70,false,,,,,,,,,,,,,,,,,,,,kg,,,active
mc-56320,,,,,,,,,,,,,,,,,,,,,,,,,,,,,,,,https://cdn.shopify.com/s/files/1/0925/7041/9533/files/trapezi-lima-f70ch70yek-metalliko-kafe-m-1.jpg?v=1772717616,2,Метална маса Кафява '70x70,,,,,,,,,,,,,,,,,,,,,,,,
mc-56320,,,,,,,,,,,,,,,,,,,,,,,,,,,,,,,,https://cdn.shopify.com/s/files/1/0925/7041/9533/files/trapezi-lima-f70ch70yek-metalliko-kafe-m-2.jpg?v=1772717616,3,Метална маса Кафява '70x70,,,,,,,,,,,,,,,,,,,,,,,,
mc-56320,,,,,,,,,,,,,,,,,,,,,,,,,,,,,,,,https://cdn.shopify.com/s/files/1/0925/7041/9533/files/trapezi-lima-f70ch70yek-metalliko-kafe-m-3.jpg?v=1772717617,4,Метална маса Кафява '70x70,,,,,,,,,,,,,,,,,,,,,,,,
mc-56320,,,,,,,,,,,,,,,,,,,,,,,,,,,,,,,,https://cdn.shopify.com/s/files/1/0925/7041/9533/files/trapezi-lima-f70ch70yek-metalliko-kafe-m-4.jpg?v=1772717617,5,Метална маса Кафява '70x70,,,,,,,,,,,,,,,,,,,,,,,,
mc-56320,,,,,,,,,,,,,,,,,,,,,,,,,,,,,,,,https://cdn.shopify.com/s/files/1/0925/7041/9533/files/trapezi-lima-f70ch70yek-metalliko-kafe-m-5.jpg?v=1772717616,6,Метална маса Кафява '70x70,,,,,,,,,,,,,,,,,,,,,,,,
mc-56320,,,,,,,,,,,,,,,,,,,,,,,,,,,,,,,,https://cdn.shopify.com/s/files/1/0925/7041/9533/files/trapezi-lima-f70ch70yek-metalliko-kafe-m-6.jpg?v=1772717616,7,Метална маса Кафява '70x70,,,,,,,,,,,,,,,,,,,,,,,,
mc-56319,Метална маса Сива '70x70,"Маса за открити пространства в сив цвят със защитно стъкло.<br>
<br>
<br>
Размери: 70x70 см<br>
Цвят сив<br>
<br>
<br>
Продуктът се предлага в опаковка без промени с инструкции за сглобяване.",Europe,,Маси,"RelatedColor_Черен, Градински маси",true,Title,Default Title,,,,,,,,0602736,9000.0,shopify,237,deny,manual,29.39,47.59,true,true,,,,,5208067054638,https://cdn.shopify.com/s/files/1/0925/7041/9533/files/trapezi-lima-f70ch70yekmetalliko-gkri-me.jpg?v=1772717616,1,Метална маса Сива '70x70,false,,,,,,,,,,,,,,,,,,,,kg,,,active
mc-56319,,,,,,,,,,,,,,,,,,,,,,,,,,,,,,,,https://cdn.shopify.com/s/files/1/0925/7041/9533/files/trapezi-lima-f70ch70yekmetalliko-gkri-me-1.jpg?v=1772717616,2,Метална маса Сива '70x70,,,,,,,,,,,,,,,,,,,,,,,,
mc-56319,,,,,,,,,,,,,,,,,,,,,,,,,,,,,,,,https://cdn.shopify.com/s/files/1/0925/7041/9533/files/trapezi-lima-f70ch70yekmetalliko-gkri-me-2.jpg?v=1772717616,3,Метална маса Сива '70x70,,,,,,,,,,,,,,,,,,,,,,,,
mc-56319,,,,,,,,,,,,,,,,,,,,,,,,,,,,,,,,https://cdn.shopify.com/s/files/1/0925/7041/9533/files/trapezi-lima-f70ch70yekmetalliko-gkri-me-3.jpg?v=1772717616,4,Метална маса Сива '70x70,,,,,,,,,,,,,,,,,,,,,,,,
mc-56319,,,,,,,,,,,,,,,,,,,,,,,,,,,,,,,,https://cdn.shopify.com/s/files/1/0925/7041/9533/files/trapezi-lima-f70ch70yekmetalliko-gkri-me-4.jpg?v=1772717616,5,Метална маса Сива '70x70,,,,,,,,,,,,,,,,,,,,,,,,
mc-56319,,,,,,,,,,,,,,,,,,,,,,,,,,,,,,,,https://cdn.shopify.com/s/files/1/0925/7041/9533/files/trapezi-lima-f70ch70yekmetalliko-gkri-me-5.jpg?v=1772717616,6,Метална маса Сива '70x70,,,,,,,,,,,,,,,,,,,,,,,,
mc-54822,"Режисьорски стол алуминий Менорка бял цвят 57x48,5x85.5Hсм","Менорка е класически, сигурен избор на седалка, който гърците предпочитат пред други седалки за лятото и особено за външна употреба. Не е необходима специална характеристика, тъй като всеки познава този сгъваем стол с подлакътници. Менорка е изработен от алуминий и текстилен плат в БЯЛ цвят и може много лесно да се комбинира с всякакъв вид декоративен мотив, който изберете за вашето пространство, било то дворът или балконът на дома ви, или вашето професионално пространство.<br>
<br>
РАЗМЕРИ:<br>
Размери: 57x48.5x85.5H см.<br>
Височина на седалката 47.5 см.<br>
Височина на подлакътниците: 63 см.<br>
Спецификации на алуминия: 40x15/30x19/28x14 мм<br>
<br>
МАТЕРИАЛИ ЗА ИЗРАБОТКА:<br>
Столът Менорка е изработен от алуминий с електростатично боядисване.<br>
Инфо2: Алуминият е ""зелен"" материал, който може да се рециклира безкрайно, запазвайки характеристиките си без никакво влошаване на качеството. Алуминият е по природа устойчив на корозия, дори в корозивни среди.<br>
Инфо3: Праховото покритие представлява нанасяне на сух прах чрез електростатичен процес, който след това се ""свързва"" с метала чрез топлина. То е известно с висококачествените си покрития както по функционалност, така и по външен вид.<br>
Обшивката на стола е направена от водоустойчив подсилен текстилен плат 2X1. Това е дебела, здрава и издръжлива полиестерна тъкан. Това означава, че е изработена от полиестерни нишки, тъкани от край до край, и е покрита с PVC.<br>
<br>
ПОДДРЪЖКА:<br>
Столът е много лесен за поддръжка. Едно избърсване с леко влажна кърпа е достатъчно, за да изглежда като нов.<br>
<br>
ПРЕДИМСТВА:<br>
Той е здрав и ще ви осигури часове релакс и безгрижие. Разбира се, голямата му популярност се дължи и на факта, че е сгъваем, което означава, че когато е ""сгънат"" може да се съхранява на големи количества. Затова е подходящ за всякакъв вид хотел, airbnb, наем за настаняване, кафене, офиси, кафенета и е особено подходящ за всяко външно пространство.<br>
<br>
** Цветопредаването на продукта може да се различава леко от фотографското му представяне на вашия екран.",Europe,,Столове-Фотьойли,"RelatedColor_Сив, Градински столове",true,Title,Default Title,,,,,,,,0614550,3800.0,shopify,125,deny,manual,70.83,114.70,true,true,,,,,5208067013871,https://cdn.shopify.com/s/files/1/0925/7041/9533/files/polythrona-skinotheti-aloyminioy-leyki-f.jpg?v=1772717561,1,"Режисьорски стол алуминий DUPRE бял цвят 57x48,5x85.5Hсм",false,,,,,,,,,,,,,,,,,,,,kg,,,active
mc-54822,,,,,,,,,,,,,,,,,,,,,,,,,,,,,,,,https://cdn.shopify.com/s/files/1/0925/7041/9533/files/polythrona-skinotheti-aloyminioy-leyki-f-1.jpg?v=1772717561,2,"Режисьорски стол алуминий DUPRE бял цвят 57x48,5x85.5Hсм",,,,,,,,,,,,,,,,,,,,,,,,
mc-54822,,,,,,,,,,,,,,,,,,,,,,,,,,,,,,,,https://cdn.shopify.com/s/files/1/0925/7041/9533/files/polythrona-skinotheti-aloyminioy-leyki-f-2.jpg?v=1772717561,3,"Режисьорски стол алуминий DUPRE бял цвят 57x48,5x85.5Hсм",,,,,,,,,,,,,,,,,,,,,,,,
mc-54822,,,,,,,,,,,,,,,,,,,,,,,,,,,,,,,,https://cdn.shopify.com/s/files/1/0925/7041/9533/files/polythrona-skinotheti-aloyminioy-leyki-f-3.jpg?v=1772717560,4,"Режисьорски стол алуминий DUPRE бял цвят 57x48,5x85.5Hсм",,,,,,,,,,,,,,,,,,,,,,,,
mc-54822,,,,,,,,,,,,,,,,,,,,,,,,,,,,,,,,https://cdn.shopify.com/s/files/1/0925/7041/9533/files/polythrona-skinotheti-aloyminioy-leyki-f-4.jpg?v=1772717561,5,"Режисьорски стол алуминий DUPRE бял цвят 57x48,5x85.5Hсм",,,,,,,,,,,,,,,,,,,,,,,,
mc-54822,,,,,,,,,,,,,,,,,,,,,,,,,,,,,,,,https://cdn.shopify.com/s/files/1/0925/7041/9533/files/polythrona-skinotheti-aloyminioy-leyki-f-5.jpg?v=1772717561,6,"Режисьорски стол алуминий DUPRE бял цвят 57x48,5x85.5Hсм",,,,,,,,,,,,,,,,,,,,,,,,
mc-54821,"Режисьорски стол алуминий Менорка сив цвят 57x48,5x85.5Hсм","Менорка е класически, сигурен избор за сядане, предпочитан от гърците през лятото и особено за външна употреба. Не е необходима специална презентация, тъй като всеки познава този сгъваем стол с подлакътници. Менорка е изработен от алуминий и текстилен плат в сив цвят и може много лесно да се комбинира с всякакъв вид декоративен стил, който изберете за вашето пространство, било то двор, балкон на дома ви или професионално помещение.<br>
<br>
РАЗМЕРИ:<br>
Размери: 57x48.5x85.5H см.<br>
Височина на седалката: 47.5 см.<br>
Височина на подлакътниците: 63 см.<br>
Спецификации на алуминия: 40x15/30x19/28x14 мм<br>
<br>
МАТЕРИАЛИ ЗА КОНСТРУКЦИЯ:<br>
Столът Менорка е изработен от алуминий с електростатично боядисване.<br>
Информация 2: Алуминият е „зелен“ материал, който може да се рециклира безкрайно, запазвайки характеристиките си без загуба на качество. Алуминият е естествено устойчив на корозия, дори в корозивни среди.<br>
Информация 3: Праховото боядисване е нанасяне на сух прах чрез електростатичен процес, който след това се „свързва“ с метала чрез топлина. Известно е с висококачествените си покрития както по функционалност, така и по външен вид.<br>
Обшивката на стола е направена от водоустойчив подсилен текстилен плат 2X1. Това е дебела, здрава и издръжлива полиестерна тъкан. Тя е изработена от полиестерни нишки, тъкани от край до край, и е покрита с PVC.<br>
<br>
ПОДДРЪЖКА:<br>
Столът е много лесен за поддръжка. Избърсването с леко влажна кърпа е достатъчно, за да изглежда като нов.<br>
<br>
ПРЕДИМСТВА:<br>
Той е здрав и ще ви осигури часове релакс и безгрижие. Разбира се, голямата му популярност се дължи и на факта, че е сгъваем, което означава, че когато е „сгънат“, може да се съхранява на големи количества. Затова е подходящ за всякакъв тип хотели, airbnb, наеми, кафенета, офиси и е особено подходящ за всяко открито пространство.<br>
<br>
** Цветопредаването на продукта може леко да се различава от фотографското му представяне на вашия екран.",Europe,,Столове-Фотьойли,"RelatedColor_Бял, Градински столове",true,Title,Default Title,,,,,,,,0614549,3800.0,shopify,464,deny,manual,70.83,114.70,true,true,,,,,5208067013857,https://cdn.shopify.com/s/files/1/0925/7041/9533/files/polythrona-skinotheti-aloyminioy-gkri-fb.jpg?v=1772717560,1,"Режисьорски стол алуминий DUPRE сив цвят 57x48,5x85.5Hсм",false,,,,,,,,,,,,,,,,,,,,kg,,,active
mc-54821,,,,,,,,,,,,,,,,,,,,,,,,,,,,,,,,https://cdn.shopify.com/s/files/1/0925/7041/9533/files/polythrona-skinotheti-aloyminioy-gkri-fb-1.jpg?v=1772717560,2,"Режисьорски стол алуминий DUPRE сив цвят 57x48,5x85.5Hсм",,,,,,,,,,,,,,,,,,,,,,,,
mc-54821,,,,,,,,,,,,,,,,,,,,,,,,,,,,,,,,https://cdn.shopify.com/s/files/1/0925/7041/9533/files/polythrona-skinotheti-aloyminioy-gkri-fb-2.jpg?v=1772717560,3,"Режисьорски стол алуминий DUPRE сив цвят 57x48,5x85.5Hсм",,,,,,,,,,,,,,,,,,,,,,,,
mc-54821,,,,,,,,,,,,,,,,,,,,,,,,,,,,,,,,https://cdn.shopify.com/s/files/1/0925/7041/9533/files/polythrona-skinotheti-aloyminioy-gkri-fb-3.jpg?v=1772717560,4,"Режисьорски стол алуминий DUPRE сив цвят 57x48,5x85.5Hсм",,,,,,,,,,,,,,,,,,,,,,,,
mc-54821,,,,,,,,,,,,,,,,,,,,,,,,,,,,,,,,https://cdn.shopify.com/s/files/1/0925/7041/9533/files/polythrona-skinotheti-aloyminioy-gkri-fb-4.jpg?v=1772717560,5,"Режисьорски стол алуминий DUPRE сив цвят 57x48,5x85.5Hсм",,,,,,,,,,,,,,,,,,,,,,,,
mc-54821,,,,,,,,,,,,,,,,,,,,,,,,,,,,,,,,https://cdn.shopify.com/s/files/1/0925/7041/9533/files/polythrona-skinotheti-aloyminioy-gkri-fb-5.jpg?v=1772717560,6,"Режисьорски стол алуминий DUPRE сив цвят 57x48,5x85.5Hсм",,,,,,,,,,,,,,,,,,,,,,,,
mc-54821,,,,,,,,,,,,,,,,,,,,,,,,,,,,,,,,https://cdn.shopify.com/s/files/1/0925/7041/9533/files/polythrona-skinotheti-aloyminioy-gkri-fb-6.jpg?v=1772717561,7,"Режисьорски стол алуминий DUPRE сив цвят 57x48,5x85.5Hсм",,,,,,,,,,,,,,,,,,,,,,,,
mc-54821,,,,,,,,,,,,,,,,,,,,,,,,,,,,,,,,https://cdn.shopify.com/s/files/1/0925/7041/9533/files/polythrona-skinotheti-aloyminioy-gkri-fb-7.jpg?v=1772717560,8,"Режисьорски стол алуминий DUPRE сив цвят 57x48,5x85.5Hсм",,,,,,,,,,,,,,,,,,,,,,,,
mc-54821,,,,,,,,,,,,,,,,,,,,,,,,,,,,,,,,https://cdn.shopify.com/s/files/1/0925/7041/9533/files/polythrona-skinotheti-aloyminioy-gkri-fb-8.jpg?v=1772717560,9,"Режисьорски стол алуминий DUPRE сив цвят 57x48,5x85.5Hсм",,,,,,,,,,,,,,,,,,,,,,,,
mc-54821,,,,,,,,,,,,,,,,,,,,,,,,,,,,,,,,https://cdn.shopify.com/s/files/1/0925/7041/9533/files/polythrona-skinotheti-aloyminioy-gkri-fb-9.jpg?v=1772717560,10,"Режисьорски стол алуминий DUPRE сив цвят 57x48,5x85.5Hсм",,,,,,,,,,,,,,,,,,,,,,,,
mc-54348,Комплект за хранене 3 части с 2 стола и маса,"Комплектът включва <br>
Масичка от метал за външни пространства в сив цвят със закалено стъкло.<br>
<br>
Размери на масата: 60x72 см <br>
<br>
2 фотьойла за външни пространства с метална рамка в сив цвят с текстилен материал 2x1 и висока издръжливост на слънце и дъжд.<br>
Размери на седалката: 54x70x93 см<br>
Височина на седалката: 43 см<br>
Височина на подлакътниците: 59 см",Europe,,Комплекти трапезни маси,"RelatedColor_Кафяв, Градински комплект за хранене",true,Title,Default Title,,,,,,,,9998493,14600.0,shopify,69,deny,manual,63.75,103.23,true,true,,,,,,https://cdn.shopify.com/s/files/1/0925/7041/9533/files/set-trapezarias-metalliko-3tmch-me-2-kar.jpg?v=1772717552,1,Комплект за хранене 3 части с 2 стола и маса,false,,,,,,,,,,,,,,,,,,,,kg,,,active
mc-54348,,,,,,,,,,,,,,,,,,,,,,,,,,,,,,,,https://cdn.shopify.com/s/files/1/0925/7041/9533/files/set-trapezarias-metalliko-3tmch-me-2-kar-1.jpg?v=1772717552,2,Комплект за хранене 3 части с 2 стола и маса,,,,,,,,,,,,,,,,,,,,,,,,
mc-54348,,,,,,,,,,,,,,,,,,,,,,,,,,,,,,,,https://cdn.shopify.com/s/files/1/0925/7041/9533/files/set-trapezarias-metalliko-3tmch-me-2-kar-2.jpg?v=1772717552,3,Комплект за хранене 3 части с 2 стола и маса,,,,,,,,,,,,,,,,,,,,,,,,
mc-54348,,,,,,,,,,,,,,,,,,,,,,,,,,,,,,,,https://cdn.shopify.com/s/files/1/0925/7041/9533/files/set-trapezarias-metalliko-3tmch-me-2-kar-3.jpg?v=1772717552,4,Комплект за хранене 3 части с 2 стола и маса,,,,,,,,,,,,,,,,,,,,,,,,
mc-54348,,,,,,,,,,,,,,,,,,,,,,,,,,,,,,,,https://cdn.shopify.com/s/files/1/0925/7041/9533/files/set-trapezarias-metalliko-3tmch-me-2-kar-4.jpg?v=1772717553,5,Комплект за хранене 3 части с 2 стола и маса,,,,,,,,,,,,,,,,,,,,,,,,
mc-54036,Маса Bruno Металик Кафяв 140x80x72,"Метална маса за външни пространства със закалено стъкло за сигурност.<br>
<br>
Размери: 140x80x72 см<br>
Цвят Кафяв<br>
Bruno<br>
<br>
Продуктът се предлага в опаковка без промени с инструкции за монтаж.",Europe,,Маси,"RelatedColor_Champagne, Градински маси",true,Title,Default Title,,,,,,,,0602712,20500.0,shopify,377,deny,manual,57.24,92.69,true,true,,,,,5208067007078,https://cdn.shopify.com/s/files/1/0925/7041/9533/files/trapezi-bruno-metalliko-kafe-140ch80ch72.jpg?v=1772717514,1,Маса Bruno Металик Кафяв 140x80x72,false,,,,,,,,,,,,,,,,,,,,kg,,,active
mc-54036,,,,,,,,,,,,,,,,,,,,,,,,,,,,,,,,https://cdn.shopify.com/s/files/1/0925/7041/9533/files/trapezi-bruno-metalliko-kafe-140ch80ch72-1.jpg?v=1772717515,2,Маса Bruno Металик Кафяв 140x80x72,,,,,,,,,,,,,,,,,,,,,,,,
mc-54036,,,,,,,,,,,,,,,,,,,,,,,,,,,,,,,,https://cdn.shopify.com/s/files/1/0925/7041/9533/files/trapezi-bruno-metalliko-kafe-140ch80ch72-2.jpg?v=1772717514,3,Маса Bruno Металик Кафяв 140x80x72,,,,,,,,,,,,,,,,,,,,,,,,
mc-54036,,,,,,,,,,,,,,,,,,,,,,,,,,,,,,,,https://cdn.shopify.com/s/files/1/0925/7041/9533/files/trapezi-bruno-metalliko-kafe-140ch80ch72-3.jpg?v=1772717515,4,Маса Bruno Металик Кафяв 140x80x72,,,,,,,,,,,,,,,,,,,,,,,,
mc-54036,,,,,,,,,,,,,,,,,,,,,,,,,,,,,,,,https://cdn.shopify.com/s/files/1/0925/7041/9533/files/trapezi-bruno-metalliko-kafe-140ch80ch72-4.jpg?v=1772717515,5,Маса Bruno Металик Кафяв 140x80x72,,,,,,,,,,,,,,,,,,,,,,,,
mc-53980,Метална маса Bruno Кафява 160x90x72,"Метална маса за външни пространства със закалено стъкло.<br>
<br>
Размери: 160x90x72 см<br>
Цвят Кафяв<br>
Бруно<br>
<br>
Продуктът се предлага в опаковка без промени с инструкции за монтаж.",Europe,,Маси,"RelatedColor_Champagne, Градински маси",true,Title,Default Title,,,,,,,,0602673,25000.0,shopify,133,deny,manual,98.59,159.65,true,true,,,,,5208067007092,https://cdn.shopify.com/s/files/1/0925/7041/9533/files/trapezi-bruno-metalliko-kafe-160ch90ch72.jpg?v=1772717510,1,Метална маса Bruno Кафява 160x90x72,false,,,,,,,,,,,,,,,,,,,,kg,,,active
mc-53980,,,,,,,,,,,,,,,,,,,,,,,,,,,,,,,,https://cdn.shopify.com/s/files/1/0925/7041/9533/files/trapezi-bruno-metalliko-kafe-160ch90ch72-1.jpg?v=1772717510,2,Метална маса Bruno Кафява 160x90x72,,,,,,,,,,,,,,,,,,,,,,,,
mc-53980,,,,,,,,,,,,,,,,,,,,,,,,,,,,,,,,https://cdn.shopify.com/s/files/1/0925/7041/9533/files/trapezi-bruno-metalliko-kafe-160ch90ch72-2.jpg?v=1772717510,3,Метална маса Bruno Кафява 160x90x72,,,,,,,,,,,,,,,,,,,,,,,,
mc-53980,,,,,,,,,,,,,,,,,,,,,,,,,,,,,,,,https://cdn.shopify.com/s/files/1/0925/7041/9533/files/trapezi-bruno-metalliko-kafe-160ch90ch72-3.jpg?v=1772717510,4,Метална маса Bruno Кафява 160x90x72,,,,,,,,,,,,,,,,,,,,,,,,
mc-53980,,,,,,,,,,,,,,,,,,,,,,,,,,,,,,,,https://cdn.shopify.com/s/files/1/0925/7041/9533/files/trapezi-bruno-metalliko-kafe-160ch90ch72-4.jpg?v=1772717510,5,Метална маса Bruno Кафява 160x90x72,,,,,,,,,,,,,,,,,,,,,,,,
mc-53979,Метална маса Bruno Сива 160x90x72,"Метална маса за външни пространства със закалено стъкло.<br>
<br>
Размери: 160x90x72 см<br>
Цвят Сив<br>
Бруно<br>
<br>
Продуктът се предлага в опаковка без промени с инструкции за монтаж.",Europe,,Маси,"RelatedColor_Champagne, Градински маси",true,Title,Default Title,,,,,,,,0602672,25000.0,shopify,95,deny,manual,98.59,159.65,true,true,,,,,5208067007085,https://cdn.shopify.com/s/files/1/0925/7041/9533/files/trapezi-bruno-metalliko-gkri-160ch90ch72.jpg?v=1772717509,1,Метална маса Bruno Сива 160x90x72,false,,,,,,,,,,,,,,,,,,,,kg,,,active
mc-53979,,,,,,,,,,,,,,,,,,,,,,,,,,,,,,,,https://cdn.shopify.com/s/files/1/0925/7041/9533/files/trapezi-bruno-metalliko-gkri-160ch90ch72-1.jpg?v=1772717509,2,Метална маса Bruno Сива 160x90x72,,,,,,,,,,,,,,,,,,,,,,,,
mc-53979,,,,,,,,,,,,,,,,,,,,,,,,,,,,,,,,https://cdn.shopify.com/s/files/1/0925/7041/9533/files/trapezi-bruno-metalliko-gkri-160ch90ch72-2.jpg?v=1772717509,3,Метална маса Bruno Сива 160x90x72,,,,,,,,,,,,,,,,,,,,,,,,
mc-53979,,,,,,,,,,,,,,,,,,,,,,,,,,,,,,,,https://cdn.shopify.com/s/files/1/0925/7041/9533/files/trapezi-bruno-metalliko-gkri-160ch90ch72-3.jpg?v=1772717510,4,Метална маса Bruno Сива 160x90x72,,,,,,,,,,,,,,,,,,,,,,,,
mc-53979,,,,,,,,,,,,,,,,,,,,,,,,,,,,,,,,https://cdn.shopify.com/s/files/1/0925/7041/9533/files/trapezi-bruno-metalliko-gkri-160ch90ch72-4.jpg?v=1772717510,5,Метална маса Bruno Сива 160x90x72,,,,,,,,,,,,,,,,,,,,,,,,
mc-53976,Външна квадратна маса FIGO кафяв метал - плот от стъкло 70x70x72см,"Външната маса FIGO в КАФЯВ цвят е квадратна с заоблени ъгли и извити крака. Това е много популярна маса, която почти не липсва на нито един балкон или градина. Маса е подходяща и за ограничени пространства, като балкони или малки дворове.<br>
<br>
РАЗМЕРИ:<br>
70x70x72H см.<br>
Метална рамка: Φ25x0.8 мм дебелина<br>
<br>
МАТЕРИАЛИ НА КОНСТРУКЦИЯТА:<br>
Рамката е метална с прахово покритие. Праховото покритие е сух процес на нанасяне, използван като метално покритие. Праховото покритие се нанася като сух прах чрез електростатичен процес, след което се втвърдява с топлина.<br>
Плота е изработен от закалено или безопасно стъкло. Закаленото или усилено стъкло е вид безопасно стъкло, което е около четири пъти по-здраво от обикновеното стъкло. За разлика от обикновеното стъкло, което при счупване се разпада на остри парчета, закаленото стъкло се чупи на малки, относително безвредни гранулирани частици. Поради това закаленото стъкло се използва в среди, където безопасността на хората е важна, като домашни приложения и др.<br>
<br>
ПОДДРЪЖКА:<br>
От гореизложеното е ясно, че не се изисква специална поддръжка. Избърсване с влажна кърпа или дори с подходящи почистващи препарати е достатъчно.<br>
<br>
ПРЕДИМСТВА:<br>
• Класически и вечен дизайн<br>
• Лесна поддръжка<br>
• Качествени материали за конструкция<br>
• Отлично съотношение цена-качество<br>
<br>
Масата се доставя разглобена и е лесна за сглобяване, тъй като всички необходими части са включени в опаковката.<br>
**Точният цвят на продукта може леко да се различава от реалния продукт поради различните настройки на монитора.",Europe,,Маси,"RelatedColor_Champagne, Градински маси",true,Title,Default Title,,,,,,,,0602669,10000.0,shopify,102,deny,manual,34.74,56.26,true,true,,,,,5208067007177,https://cdn.shopify.com/s/files/1/0925/7041/9533/files/trapezi-figo-metalliko-kafe-70ch70ch72-h.jpg?v=1772717508,1,Външна квадратна маса FIGO кафяв метал - плот от стъкло 70x70x72см,false,,,,,,,,,,,,,,,,,,,,kg,,,active
mc-53976,,,,,,,,,,,,,,,,,,,,,,,,,,,,,,,,https://cdn.shopify.com/s/files/1/0925/7041/9533/files/trapezi-figo-metalliko-kafe-70ch70ch72-h-1.jpg?v=1772717509,2,Външна квадратна маса FIGO кафяв метал - плот от стъкло 70x70x72см,,,,,,,,,,,,,,,,,,,,,,,,
mc-53976,,,,,,,,,,,,,,,,,,,,,,,,,,,,,,,,https://cdn.shopify.com/s/files/1/0925/7041/9533/files/trapezi-figo-metalliko-kafe-70ch70ch72-h-2.jpg?v=1772717508,3,Външна квадратна маса FIGO кафяв метал - плот от стъкло 70x70x72см,,,,,,,,,,,,,,,,,,,,,,,,
mc-53976,,,,,,,,,,,,,,,,,,,,,,,,,,,,,,,,https://cdn.shopify.com/s/files/1/0925/7041/9533/files/trapezi-figo-metalliko-kafe-70ch70ch72-h-3.jpg?v=1772717509,4,Външна квадратна маса FIGO кафяв метал - плот от стъкло 70x70x72см,,,,,,,,,,,,,,,,,,,,,,,,
mc-53976,,,,,,,,,,,,,,,,,,,,,,,,,,,,,,,,https://cdn.shopify.com/s/files/1/0925/7041/9533/files/trapezi-figo-metalliko-kafe-70ch70ch72-h-4.jpg?v=1772717508,5,Външна квадратна маса FIGO кафяв метал - плот от стъкло 70x70x72см,,,,,,,,,,,,,,,,,,,,,,,,
mc-53975,Метална маса Figo Кафява 60x60x72 см,"Метална маса за външни пространства със закалено стъкло за безопасност.<br>
Размери: 60x60x72 см<br>
Метална рамка: '25x0,8 мм дебелина<br>
Цвят Кафяв<br>
FIGO<br>
<br>
Продуктът се доставя в опаковка без промени с инструкции за монтаж.",Europe,,Маси,"RelatedColor_Champagne, Градински маси",true,Title,Default Title,,,,,,,,0602668,7800.0,shopify,119,deny,manual,24.87,40.27,true,true,,,,,5208067007153,https://cdn.shopify.com/s/files/1/0925/7041/9533/files/trapezi-figo-metalliko-kafe-60ch60ch72ye.jpg?v=1772717508,1,Метална маса Figo Кафява 60x60x72 см,false,,,,,,,,,,,,,,,,,,,,kg,,,active
mc-53975,,,,,,,,,,,,,,,,,,,,,,,,,,,,,,,,https://cdn.shopify.com/s/files/1/0925/7041/9533/files/trapezi-figo-metalliko-kafe-60ch60ch72ye-1.jpg?v=1772717508,2,Метална маса Figo Кафява 60x60x72 см,,,,,,,,,,,,,,,,,,,,,,,,
mc-53975,,,,,,,,,,,,,,,,,,,,,,,,,,,,,,,,https://cdn.shopify.com/s/files/1/0925/7041/9533/files/trapezi-figo-metalliko-kafe-60ch60ch72ye-2.jpg?v=1772717508,3,Метална маса Figo Кафява 60x60x72 см,,,,,,,,,,,,,,,,,,,,,,,,
mc-53975,,,,,,,,,,,,,,,,,,,,,,,,,,,,,,,,https://cdn.shopify.com/s/files/1/0925/7041/9533/files/trapezi-figo-metalliko-kafe-60ch60ch72ye-3.jpg?v=1772717508,4,Метална маса Figo Кафява 60x60x72 см,,,,,,,,,,,,,,,,,,,,,,,,
mc-53975,,,,,,,,,,,,,,,,,,,,,,,,,,,,,,,,https://cdn.shopify.com/s/files/1/0925/7041/9533/files/trapezi-figo-metalliko-kafe-60ch60ch72ye-4.jpg?v=1772717508,5,Метална маса Figo Кафява 60x60x72 см,,,,,,,,,,,,,,,,,,,,,,,,
mc-53975,,,,,,,,,,,,,,,,,,,,,,,,,,,,,,,,https://cdn.shopify.com/s/files/1/0925/7041/9533/files/trapezi-figo-metalliko-kafe-60ch60ch72ye-5.jpg?v=1772717508,6,Метална маса Figo Кафява 60x60x72 см,,,,,,,,,,,,,,,,,,,,,,,,
mc-53972,"Професионален шезлонг KEA алуминий и текстилен в сив цвят 59,5x102,5x94см","Сгъваемият шезлонг KEA е един от най-класическите градински мебели. По същество това е седалка, нещо между фотьойл и шезлонг. Това не е нищо повече от познатия от древни времена шезлонг. Следователно, това е специален вид диван под формата на стол, който обаче има и опора за краката. Очевидно този стол е свързан директно с лятото, плажовете и изобщо с конструкция, която предлага комфорт, почивка и безгрижие.<br>
Този модел има класически дизайн с облегалка, която поддържа тялото, и допълнителна възглавница за глава, както и 5-степенен механизъм за накланяне. Цветът му е СИВ както в рамката, така и в текстилена материя.<br>
<br>
РАЗМЕРИ:<br>
59.5x102.5x94H см.<br>
Разстояние между краката: 56x96.5-102 см.<br>
Височина на седалката: 32.5-39 см.<br>
Височина на облегалката: 75-91 см.<br>
Спецификации на алуминия: 35X18/30X15/25, дебелина 1.5 мм.<br>
<br>
МАТЕРИАЛИ НА КОНСТРУКЦИЯТА:<br>
Шезлонгът е изработен от алуминий. Алуминият е метал с отлични механични свойства и много устойчив на различни форми на корозия по природа и изисква минимални разходи за поддръжка.<br>
Текстиленът е плътна, здрава и издръжлива полиестерна материя. Това означава, че е изработена от полиестерни нишки, тъкани от край до край, и е покрита с PVC.<br>
<br>
ПОДДРЪЖКА:<br>
Едно избърсване с леко влажна кърпа е достатъчно, за да изглежда като нов.<br>
ПРЕПОРЪЧВА СЕ ЗА ПРОФЕСИОНАЛНА УПОТРЕБА ПОРАДИ МАТЕРИАЛА НА КОНСТРУКЦИЯТА И ЗАРАДИ СГЪВАЕМОСТТА МУ<br>
**Точният цвят на продукта може леко да се различава от реалния продукт поради различните настройки на монитора.",Europe,,Дек стол,Шезлонги,true,Title,Default Title,,,,,,,,0614536,3600.0,shopify,192,deny,manual,59.15,95.79,true,true,,,,,5208067013895,https://cdn.shopify.com/s/files/1/0925/7041/9533/files/sezlongk-aloyminioy-gkri-me-maxilari-gkr.jpg?v=1772717507,1,"Професионален шезлонг KEA алуминий и текстилен в сив цвят 59,5x102,5x94см",false,,,,,,,,,,,,,,,,,,,,kg,,,active
mc-53972,,,,,,,,,,,,,,,,,,,,,,,,,,,,,,,,https://cdn.shopify.com/s/files/1/0925/7041/9533/files/sezlongk-aloyminioy-gkri-me-maxilari-gkr-1.jpg?v=1772717507,2,"Професионален шезлонг KEA алуминий и текстилен в сив цвят 59,5x102,5x94см",,,,,,,,,,,,,,,,,,,,,,,,
mc-53972,,,,,,,,,,,,,,,,,,,,,,,,,,,,,,,,https://cdn.shopify.com/s/files/1/0925/7041/9533/files/sezlongk-aloyminioy-gkri-me-maxilari-gkr-2.jpg?v=1772717507,3,"Професионален шезлонг KEA алуминий и текстилен в сив цвят 59,5x102,5x94см",,,,,,,,,,,,,,,,,,,,,,,,
mc-53972,,,,,,,,,,,,,,,,,,,,,,,,,,,,,,,,https://cdn.shopify.com/s/files/1/0925/7041/9533/files/sezlongk-aloyminioy-gkri-me-maxilari-gkr-3.jpg?v=1772717508,4,"Професионален шезлонг KEA алуминий и текстилен в сив цвят 59,5x102,5x94см",,,,,,,,,,,,,,,,,,,,,,,,
mc-53972,,,,,,,,,,,,,,,,,,,,,,,,,,,,,,,,https://cdn.shopify.com/s/files/1/0925/7041/9533/files/sezlongk-aloyminioy-gkri-me-maxilari-gkr-4.jpg?v=1772717508,5,"Професионален шезлонг KEA алуминий и текстилен в сив цвят 59,5x102,5x94см",,,,,,,,,,,,,,,,,,,,,,,,
mc-53972,,,,,,,,,,,,,,,,,,,,,,,,,,,,,,,,https://cdn.shopify.com/s/files/1/0925/7041/9533/files/sezlongk-aloyminioy-gkri-me-maxilari-gkr-5.jpg?v=1772717508,6,"Професионален шезлонг KEA алуминий и текстилен в сив цвят 59,5x102,5x94см",,,,,,,,,,,,,,,,,,,,,,,,
mc-53972,,,,,,,,,,,,,,,,,,,,,,,,,,,,,,,,https://cdn.shopify.com/s/files/1/0925/7041/9533/files/sezlongk-aloyminioy-gkri-me-maxilari-gkr-6.jpg?v=1772717508,7,"Професионален шезлонг KEA алуминий и текстилен в сив цвят 59,5x102,5x94см",,,,,,,,,,,,,,,,,,,,,,,,
mc-53972,,,,,,,,,,,,,,,,,,,,,,,,,,,,,,,,https://cdn.shopify.com/s/files/1/0925/7041/9533/files/sezlongk-aloyminioy-gkri-me-maxilari-gkr-7.jpg?v=1772717508,8,"Професионален шезлонг KEA алуминий и текстилен в сив цвят 59,5x102,5x94см",,,,,,,,,,,,,,,,,,,,,,,,
mc-53972,,,,,,,,,,,,,,,,,,,,,,,,,,,,,,,,https://cdn.shopify.com/s/files/1/0925/7041/9533/files/sezlongk-aloyminioy-gkri-me-maxilari-gkr-8.jpg?v=1772717508,9,"Професионален шезлонг KEA алуминий и текстилен в сив цвят 59,5x102,5x94см",,,,,,,,,,,,,,,,,,,,,,,,
mc-53796,Метална маса Lima Кафява 60x70см,"Метална маса за външни пространства със закалено стъкло.<br>
<br>
<br>
Размери: 60x70 см<br>
Цвят на метала: Кафяв<br>
Лима<br>
<br>
Продуктът се доставя в опаковка без промени с инструкции за сглобяване.",Europe,,Маси,"RelatedColor_Champagne, Градински маси",true,Title,Default Title,,,,,,,,0602714,6400.0,shopify,262,deny,manual,20.68,33.48,true,true,,,,,5208067007139,https://cdn.shopify.com/s/files/1/0925/7041/9533/files/trapezi-metalliko-lima-kafe-f60x70yek-hm.jpg?v=1772717504,1,Метална маса Lima Кафява 60x70см,false,,,,,,,,,,,,,,,,,,,,kg,,,active
mc-53796,,,,,,,,,,,,,,,,,,,,,,,,,,,,,,,,https://cdn.shopify.com/s/files/1/0925/7041/9533/files/trapezi-metalliko-lima-kafe-f60x70yek-hm-1.jpg?v=1772717504,2,Метална маса Lima Кафява 60x70см,,,,,,,,,,,,,,,,,,,,,,,,
mc-53796,,,,,,,,,,,,,,,,,,,,,,,,,,,,,,,,https://cdn.shopify.com/s/files/1/0925/7041/9533/files/trapezi-metalliko-lima-kafe-f60x70yek-hm-2.jpg?v=1772717504,3,Метална маса Lima Кафява 60x70см,,,,,,,,,,,,,,,,,,,,,,,,
mc-53796,,,,,,,,,,,,,,,,,,,,,,,,,,,,,,,,https://cdn.shopify.com/s/files/1/0925/7041/9533/files/trapezi-metalliko-lima-kafe-f60x70yek-hm-3.jpg?v=1772717505,4,Метална маса Lima Кафява 60x70см,,,,,,,,,,,,,,,,,,,,,,,,
mc-53796,,,,,,,,,,,,,,,,,,,,,,,,,,,,,,,,https://cdn.shopify.com/s/files/1/0925/7041/9533/files/trapezi-metalliko-lima-kafe-f60x70yek-hm-4.jpg?v=1772717504,5,Метална маса Lima Кафява 60x70см,,,,,,,,,,,,,,,,,,,,,,,,
mc-53796,,,,,,,,,,,,,,,,,,,,,,,,,,,,,,,,https://cdn.shopify.com/s/files/1/0925/7041/9533/files/trapezi-metalliko-lima-kafe-f60x70yek-hm-5.jpg?v=1772717504,6,Метална маса Lima Кафява 60x70см,,,,,,,,,,,,,,,,,,,,,,,,
mc-53795,Метална маса Lima Сива 60x68см,"Метална маса за външни пространства със закалено стъкло.<br>
<br>
<br>
Размери: 60x68 см<br>
Разстояние между краката: 40x40 см<br>
<br>
Цвят на метала: Сив<br>
Лима<br>
<br>
Продуктът се доставя в опаковка без промени с инструкции за сглобяване.",Europe,,Маси,"RelatedColor_Champagne, Градински маси",true,Title,Default Title,,,,,,,,0602713,6400.0,shopify,68,deny,manual,20.68,33.48,true,true,,,,,5208067007122,https://cdn.shopify.com/s/files/1/0925/7041/9533/files/trapezi-lima-f60x68yek-gkri-metalliko-me.jpg?v=1772717502,1,Метална маса Lima Сива 60x68см,false,,,,,,,,,,,,,,,,,,,,kg,,,active
mc-53795,,,,,,,,,,,,,,,,,,,,,,,,,,,,,,,,https://cdn.shopify.com/s/files/1/0925/7041/9533/files/trapezi-lima-f60x68yek-gkri-metalliko-me-1.jpg?v=1772717502,2,Метална маса Lima Сива 60x68см,,,,,,,,,,,,,,,,,,,,,,,,
mc-53795,,,,,,,,,,,,,,,,,,,,,,,,,,,,,,,,https://cdn.shopify.com/s/files/1/0925/7041/9533/files/trapezi-lima-f60x68yek-gkri-metalliko-me-2.jpg?v=1772717502,3,Метална маса Lima Сива 60x68см,,,,,,,,,,,,,,,,,,,,,,,,
mc-53795,,,,,,,,,,,,,,,,,,,,,,,,,,,,,,,,https://cdn.shopify.com/s/files/1/0925/7041/9533/files/trapezi-lima-f60x68yek-gkri-metalliko-me-3.jpg?v=1772717503,4,Метална маса Lima Сива 60x68см,,,,,,,,,,,,,,,,,,,,,,,,
mc-53795,,,,,,,,,,,,,,,,,,,,,,,,,,,,,,,,https://cdn.shopify.com/s/files/1/0925/7041/9533/files/trapezi-lima-f60x68yek-gkri-metalliko-me-4.jpg?v=1772717503,5,Метална маса Lima Сива 60x68см,,,,,,,,,,,,,,,,,,,,,,,,
mc-53795,,,,,,,,,,,,,,,,,,,,,,,,,,,,,,,,https://cdn.shopify.com/s/files/1/0925/7041/9533/files/trapezi-lima-f60x68yek-gkri-metalliko-me-5.jpg?v=1772717503,6,Метална маса Lima Сива 60x68см,,,,,,,,,,,,,,,,,,,,,,,,
mc-53795,,,,,,,,,,,,,,,,,,,,,,,,,,,,,,,,https://cdn.shopify.com/s/files/1/0925/7041/9533/files/trapezi-lima-f60x68yek-gkri-metalliko-me-6.jpg?v=1772717502,7,Метална маса Lima Сива 60x68см,,,,,,,,,,,,,,,,,,,,,,,,
mc-52307,Професионален алуминиев шезлонг сив 60x195x30 см,"Професионалният плажен шезлонг WALDO в СИВО е класическо и вечно решение за плажа. Той е доказал своята полезност и функционалност през много години. Конструиран е с четири (4) опорни пръта, които увеличават твърдостта на основната тръба, заварени по периметъра за по-голяма стабилност.<br>
<br>
РАЗМЕРИ:<br>
195x60x30 см (профил 25x1.5 мм)<br>
Дебелина на алуминия: 1.5 мм (приблизително)<br>
Алуминиева рамка: 25x25 мм<br>
<br>
МАТЕРИАЛИ НА КОНСТРУКЦИЯТА:<br>
Винтовете, използвани в конструкцията на този шезлонг, са от неръждаема стомана.<br>
<br>
Рамката на шезлонга е изцяло от алуминий.<br>
<br>
Информация: Алуминият е „зелен“ материал, който може да се рециклира безкрайно, като запазва характеристиките си без загуба на качество. Алуминият естествено образува тънък оксиден слой на повърхността в контакт с въздуха, който осигурява много добра защита срещу корозия, дори в корозивни среди. Този слой може да бъде допълнително укрепен чрез повърхностна обработка като електростатично боядисване.<br>
<br>
Покритието на шезлонга е изработено от водоустойчива подсилена текстиленова тъкан (2X1- 600гр). Това е плътна, здрава и издръжлива полиестерна тъкан. Това означава, че е направена от полиестерни нишки, тъкани от край до край, и е покрита с PVC. Нишката на този шезлонг е с характеристика 1300 D (overnylon).<br>
<br>
Стълбите са изработени от първичен пластмасов материал.<br>
<br>
ПОДДРЪЖКА:<br>
Благодарение на изключително издръжливите материали за конструкция, е идеално да използвате много мека кърпа или гъба, много вода и мек почистващ препарат като препарат за съдове. Те не изискват специална поддръжка, тъй като не корозират. Сапун и вода са достатъчни, за да ги поддържате чисти и блестящи.<br>
<br>
ПРЕДИМСТВА:<br>
Накратко:<br>
• Сгъваем за пестене на място при съхранение<br>
• Леки благодарение на алуминиевата конструкция<br>
• Конструкция от неръждаема стомана<br>
• Анатомичен<br>
• Минимална поддръжка както на рамката, така и на тъканта<br>
• Двойна тъкан в центъра на седалката за по-голяма издръжливост<br>
• Специални меки пластмаси на дъното за по-голяма издръжливост при съхранение<br>
• Тъкан, залепена с топлина за по-голяма издръжливост",Europe,,Шезлонги,"RelatedColor_Eag, RelatedColor_Oil color, RelatedColor_Бял, RelatedColor_Кремав, RelatedColor_Оранжев, RelatedColor_Светлосин, RelatedColor_Син, RelatedColor_Червен, RelatedColor_Черен, Шезлонги",true,Title,Default Title,,,,,,,,0614363,5500.0,shopify,1098,deny,manual,80.21,129.89,true,true,,,,,5208067012201,https://cdn.shopify.com/s/files/1/0925/7041/9533/files/xaplostra-epaggelmatiki-aloyminioy-fb950.jpg?v=1778014333,1,,false,,,,,,,,,,,,,,,,,,,,kg,,,active
mc-52307,,,,,,,,,,,,,,,,,,,,,,,,,,,,,,,,https://cdn.shopify.com/s/files/1/0925/7041/9533/files/xaplostra-epaggelmatiki-aloyminioy-fb950-1.jpg?v=1778014332,2,,,,,,,,,,,,,,,,,,,,,,,,,
mc-52307,,,,,,,,,,,,,,,,,,,,,,,,,,,,,,,,https://cdn.shopify.com/s/files/1/0925/7041/9533/files/xaplostra-epaggelmatiki-aloyminioy-fb950-2.jpg?v=1778014332,3,,,,,,,,,,,,,,,,,,,,,,,,,
mc-52307,,,,,,,,,,,,,,,,,,,,,,,,,,,,,,,,https://cdn.shopify.com/s/files/1/0925/7041/9533/files/xaplostra-epaggelmatiki-aloyminioy-fb950-3.jpg?v=1778014332,4,,,,,,,,,,,,,,,,,,,,,,,,,
mc-52307,,,,,,,,,,,,,,,,,,,,,,,,,,,,,,,,https://cdn.shopify.com/s/files/1/0925/7041/9533/files/xaplostra-epaggelmatiki-aloyminioy-fb950-4.jpg?v=1778014332,5,,,,,,,,,,,,,,,,,,,,,,,,,
mc-52307,,,,,,,,,,,,,,,,,,,,,,,,,,,,,,,,https://cdn.shopify.com/s/files/1/0925/7041/9533/files/xaplostra-epaggelmatiki-aloyminioy-fb950-5.jpg?v=1778014332,6,,,,,,,,,,,,,,,,,,,,,,,,,
mc-52307,,,,,,,,,,,,,,,,,,,,,,,,,,,,,,,,https://cdn.shopify.com/s/files/1/0925/7041/9533/files/xaplostra-epaggelmatiki-aloyminioy-fb950-6.jpg?v=1778014333,7,,,,,,,,,,,,,,,,,,,,,,,,,
mc-52307,,,,,,,,,,,,,,,,,,,,,,,,,,,,,,,,https://cdn.shopify.com/s/files/1/0925/7041/9533/files/xaplostra-epaggelmatiki-aloyminioy-fb950-7.jpg?v=1778014332,8,,,,,,,,,,,,,,,,,,,,,,,,,
mc-44448,ГРАДИНСКА МЕТАЛНА МАСА ADAM КАФЯВА С УСИЛЕНО ТОП ЗАКАЛЕНО СТЪКЛО 110x60x71Hсм.,"Масата за външна употреба ADAM има метална рамка в КАФЯВ цвят и матово (непрозрачно) стъкло за плот! Това е много популярна маса, която не липсва почти на никоя тераса или градина. ADAM е правоъгълна с заоблени ъгли, а стъкленият плот е подсилен (закален).<br>
<br>
РАЗМЕРИ:<br>
110x60x71H см.<br>
Размери на метала: Φ25 x 0.8 мм<br>
<br>
МАТЕРИАЛИ ЗА ИЗРАБОТКА:<br>
Рамката и краката са метални с прахово покритие. Праховото покритие е сух процес на нанасяне, използван като метално покритие. Праховото покритие се нанася като сух прах чрез електростатичен процес, след което се втвърдява с топлина.<br>
Характерното за тази маса е нейната повърхност. Тя е изработена от закалено стъкло или безопасно стъкло.<br>
Закаленото или подсилено стъкло е вид безопасно стъкло, което е около четири пъти по-здраво от обикновеното стъкло. И за разлика от обикновеното стъкло, което може да се счупи на остри парчета, закаленото стъкло се чупи на малки, относително безвредни гранулирани парчета. Поради това закаленото стъкло се използва в среди, където безопасността на хората е важна, като домашни приложения и др.<br>
<br>
ПОДДРЪЖКА:<br>
От горното е ясно, че не е необходима специална поддръжка. Достатъчно е почистване с влажна кърпа или дори със специални почистващи препарати.<br>
<br>
ПРЕДИМСТВА:<br>
• Класически и вечен дизайн<br>
• Качествени материали за изработка<br>
• Отлично съотношение цена-качество<br>
<br>
*Продуктът се доставя разглобен и е лесен за сглобяване, тъй като всички необходими части са включени в опаковката.<br>
** Цветовото възпроизвеждане на продукта може леко да се различава от фотографското му изображение на вашия екран.",Europe,,Маси,"RelatedColor_Champagne, Градински маси",true,Title,Default Title,,,,,,,,0602503,14000.0,shopify,785,deny,manual,45.56,73.78,true,true,,,,,5208067007030,https://cdn.shopify.com/s/files/1/0925/7041/9533/files/trapezi-fb9502002-metalliko-kafe-me-gyal.jpg?v=1772717387,1,ГРАДИНСКА МЕТАЛНА МАСА ADAM КАФЯВА С УСИЛЕНО ТОП ЗАКАЛЕНО СТЪКЛО 110x60x71Hсм.,false,,,,,,,,,,,,,,,,,,,,kg,,,active
mc-44448,,,,,,,,,,,,,,,,,,,,,,,,,,,,,,,,https://cdn.shopify.com/s/files/1/0925/7041/9533/files/trapezi-fb9502002-metalliko-kafe-me-gyal-1.jpg?v=1772717388,2,ГРАДИНСКА МЕТАЛНА МАСА ADAM КАФЯВА С УСИЛЕНО ТОП ЗАКАЛЕНО СТЪКЛО 110x60x71Hсм.,,,,,,,,,,,,,,,,,,,,,,,,
mc-44448,,,,,,,,,,,,,,,,,,,,,,,,,,,,,,,,https://cdn.shopify.com/s/files/1/0925/7041/9533/files/trapezi-fb9502002-metalliko-kafe-me-gyal-2.jpg?v=1772717388,3,ГРАДИНСКА МЕТАЛНА МАСА ADAM КАФЯВА С УСИЛЕНО ТОП ЗАКАЛЕНО СТЪКЛО 110x60x71Hсм.,,,,,,,,,,,,,,,,,,,,,,,,
mc-44448,,,,,,,,,,,,,,,,,,,,,,,,,,,,,,,,https://cdn.shopify.com/s/files/1/0925/7041/9533/files/trapezi-fb9502002-metalliko-kafe-me-gyal-3.jpg?v=1772717388,4,ГРАДИНСКА МЕТАЛНА МАСА ADAM КАФЯВА С УСИЛЕНО ТОП ЗАКАЛЕНО СТЪКЛО 110x60x71Hсм.,,,,,,,,,,,,,,,,,,,,,,,,
mc-44448,,,,,,,,,,,,,,,,,,,,,,,,,,,,,,,,https://cdn.shopify.com/s/files/1/0925/7041/9533/files/trapezi-fb9502002-metalliko-kafe-me-gyal-4.jpg?v=1772717388,5,ГРАДИНСКА МЕТАЛНА МАСА ADAM КАФЯВА С УСИЛЕНО ТОП ЗАКАЛЕНО СТЪКЛО 110x60x71Hсм.,,,,,,,,,,,,,,,,,,,,,,,,
mc-44448,,,,,,,,,,,,,,,,,,,,,,,,,,,,,,,,https://cdn.shopify.com/s/files/1/0925/7041/9533/files/trapezi-fb9502002-metalliko-kafe-me-gyal-5.jpg?v=1772717388,6,ГРАДИНСКА МЕТАЛНА МАСА ADAM КАФЯВА С УСИЛЕНО ТОП ЗАКАЛЕНО СТЪКЛО 110x60x71Hсм.,,,,,,,,,,,,,,,,,,,,,,,,
mc-44448,,,,,,,,,,,,,,,,,,,,,,,,,,,,,,,,https://cdn.shopify.com/s/files/1/0925/7041/9533/files/trapezi-fb9502002-metalliko-kafe-me-gyal-6.jpg?v=1772717388,7,ГРАДИНСКА МЕТАЛНА МАСА ADAM КАФЯВА С УСИЛЕНО ТОП ЗАКАЛЕНО СТЪКЛО 110x60x71Hсм.,,,,,,,,,,,,,,,,,,,,,,,,
mc-44448,,,,,,,,,,,,,,,,,,,,,,,,,,,,,,,,https://cdn.shopify.com/s/files/1/0925/7041/9533/files/trapezi-fb9502002-metalliko-kafe-me-gyal-7.jpg?v=1772717388,8,ГРАДИНСКА МЕТАЛНА МАСА ADAM КАФЯВА С УСИЛЕНО ТОП ЗАКАЛЕНО СТЪКЛО 110x60x71Hсм.,,,,,,,,,,,,,,,,,,,,,,,,
mc-44447,ГРАДИНСКА МЕТАЛНА МАСА ADAM ТЪМНО СИВА С ТОП ОТ ЗАКАЛЕНО СТЪКЛО 110x60x71Hсм.,"Масата за външна употреба ADAM има метална рамка в ТЪМНО СИВ цвят и матово (непрозрачно) стъкло за плот! Това е много популярна маса, която не липсва почти на никоя тераса или градина. ADAM е правоъгълна с заоблени ъгли, а стъкленият плот е подсилен (закален).<br>
<br>
РАЗМЕРИ:<br>
110x60x71H см.<br>
Размери на метала: Φ25 x 0.8 мм<br>
<br>
МАТЕРИАЛИ ЗА ИЗРАБОТКА:<br>
Рамката и краката са метални с прахово покритие. Праховото покритие е сух процес на нанасяне, използван като метално покритие. Праховото покритие се нанася като сух прах чрез електростатичен процес, след което се втвърдява с топлина.<br>
Характерното за тази маса е нейната повърхност. Тя е изработена от закалено стъкло или безопасно стъкло.<br>
Закаленото или подсилено стъкло е вид безопасно стъкло, което е около четири пъти по-здраво от обикновеното стъкло. И за разлика от обикновеното стъкло, което може да се счупи на остри парчета, закаленото стъкло се чупи на малки, относително безвредни гранулирани парчета. Поради това закаленото стъкло се използва в среди, където безопасността на хората е важна, като домашни приложения и др.<br>
<br>
ПОДДРЪЖКА:<br>
От горното е ясно, че не е необходима специална поддръжка. Достатъчно е почистване с влажна кърпа или дори със специални почистващи препарати.<br>
<br>
ПРЕДИМСТВА:<br>
• Класически и вечен дизайн<br>
• Качествени материали за изработка<br>
• Отлично съотношение цена-качество<br>
<br>
*Продуктът се доставя разглобен и е лесен за сглобяване, тъй като всички необходими части са включени в опаковката.<br>
** Цветовото възпроизвеждане на продукта може леко да се различава от фотографското му изображение на вашия екран.",Europe,,Маси,"RelatedColor_Champagne, RelatedColor_Черен, Градински маси",true,Title,Default Title,,,,,,,,0602502,14000.0,shopify,1744,deny,manual,45.56,73.78,true,true,,,,,5208067007023,https://cdn.shopify.com/s/files/1/0925/7041/9533/files/trapezi-fb9502001-metalliko-skoyro-gkri.jpg?v=1772717387,1,ГРАДИНСКА МЕТАЛНА МАСА ADAM ТЪМНО СИВА С ТОП ОТ ЗАКАЛЕНО СТЪКЛО 110x60x71Hсм.,false,,,,,,,,,,,,,,,,,,,,kg,,,active
mc-44447,,,,,,,,,,,,,,,,,,,,,,,,,,,,,,,,https://cdn.shopify.com/s/files/1/0925/7041/9533/files/trapezi-fb9502001-metalliko-skoyro-gkri--1.jpg?v=1772717387,2,ГРАДИНСКА МЕТАЛНА МАСА ADAM ТЪМНО СИВА С ТОП ОТ ЗАКАЛЕНО СТЪКЛО 110x60x71Hсм.,,,,,,,,,,,,,,,,,,,,,,,,
mc-44447,,,,,,,,,,,,,,,,,,,,,,,,,,,,,,,,https://cdn.shopify.com/s/files/1/0925/7041/9533/files/trapezi-fb9502001-metalliko-skoyro-gkri--2.jpg?v=1772717387,3,ГРАДИНСКА МЕТАЛНА МАСА ADAM ТЪМНО СИВА С ТОП ОТ ЗАКАЛЕНО СТЪКЛО 110x60x71Hсм.,,,,,,,,,,,,,,,,,,,,,,,,
mc-44447,,,,,,,,,,,,,,,,,,,,,,,,,,,,,,,,https://cdn.shopify.com/s/files/1/0925/7041/9533/files/trapezi-fb9502001-metalliko-skoyro-gkri--3.jpg?v=1772717386,4,ГРАДИНСКА МЕТАЛНА МАСА ADAM ТЪМНО СИВА С ТОП ОТ ЗАКАЛЕНО СТЪКЛО 110x60x71Hсм.,,,,,,,,,,,,,,,,,,,,,,,,
mc-44447,,,,,,,,,,,,,,,,,,,,,,,,,,,,,,,,https://cdn.shopify.com/s/files/1/0925/7041/9533/files/trapezi-fb9502001-metalliko-skoyro-gkri--4.jpg?v=1772717387,5,ГРАДИНСКА МЕТАЛНА МАСА ADAM ТЪМНО СИВА С ТОП ОТ ЗАКАЛЕНО СТЪКЛО 110x60x71Hсм.,,,,,,,,,,,,,,,,,,,,,,,,
mc-44447,,,,,,,,,,,,,,,,,,,,,,,,,,,,,,,,https://cdn.shopify.com/s/files/1/0925/7041/9533/files/trapezi-fb9502001-metalliko-skoyro-gkri--5.jpg?v=1772717387,6,ГРАДИНСКА МЕТАЛНА МАСА ADAM ТЪМНО СИВА С ТОП ОТ ЗАКАЛЕНО СТЪКЛО 110x60x71Hсм.,,,,,,,,,,,,,,,,,,,,,,,,
mc-44447,,,,,,,,,,,,,,,,,,,,,,,,,,,,,,,,https://cdn.shopify.com/s/files/1/0925/7041/9533/files/trapezi-fb9502001-metalliko-skoyro-gkri--6.jpg?v=1772717386,7,ГРАДИНСКА МЕТАЛНА МАСА ADAM ТЪМНО СИВА С ТОП ОТ ЗАКАЛЕНО СТЪКЛО 110x60x71Hсм.,,,,,,,,,,,,,,,,,,,,,,,,
mc-44447,,,,,,,,,,,,,,,,,,,,,,,,,,,,,,,,https://cdn.shopify.com/s/files/1/0925/7041/9533/files/trapezi-fb9502001-metalliko-skoyro-gkri--7.jpg?v=1772717386,8,ГРАДИНСКА МЕТАЛНА МАСА ADAM ТЪМНО СИВА С ТОП ОТ ЗАКАЛЕНО СТЪКЛО 110x60x71Hсм.,,,,,,,,,,,,,,,,,,,,,,,,
mc-44445,АЛУМИНИЕВ ФОТЬОЙЛ Корсика ДВОЙНА РАМКА СРЕБРИСТ (МЕТАЛИК) ЦВЯТ 58x62x75Hсм.,"Фотьойл Корсика, за външни пространства с двойна алуминиева рамка, с издръжливост на слънце и дъжд.<br>
<br>
Цвят: Натурален алуминий<br>
<br>
РАЗМЕРИ:<br>
58x62x75H см.<br>
Размери на седалката: 43x42 см.<br>
Размери на гърба: 30.5x42-20 см.<br>
Височина на подлакътниците: 61 см.<br>
Височина на седалката: 44 см.<br>
Височина на краката: 41 см.<br>
Разстояние между краката: 56x58 см.<br>
Алуминиева рамка: Φ25x1.2мм дебелина",Europe,,Столове-Фотьойли,Градински столове,true,Title,Default Title,,,,,,,,0614410,2300.0,shopify,0,deny,manual,44.90,72.70,true,true,,,,,5208067015325,https://cdn.shopify.com/s/files/1/0925/7041/9533/files/polythrona-fb95018-aloyminio-se-asimi-di.jpg?v=1772717384,1,АЛУМИНИЕВ ФОТЬОЙЛ MORIS ДВОЙНА РАМКА СРЕБРИСТ (МЕТАЛИК) ЦВЯТ 58x62x75Hсм.,false,,,,,,,,,,,,,,,,,,,,kg,,,active
mc-44445,,,,,,,,,,,,,,,,,,,,,,,,,,,,,,,,https://cdn.shopify.com/s/files/1/0925/7041/9533/files/polythrona-fb95018-aloyminio-se-asimi-di-1.jpg?v=1772717385,2,АЛУМИНИЕВ ФОТЬОЙЛ MORIS ДВОЙНА РАМКА СРЕБРИСТ (МЕТАЛИК) ЦВЯТ 58x62x75Hсм.,,,,,,,,,,,,,,,,,,,,,,,,
mc-44445,,,,,,,,,,,,,,,,,,,,,,,,,,,,,,,,https://cdn.shopify.com/s/files/1/0925/7041/9533/files/polythrona-fb95018-aloyminio-se-asimi-di-2.jpg?v=1772717385,3,АЛУМИНИЕВ ФОТЬОЙЛ MORIS ДВОЙНА РАМКА СРЕБРИСТ (МЕТАЛИК) ЦВЯТ 58x62x75Hсм.,,,,,,,,,,,,,,,,,,,,,,,,
mc-44445,,,,,,,,,,,,,,,,,,,,,,,,,,,,,,,,https://cdn.shopify.com/s/files/1/0925/7041/9533/files/polythrona-fb95018-aloyminio-se-asimi-di-3.jpg?v=1772717385,4,АЛУМИНИЕВ ФОТЬОЙЛ MORIS ДВОЙНА РАМКА СРЕБРИСТ (МЕТАЛИК) ЦВЯТ 58x62x75Hсм.,,,,,,,,,,,,,,,,,,,,,,,,
mc-44445,,,,,,,,,,,,,,,,,,,,,,,,,,,,,,,,https://cdn.shopify.com/s/files/1/0925/7041/9533/files/polythrona-fb95018-aloyminio-se-asimi-di-4.jpg?v=1772717385,5,АЛУМИНИЕВ ФОТЬОЙЛ MORIS ДВОЙНА РАМКА СРЕБРИСТ (МЕТАЛИК) ЦВЯТ 58x62x75Hсм.,,,,,,,,,,,,,,,,,,,,,,,,
mc-44445,,,,,,,,,,,,,,,,,,,,,,,,,,,,,,,,https://cdn.shopify.com/s/files/1/0925/7041/9533/files/polythrona-fb95018-aloyminio-se-asimi-di-5.jpg?v=1772717385,6,АЛУМИНИЕВ ФОТЬОЙЛ MORIS ДВОЙНА РАМКА СРЕБРИСТ (МЕТАЛИК) ЦВЯТ 58x62x75Hсм.,,,,,,,,,,,,,,,,,,,,,,,,
mc-44445,,,,,,,,,,,,,,,,,,,,,,,,,,,,,,,,https://cdn.shopify.com/s/files/1/0925/7041/9533/files/polythrona-fb95018-aloyminio-se-asimi-di-6.jpg?v=1772717385,7,АЛУМИНИЕВ ФОТЬОЙЛ MORIS ДВОЙНА РАМКА СРЕБРИСТ (МЕТАЛИК) ЦВЯТ 58x62x75Hсм.,,,,,,,,,,,,,,,,,,,,,,,,
mc-44445,,,,,,,,,,,,,,,,,,,,,,,,,,,,,,,,https://cdn.shopify.com/s/files/1/0925/7041/9533/files/polythrona-fb95018-aloyminio-se-asimi-di-7.jpg?v=1772717384,8,АЛУМИНИЕВ ФОТЬОЙЛ MORIS ДВОЙНА РАМКА СРЕБРИСТ (МЕТАЛИК) ЦВЯТ 58x62x75Hсм.,,,,,,,,,,,,,,,,,,,,,,,,
mc-44445,,,,,,,,,,,,,,,,,,,,,,,,,,,,,,,,https://cdn.shopify.com/s/files/1/0925/7041/9533/files/polythrona-fb95018-aloyminio-se-asimi-di-8.jpg?v=1772717385,9,АЛУМИНИЕВ ФОТЬОЙЛ MORIS ДВОЙНА РАМКА СРЕБРИСТ (МЕТАЛИК) ЦВЯТ 58x62x75Hсм.,,,,,,,,,,,,,,,,,,,,,,,,
mc-44445,,,,,,,,,,,,,,,,,,,,,,,,,,,,,,,,https://cdn.shopify.com/s/files/1/0925/7041/9533/files/polythrona-fb95018-aloyminio-se-asimi-di-9.jpg?v=1772717385,10,АЛУМИНИЕВ ФОТЬОЙЛ MORIS ДВОЙНА РАМКА СРЕБРИСТ (МЕТАЛИК) ЦВЯТ 58x62x75Hсм.,,,,,,,,,,,,,,,,,,,,,,,,
mc-44444,ГРАДИНСКИ ФОТЬОЙЛ Сардиния КАФЯВА МЕТАЛНА РАМКА-КАФЯВ ТЕКСТИЛЕН 54x70x93Hсм.,"Фотьойлът Сардиния в КАФЯВ цвят е класическо предложение за всякаква употреба на открито! Гърбът и седалката са изработени от едно цяло парче текстилен плат в КАФЯВ цвят, докато подлакътниците са ниски и всъщност образуват горната част на краката. Характерна черта на този фотьойл е комфортът, който предлага, и приятно изненадва тези, които го използват. Също така, фактът, че е СТАКИРУЕМ, го прави много практичен, тъй като може да се съхранява в най-малкото възможно пространство.<br>
<br>
РАЗМЕРИ:<br>
54x70x93H см.<br>
Височина на седалката: 43 см.<br>
Височина на подлакътниците: 59 см.<br>
Размери на седалката: 44x44 см.<br>
Размери на гърба: 45x60 см.<br>
Рамка от стоманена тръба: (крак) 42x14x0.9мм и 26x15x0.9мм (тръба на гърба)<br>
<br>
<br>
МАТЕРИАЛИ НА КОНСТРУКЦИЯТА:<br>
Рамката на фотьойла е изработена от прахово боядисана стомана. Праховото боядисване е сух процес на покритие, използван като метално покритие. Праховото покритие се нанася като сух прах чрез електростатичен процес, след което се втвърдява с топлина.<br>
<br>
Фотьойлът е тапициран с висококачествен 2x1 (540г) текстилен плат. Това е дебела, здрава и издръжлива полиестерна тъкан. Това означава, че е изработена от полиестерни влакна с PVC.<br>
<br>
<br>
ПОДДРЪЖКА:<br>
Благодарение на издръжливостта на материалите за конструкцията, поддръжката на фотьойла е лесна. Освен редовното почистване от прах, може да се избърсва с влажна кърпа.<br>
<br>
<br>
ПРЕДИМСТВА:<br>
• Здрава конструкция<br>
• Модерен дизайн<br>
• Лесна поддръжка<br>
• СТАКИРУЕМ<br>
• Отлично съотношение цена-качество<br>
**Точният цвят на продукта може леко да се различава от реалния продукт поради различните настройки на монитора.",Europe,,Столове-Фотьойли,"RelatedColor_Champagne, RelatedColor_Черен, Градински столове",true,Title,Default Title,,,,,,,,0614409,4000.0,shopify,4975,deny,manual,21.54,34.88,true,true,,,,,5208067007009,https://cdn.shopify.com/s/files/1/0925/7041/9533/files/polythrona-metalliki-me-kafe-textline-fb.jpg?v=1772717384,1,ГРАДИНСКИ ФОТЬОЙЛ LEON КАФЯВА МЕТАЛНА РАМКА-КАФЯВ ТЕКСТИЛЕН 54x70x93Hсм.,false,,,,,,,,,,,,,,,,,,,,kg,,,active
mc-44444,,,,,,,,,,,,,,,,,,,,,,,,,,,,,,,,https://cdn.shopify.com/s/files/1/0925/7041/9533/files/polythrona-metalliki-me-kafe-textline-fb-1.jpg?v=1772717384,2,ГРАДИНСКИ ФОТЬОЙЛ LEON КАФЯВА МЕТАЛНА РАМКА-КАФЯВ ТЕКСТИЛЕН 54x70x93Hсм.,,,,,,,,,,,,,,,,,,,,,,,,
mc-44444,,,,,,,,,,,,,,,,,,,,,,,,,,,,,,,,https://cdn.shopify.com/s/files/1/0925/7041/9533/files/polythrona-metalliki-me-kafe-textline-fb-2.jpg?v=1772717385,3,ГРАДИНСКИ ФОТЬОЙЛ LEON КАФЯВА МЕТАЛНА РАМКА-КАФЯВ ТЕКСТИЛЕН 54x70x93Hсм.,,,,,,,,,,,,,,,,,,,,,,,,
mc-44444,,,,,,,,,,,,,,,,,,,,,,,,,,,,,,,,https://cdn.shopify.com/s/files/1/0925/7041/9533/files/polythrona-metalliki-me-kafe-textline-fb-3.jpg?v=1772717384,4,ГРАДИНСКИ ФОТЬОЙЛ LEON КАФЯВА МЕТАЛНА РАМКА-КАФЯВ ТЕКСТИЛЕН 54x70x93Hсм.,,,,,,,,,,,,,,,,,,,,,,,,
mc-44444,,,,,,,,,,,,,,,,,,,,,,,,,,,,,,,,https://cdn.shopify.com/s/files/1/0925/7041/9533/files/polythrona-metalliki-me-kafe-textline-fb-4.jpg?v=1772717384,5,ГРАДИНСКИ ФОТЬОЙЛ LEON КАФЯВА МЕТАЛНА РАМКА-КАФЯВ ТЕКСТИЛЕН 54x70x93Hсм.,,,,,,,,,,,,,,,,,,,,,,,,
mc-44444,,,,,,,,,,,,,,,,,,,,,,,,,,,,,,,,https://cdn.shopify.com/s/files/1/0925/7041/9533/files/polythrona-metalliki-me-kafe-textline-fb-5.jpg?v=1772717384,6,ГРАДИНСКИ ФОТЬОЙЛ LEON КАФЯВА МЕТАЛНА РАМКА-КАФЯВ ТЕКСТИЛЕН 54x70x93Hсм.,,,,,,,,,,,,,,,,,,,,,,,,
mc-44444,,,,,,,,,,,,,,,,,,,,,,,,,,,,,,,,https://cdn.shopify.com/s/files/1/0925/7041/9533/files/polythrona-metalliki-me-kafe-textline-fb-6.jpg?v=1772717385,7,ГРАДИНСКИ ФОТЬОЙЛ LEON КАФЯВА МЕТАЛНА РАМКА-КАФЯВ ТЕКСТИЛЕН 54x70x93Hсм.,,,,,,,,,,,,,,,,,,,,,,,,
mc-44444,,,,,,,,,,,,,,,,,,,,,,,,,,,,,,,,https://cdn.shopify.com/s/files/1/0925/7041/9533/files/polythrona-metalliki-me-kafe-textline-fb-7.jpg?v=1772717384,8,ГРАДИНСКИ ФОТЬОЙЛ LEON КАФЯВА МЕТАЛНА РАМКА-КАФЯВ ТЕКСТИЛЕН 54x70x93Hсм.,,,,,,,,,,,,,,,,,,,,,,,,
mc-44444,,,,,,,,,,,,,,,,,,,,,,,,,,,,,,,,https://cdn.shopify.com/s/files/1/0925/7041/9533/files/polythrona-metalliki-me-kafe-textline-fb-8.jpg?v=1772717384,9,ГРАДИНСКИ ФОТЬОЙЛ LEON КАФЯВА МЕТАЛНА РАМКА-КАФЯВ ТЕКСТИЛЕН 54x70x93Hсм.,,,,,,,,,,,,,,,,,,,,,,,,
mc-44443,ГРАДИНСКИ ФОТЬОЙЛ Сардиния СИВА МЕТАЛНА РАМКА-СИВ ТЕКСТИЛЕН 54x70x93Hсм.,"Фотьойлът Сардиния в сив цвят е класическо предложение за всякаква употреба на открито! Гърбът и седалката са изработени от едно цяло парче текстилен в сив цвят, докато подлакътниците са ниски и всъщност формират горната част на краката. Характерното за този фотьойл е комфортът, който предлага, и приятно изненадва тези, които го използват. Освен това, фактът, че е подредим, го прави много практичен, тъй като може да се съхранява в най-малкото възможно пространство.<br>
<br>
РАЗМЕРИ:<br>
54x70x93H см.<br>
Височина на седалката: 43 см.<br>
Височина на подлакътниците: 59 см.<br>
Размери на седалката: 44x44 см.<br>
Размери на гърба: 45x60 см.<br>
Рамка от стоманена тръба: (крак) 42x14x0.9 мм и 26x15x0.9 мм (тръба на гърба)<br>
<br>
<br>
МАТЕРИАЛИ НА КОНСТРУКЦИЯТА:<br>
Рамката на фотьойла е изработена от стомана с прахово покритие. Праховото покритие е сух процес на нанасяне, използван като метално покритие. Праховото покритие се нанася като сух прах чрез електростатичен процес, след което се втвърдява с топлина.<br>
<br>
Фотьойлът е тапициран с висококачествен текстилен плат 2x1 (540 г). Това е плътен, здрав и издръжлив полиестерен плат. Това означава, че е изработен от полиестерни влакна с PVC.<br>
<br>
<br>
ПОДДРЪЖКА:<br>
Благодарение на издръжливостта на конструкционните материали, поддръжката на фотьойла е лесна. Освен редовно почистване от прах, може да се избърсва с влажна кърпа.<br>
<br>
<br>
ПРЕДИМСТВА:<br>
• Здрава конструкция<br>
• Модерен дизайн<br>
• Лесна поддръжка<br>
• ПОДРЕДИМ<br>
• Отлично съотношение цена-качество<br>
**Точният цвят на продукта може леко да се различава от реалния поради различните настройки на монитора.",Europe,,Столове-Фотьойли,"RelatedColor_Champagne, Градински столове",true,Title,Default Title,,,,,,,,0614408,4100.0,shopify,15888,deny,manual,21.54,34.88,true,true,,,,,5208067006989,https://cdn.shopify.com/s/files/1/0925/7041/9533/files/polythrona-metalliki-gkri-me-textiline-g.jpg?v=1772717383,1,ГРАДИНСКИ ФОТЬОЙЛ LEON СИВА МЕТАЛНА РАМКА-СИВ ТЕКСТИЛЕН 54x70x93Hсм.,false,,,,,,,,,,,,,,,,,,,,kg,,,active
mc-44443,,,,,,,,,,,,,,,,,,,,,,,,,,,,,,,,https://cdn.shopify.com/s/files/1/0925/7041/9533/files/polythrona-metalliki-gkri-me-textiline-g-1.jpg?v=1772717383,2,ГРАДИНСКИ ФОТЬОЙЛ LEON СИВА МЕТАЛНА РАМКА-СИВ ТЕКСТИЛЕН 54x70x93Hсм.,,,,,,,,,,,,,,,,,,,,,,,,
mc-44443,,,,,,,,,,,,,,,,,,,,,,,,,,,,,,,,https://cdn.shopify.com/s/files/1/0925/7041/9533/files/polythrona-metalliki-gkri-me-textiline-g-2.jpg?v=1772717383,3,ГРАДИНСКИ ФОТЬОЙЛ LEON СИВА МЕТАЛНА РАМКА-СИВ ТЕКСТИЛЕН 54x70x93Hсм.,,,,,,,,,,,,,,,,,,,,,,,,
mc-44443,,,,,,,,,,,,,,,,,,,,,,,,,,,,,,,,https://cdn.shopify.com/s/files/1/0925/7041/9533/files/polythrona-metalliki-gkri-me-textiline-g-3.jpg?v=1772717382,4,ГРАДИНСКИ ФОТЬОЙЛ LEON СИВА МЕТАЛНА РАМКА-СИВ ТЕКСТИЛЕН 54x70x93Hсм.,,,,,,,,,,,,,,,,,,,,,,,,
mc-44443,,,,,,,,,,,,,,,,,,,,,,,,,,,,,,,,https://cdn.shopify.com/s/files/1/0925/7041/9533/files/polythrona-metalliki-gkri-me-textiline-g-4.jpg?v=1772717383,5,ГРАДИНСКИ ФОТЬОЙЛ LEON СИВА МЕТАЛНА РАМКА-СИВ ТЕКСТИЛЕН 54x70x93Hсм.,,,,,,,,,,,,,,,,,,,,,,,,
mc-44443,,,,,,,,,,,,,,,,,,,,,,,,,,,,,,,,https://cdn.shopify.com/s/files/1/0925/7041/9533/files/polythrona-metalliki-gkri-me-textiline-g-5.jpg?v=1772717383,6,ГРАДИНСКИ ФОТЬОЙЛ LEON СИВА МЕТАЛНА РАМКА-СИВ ТЕКСТИЛЕН 54x70x93Hсм.,,,,,,,,,,,,,,,,,,,,,,,,
mc-44443,,,,,,,,,,,,,,,,,,,,,,,,,,,,,,,,https://cdn.shopify.com/s/files/1/0925/7041/9533/files/polythrona-metalliki-gkri-me-textiline-g-6.jpg?v=1772717383,7,ГРАДИНСКИ ФОТЬОЙЛ LEON СИВА МЕТАЛНА РАМКА-СИВ ТЕКСТИЛЕН 54x70x93Hсм.,,,,,,,,,,,,,,,,,,,,,,,,
mc-44443,,,,,,,,,,,,,,,,,,,,,,,,,,,,,,,,https://cdn.shopify.com/s/files/1/0925/7041/9533/files/polythrona-metalliki-gkri-me-textiline-g-7.jpg?v=1772717383,8,ГРАДИНСКИ ФОТЬОЙЛ LEON СИВА МЕТАЛНА РАМКА-СИВ ТЕКСТИЛЕН 54x70x93Hсм.,,,,,,,,,,,,,,,,,,,,,,,,
mc-44443,,,,,,,,,,,,,,,,,,,,,,,,,,,,,,,,https://cdn.shopify.com/s/files/1/0925/7041/9533/files/polythrona-metalliki-gkri-me-textiline-g-8.jpg?v=1772717382,9,ГРАДИНСКИ ФОТЬОЙЛ LEON СИВА МЕТАЛНА РАМКА-СИВ ТЕКСТИЛЕН 54x70x93Hсм.,,,,,,,,,,,,,,,,,,,,,,,,
mc-44438,"Фотьойл алуминий с бамбуков вид кафяв с текстилен 60,5x59x81H см","Алуминиеов фотьойл „Bamboo Look“ за външно пространство,<br>
с издръжливост на слънце и дъжд.<br>
Конструиран е с алуминиева рамка и завършен с вид на дърво.<br>
<br>
Размери<br>
60,5x59x81H см<br>
Височина на седалката: 43,5 см<br>
Височина на подлакътниците: 71 см<br>
<br>
Водоустойчива материя с текстилен на гърба и седалката 4x4<br>
Размери на алуминия: 0,28x1,50 мм.<br>
Цвят на рамката: имитация на дърво<br>
Цвят на материята: кафяв",Europe,,Столове-Фотьойли,"RelatedColor_Grey patina, RelatedColor_Черен, Градински столове",true,Title,Default Title,,,,,,,,0614404,3400.0,shopify,878,deny,manual,51.69,83.70,true,true,,,,,5208067023788,https://cdn.shopify.com/s/files/1/0925/7041/9533/files/polythrona-aloyminioy-bamboo-kafe-me-tex.jpg?v=1772717376,1,"Фотьойл алуминий с бамбуков вид кафяв с текстилен 60,5x59x81H см",false,,,,,,,,,,,,,,,,,,,,kg,,,active
mc-44438,,,,,,,,,,,,,,,,,,,,,,,,,,,,,,,,https://cdn.shopify.com/s/files/1/0925/7041/9533/files/polythrona-aloyminioy-bamboo-kafe-me-tex-1.jpg?v=1772717377,2,"Фотьойл алуминий с бамбуков вид кафяв с текстилен 60,5x59x81H см",,,,,,,,,,,,,,,,,,,,,,,,
mc-44438,,,,,,,,,,,,,,,,,,,,,,,,,,,,,,,,https://cdn.shopify.com/s/files/1/0925/7041/9533/files/polythrona-aloyminioy-bamboo-kafe-me-tex-2.jpg?v=1772717376,3,"Фотьойл алуминий с бамбуков вид кафяв с текстилен 60,5x59x81H см",,,,,,,,,,,,,,,,,,,,,,,,
mc-44438,,,,,,,,,,,,,,,,,,,,,,,,,,,,,,,,https://cdn.shopify.com/s/files/1/0925/7041/9533/files/polythrona-aloyminioy-bamboo-kafe-me-tex-3.jpg?v=1772717376,4,"Фотьойл алуминий с бамбуков вид кафяв с текстилен 60,5x59x81H см",,,,,,,,,,,,,,,,,,,,,,,,
mc-44438,,,,,,,,,,,,,,,,,,,,,,,,,,,,,,,,https://cdn.shopify.com/s/files/1/0925/7041/9533/files/polythrona-aloyminioy-bamboo-kafe-me-tex-4.jpg?v=1772717376,5,"Фотьойл алуминий с бамбуков вид кафяв с текстилен 60,5x59x81H см",,,,,,,,,,,,,,,,,,,,,,,,
mc-44438,,,,,,,,,,,,,,,,,,,,,,,,,,,,,,,,https://cdn.shopify.com/s/files/1/0925/7041/9533/files/polythrona-aloyminioy-bamboo-kafe-me-tex-5.jpg?v=1772717376,6,"Фотьойл алуминий с бамбуков вид кафяв с текстилен 60,5x59x81H см",,,,,,,,,,,,,,,,,,,,,,,,
mc-44438,,,,,,,,,,,,,,,,,,,,,,,,,,,,,,,,https://cdn.shopify.com/s/files/1/0925/7041/9533/files/polythrona-aloyminioy-bamboo-kafe-me-tex-6.jpg?v=1772717376,7,"Фотьойл алуминий с бамбуков вид кафяв с текстилен 60,5x59x81H см",,,,,,,,,,,,,,,,,,,,,,,,
mc-44438,,,,,,,,,,,,,,,,,,,,,,,,,,,,,,,,https://cdn.shopify.com/s/files/1/0925/7041/9533/files/polythrona-aloyminioy-bamboo-kafe-me-tex-7.jpg?v=1772717377,8,"Фотьойл алуминий с бамбуков вид кафяв с текстилен 60,5x59x81H см",,,,,,,,,,,,,,,,,,,,,,,,
mc-44438,,,,,,,,,,,,,,,,,,,,,,,,,,,,,,,,https://cdn.shopify.com/s/files/1/0925/7041/9533/files/polythrona-aloyminioy-bamboo-kafe-me-tex-8.jpg?v=1772717377,9,"Фотьойл алуминий с бамбуков вид кафяв с текстилен 60,5x59x81H см",,,,,,,,,,,,,,,,,,,,,,,,
mc-43783,Метален фотьойл Сицилия черен мат 54x51x84Hcm,"Фотьойл Сицилия от метал, завършен с електростатично боядисване.<br>
Перфектен, препоръчителен за професионални пространства.<br>
<br>
Цвят Матиран черен<br>
<br>
Размери: 54x51x84H см.<br>
<br>
Ширина на седалката: 42 см.<br>
Ширина на седалката (между подлакътниците): 50 см.<br>
Дълбочина на седалката: 42 см.<br>
Височина на седалката: 44 см.<br>
Височина на подлакътниците: 64 см.<br>
Ширина на облегалката: 47.5 см.<br>
Височина на облегалката: 24.8 см.<br>
Височина на облегалката (от седалката): 42 см.",Europe,,Столове-Фотьойли,"RelatedColor_Бял, Градински столове",true,Title,Default Title,,,,,,,,0614376,4500.0,shopify,1238,deny,manual,30.86,49.97,true,true,,,,,5208067014397,https://cdn.shopify.com/s/files/1/0925/7041/9533/files/polythrona-metalliki-fb9503101-se-mayro.jpg?v=1772717328,1,Метален фотьойл Zeta черен мат 54x51x84Hcm,false,,,,,,,,,,,,,,,,,,,,kg,,,active
mc-43783,,,,,,,,,,,,,,,,,,,,,,,,,,,,,,,,https://cdn.shopify.com/s/files/1/0925/7041/9533/files/polythrona-metalliki-fb9503101-se-mayro--1.jpg?v=1772717328,2,Метален фотьойл Zeta черен мат 54x51x84Hcm,,,,,,,,,,,,,,,,,,,,,,,,
mc-43542,Правоъгълна маса Frodo алуминий 60x60x72H cm 4 крака,"Правоъгълна маса Frodo, алуминиева с 4 крака.<br>
Конструирана е от алуминий, което я прави подходяща за вътрешни и външни пространства.<br>
<br>
<br>
<br>
Размери: 60x60x72 см<br>
Размери на основата Φ58x1.00 мм дебелина<br>
<br>
Продуктът се предлага в опаковка без промени с инструкции за монтаж.",Europe,,Маси,Градински маси,true,Title,Default Title,,,,,,,,0602355,8000.0,shopify,0,deny,manual,51.30,83.08,true,true,,,,,5208067015363,https://cdn.shopify.com/s/files/1/0925/7041/9533/files/trapezi-frodo-aloyminioy-60ch60ch72yek-4.jpg?v=1772717306,1,Правоъгълна маса Frodo алуминий 60x60x72H cm 4 крака,false,,,,,,,,,,,,,,,,,,,,kg,,,active
mc-43542,,,,,,,,,,,,,,,,,,,,,,,,,,,,,,,,https://cdn.shopify.com/s/files/1/0925/7041/9533/files/trapezi-frodo-aloyminioy-60ch60ch72yek-4-1.jpg?v=1772717306,2,Правоъгълна маса Frodo алуминий 60x60x72H cm 4 крака,,,,,,,,,,,,,,,,,,,,,,,,
mc-43542,,,,,,,,,,,,,,,,,,,,,,,,,,,,,,,,https://cdn.shopify.com/s/files/1/0925/7041/9533/files/trapezi-frodo-aloyminioy-60ch60ch72yek-4-2.jpg?v=1772717306,3,Правоъгълна маса Frodo алуминий 60x60x72H cm 4 крака,,,,,,,,,,,,,,,,,,,,,,,,
mc-43542,,,,,,,,,,,,,,,,,,,,,,,,,,,,,,,,https://cdn.shopify.com/s/files/1/0925/7041/9533/files/trapezi-frodo-aloyminioy-60ch60ch72yek-4-3.jpg?v=1772717307,4,Правоъгълна маса Frodo алуминий 60x60x72H cm 4 крака,,,,,,,,,,,,,,,,,,,,,,,,
mc-43542,,,,,,,,,,,,,,,,,,,,,,,,,,,,,,,,https://cdn.shopify.com/s/files/1/0925/7041/9533/files/trapezi-frodo-aloyminioy-60ch60ch72yek-4-4.jpg?v=1772717306,5,Правоъгълна маса Frodo алуминий 60x60x72H cm 4 крака,,,,,,,,,,,,,,,,,,,,,,,,
mc-43509,Маса Figo металик сива 60x60x72 см,"Метална маса за външни пространства със закалено стъкло.<br>
Размери: 60x60x72 см<br>
Метална рамка: 25x0,8 мм дебелина<br>
Цвят Тъмно сив<br>
FIGO<br>
<br>
Продуктът се предлага в опаковка без промени с инструкции за монтаж.",Europe,,Маси,"RelatedColor_Champagne, Градински маси",true,Title,Default Title,,,,,,,,0602330,7800.0,shopify,527,deny,manual,24.87,40.27,true,true,,,,,5208067007146,https://cdn.shopify.com/s/files/1/0925/7041/9533/files/trapezi-figo-metalliko-gkri-60ch60ch72-h.jpg?v=1772717301,1,Маса Figo металик сива 60x60x72 см,false,,,,,,,,,,,,,,,,,,,,kg,,,active
mc-43509,,,,,,,,,,,,,,,,,,,,,,,,,,,,,,,,https://cdn.shopify.com/s/files/1/0925/7041/9533/files/trapezi-figo-metalliko-gkri-60ch60ch72-h-1.jpg?v=1772717300,2,Маса Figo металик сива 60x60x72 см,,,,,,,,,,,,,,,,,,,,,,,,
mc-43509,,,,,,,,,,,,,,,,,,,,,,,,,,,,,,,,https://cdn.shopify.com/s/files/1/0925/7041/9533/files/trapezi-figo-metalliko-gkri-60ch60ch72-h-2.jpg?v=1772717301,3,Маса Figo металик сива 60x60x72 см,,,,,,,,,,,,,,,,,,,,,,,,
mc-43509,,,,,,,,,,,,,,,,,,,,,,,,,,,,,,,,https://cdn.shopify.com/s/files/1/0925/7041/9533/files/trapezi-figo-metalliko-gkri-60ch60ch72-h-3.jpg?v=1772717301,4,Маса Figo металик сива 60x60x72 см,,,,,,,,,,,,,,,,,,,,,,,,
mc-43509,,,,,,,,,,,,,,,,,,,,,,,,,,,,,,,,https://cdn.shopify.com/s/files/1/0925/7041/9533/files/trapezi-figo-metalliko-gkri-60ch60ch72-h-4.jpg?v=1772717300,5,Маса Figo металик сива 60x60x72 см,,,,,,,,,,,,,,,,,,,,,,,,
mc-43509,,,,,,,,,,,,,,,,,,,,,,,,,,,,,,,,https://cdn.shopify.com/s/files/1/0925/7041/9533/files/trapezi-figo-metalliko-gkri-60ch60ch72-h-5.jpg?v=1772717300,6,Маса Figo металик сива 60x60x72 см,,,,,,,,,,,,,,,,,,,,,,,,
mc-43505,Фотьойл Палермо металик сив с алуминиеви ламели,"Метален фотьойл Палермо с алуминиеви ламели на облегалката и основата,<br>
перфектно препоръчван за професионални пространства.<br>
<br>
Цвят тъмно сив<br>
<br>
Размери: 55x59x73H см<br>
Метална рамка: Φ25x0,8 мм дебелина",Europe,,Столове-Фотьойли,"RelatedColor_Бял, RelatedColor_Черен, Градински столове",true,Title,Default Title,,,,,,,,0614235,3000.0,shopify,445,deny,manual,19.10,30.94,true,true,,,,,5208067015349,https://cdn.shopify.com/s/files/1/0925/7041/9533/files/polythrona-metalliki-gkri-me-fetes-aloym.jpg?v=1772717299,1,Фотьойл Laura металик сив с алуминиеви ламели,false,,,,,,,,,,,,,,,,,,,,kg,,,active
mc-43505,,,,,,,,,,,,,,,,,,,,,,,,,,,,,,,,https://cdn.shopify.com/s/files/1/0925/7041/9533/files/polythrona-metalliki-gkri-me-fetes-aloym-1.jpg?v=1772717299,2,Фотьойл Laura металик сив с алуминиеви ламели,,,,,,,,,,,,,,,,,,,,,,,,
mc-43505,,,,,,,,,,,,,,,,,,,,,,,,,,,,,,,,https://cdn.shopify.com/s/files/1/0925/7041/9533/files/polythrona-metalliki-gkri-me-fetes-aloym-2.jpg?v=1772717300,3,Фотьойл Laura металик сив с алуминиеви ламели,,,,,,,,,,,,,,,,,,,,,,,,
mc-43505,,,,,,,,,,,,,,,,,,,,,,,,,,,,,,,,https://cdn.shopify.com/s/files/1/0925/7041/9533/files/polythrona-metalliki-gkri-me-fetes-aloym-3.jpg?v=1772717300,4,Фотьойл Laura металик сив с алуминиеви ламели,,,,,,,,,,,,,,,,,,,,,,,,
mc-43505,,,,,,,,,,,,,,,,,,,,,,,,,,,,,,,,https://cdn.shopify.com/s/files/1/0925/7041/9533/files/polythrona-metalliki-gkri-me-fetes-aloym-4.jpg?v=1772717299,5,Фотьойл Laura металик сив с алуминиеви ламели,,,,,,,,,,,,,,,,,,,,,,,,
mc-43505,,,,,,,,,,,,,,,,,,,,,,,,,,,,,,,,https://cdn.shopify.com/s/files/1/0925/7041/9533/files/polythrona-metalliki-gkri-me-fetes-aloym-5.jpg?v=1772717299,6,Фотьойл Laura металик сив с алуминиеви ламели,,,,,,,,,,,,,,,,,,,,,,,,
mc-43505,,,,,,,,,,,,,,,,,,,,,,,,,,,,,,,,https://cdn.shopify.com/s/files/1/0925/7041/9533/files/polythrona-metalliki-gkri-me-fetes-aloym-6.jpg?v=1772717300,7,Фотьойл Laura металик сив с алуминиеви ламели,,,,,,,,,,,,,,,,,,,,,,,,
mc-43505,,,,,,,,,,,,,,,,,,,,,,,,,,,,,,,,https://cdn.shopify.com/s/files/1/0925/7041/9533/files/polythrona-metalliki-gkri-me-fetes-aloym-7.jpg?v=1772717300,8,Фотьойл Laura металик сив с алуминиеви ламели,,,,,,,,,,,,,,,,,,,,,,,,
mc-43505,,,,,,,,,,,,,,,,,,,,,,,,,,,,,,,,https://cdn.shopify.com/s/files/1/0925/7041/9533/files/polythrona-metalliki-gkri-me-fetes-aloym-8.jpg?v=1772717300,9,Фотьойл Laura металик сив с алуминиеви ламели,,,,,,,,,,,,,,,,,,,,,,,,
