sku,title_original,title_bg,description_original,description_bg,seo_title_bg,seo_description_bg,categories_bg,tags,images,price_retail,price_market,stock,barcode,dimensions
0603282,ΚΑΝΑΠΕΣ ΔΕΞΙΑ ΓΩΝΙΑ 3Θ ΜΕ RECLINE VALENTE SM3317.01R ΑΝΟΙΧΤΟ ΓΚΡΙ ΥΦΑΣΜΑ 275x160x104Yεκ,Диван ъглов десен 3-местен с релакс механизъм Valente светлосив плат 2,"Η SYMETRON παρουσιάζει τον VALENTE! Ο VALENTE είναι ένας premium καναπές εσωτερικού χώρου που σχεδιάστηκε για να προσφέρει απόλυτη άνεση, σύγχρονη αισθητική και κορυφαία λειτουργικότητα. Η τριθέσια διάταξη σε ΔΕΞΙΑ γωνία με πλούσιες διαστάσεις δημιουργεί έναν εντυπωσιακό χώρο χαλάρωσης, ιδανικό για το σύγχρονο σαλόνι. <br />
<br />
Η επένδυση με ύφασμα τύπου teddy σε ΑΝΟΙΧΤΗ ΓΚΡΙ (σχεδόν εκρού) απόχρωση προσδίδει ζεστασιά, απαλή υφή και μια ιδιαίτερα κομψή παρουσία που ταιριάζει σε μοντέρνα αλλά και πιο διαχρονικά διακοσμητικά στυλ.<br />
<br />
Τα μεταλλικά πόδια σε glossy μεταλλικό φινίρισμα προσθέτουν μια διακριτική πινελιά πολυτέλειας και ταυτόχρονα αναδεικνύουν τον σύγχρονο χαρακτήρα του καναπέ. Τα μπράτσα και στις δύο πλευρές ολοκληρώνουν τη συμμετρική αισθητική και προσφέρουν επιπλέον άνεση στην καθημερινή χρήση.<br />
<br />
Τα προσκέφαλα και στις τρεις θέσεις διαθέτουν ρυθμιζόμενη ανάκλιση με εύχρηστο χειροκίνητο μηχανισμό, επιτρέποντας την προσαρμογή της θέσης στήριξης σύμφωνα με τις ανάγκες κάθε στιγμής. Παράλληλα, η θέση που βρίσκεται δίπλα στο μπράτσο —και όχι στη γωνία— διαθέτει πλήρη ηλεκτρική ανάκλιση, μετατρέποντας το κάθισμα σε μια πραγματική ζώνη χαλάρωσης με το πάτημα ενός κουμπιού. Οι διακόπτες ελέγχου βρίσκονται διακριτικά τοποθετημένοι στην εσωτερική πλευρά του μπράτσου για εύκολη και άμεση πρόσβαση. Στο ίδιο σημείο υπάρχει και θύρα USB, προσφέροντας τη δυνατότητα φόρτισης συσκευών και ενισχύοντας την πρακτικότητα του καναπέ στην καθημερινότητα.<br />
<br />
Ο VALENTE δεν είναι απλώς ένας καναπές. Είναι μια ολοκληρωμένη εμπειρία άνεσης και design που μεταμορφώνει το σαλόνι σε έναν χώρο χαλάρωσης υψηλής αισθητικής και σύγχρονης λειτουργικότητας.<br />
<br />
*Το προϊόν παραδίδεται ασυναρμολόγητο σε εργοστασιακές συσκευασίες.<br />
** Η χρωματική απόδοση του προϊόντος ενδέχεται να διαφέρει ελαφρώς σε σχέση με την φωτογραφική απεικόνισή του στην οθόνη σας.<br />
<br />
ΔΙΑΣΤΑΣΕΙΣ:<br />
275x100-160x82-104Y εκ.<br />
Ύψος καθίσματος: 45 εκ.<br />
Διαστάσεις καθίσματος: 225(154)x55-124 εκ.<br />
Ύψος μπράτσων: 62 εκ.<br />
Διαστάσεις πλάτης: 228x35-65 εκ.<br />
Ανάκλιση: 74x135 εκ.<br />
<br />
ΥΛΙΚΑ ΚΑΤΑΣΚΕΥΗΣ:<br />
-Μεταλλικά πόδια<br />
<br />
- Επένδυση από ποιοτικό ύφασμα teddy, το οποίο συνήθως κατασκευάζεται από πολυεστέρα σε συνδυασμό με ακρυλικό. Και στη συνέχεια βάφεται στο επιθυμητό χρώμα. Το ύφασμα αυτό μπορεί να χαρακτηριστεί απαλό, αφράτο, και ελαστικό ενώ ταυτόχρονα είναι ανθεκτικό, ζεστό και μπορεί να απορροφά την υγρασία.<br />
<br />
ΣΥΝΤΗΡΗΣΗ:<br />
Στις περισσότερες περιπτώσεις, το ύφασμα Teddy μπορεί απλά να σκουπιστεί με την ηλεκτρική σκούπα. <br />
<br />
ΠΛΕΟΝΕΚΤΗΜΑΤΑ:<br />
• Ανθεκτικότητα υλικών<br />
• Σύγχρονη λειτουργικότητα: Ρυθμιζόμενα προσκέφαλα -- ηλεκτρική ανάκλιση – είσοδος USB<br />
• Εύκολη συντήρηση","<p><strong>SYMETRON представя VALENTE!</strong></p><p>VALENTE е премиум диван за вътрешна употреба, проектиран да осигури абсолютен комфорт, съвременна естетика и върхова функционалност. Тристранната конфигурация с ДЯСНА ъглова форма и щедри размери създава впечатляващо пространство за релакс, идеално за модерната всекидневна.</p><p>Обшивката от плат тип teddy в СВЕТЛО СИВО (почти екрю) придава топлина, мека текстура и изключително елегантно присъствие, което пасва както на модерни, така и на по-класически интериорни стилове.</p><p>Металните крака с гланцов метален завършек добавят дискретен луксозен акцент и подчертават съвременния характер на дивана. Подлакътниците от двете страни завършват симетричната визия и осигуряват допълнителен комфорт при ежедневна употреба.</p><p>Възглавниците за глава на трите места имат регулируем наклон с удобен ръчен механизъм, позволяващ настройка според нуждите във всеки момент. Освен това мястото до подлакътника — а не в ъгъла — разполага с пълна електрическа функция за наклон, превръщайки седалката в истинска зона за релакс с натискането на бутон. Контролните ключове са дискретно разположени от вътрешната страна на подлакътника за лесен и бърз достъп. На същото място има и USB порт, който позволява зареждане на устройства и повишава практичността на дивана в ежедневието.</p><p>VALENTE не е просто диван. Това е цялостно изживяване на комфорт и дизайн, което превръща всекидневната в пространство за релакс с висока естетика и съвременна функционалност.</p><p>*Продуктът се доставя разглобен в заводски опаковки.<br>** Цветовото представяне на продукта може леко да се различава от фотографското изображение на вашия екран.</p><p><strong>РАЗМЕРИ:</strong><br>275x100-160x82-104Y см.<br>Височина на седалката: 45 см.<br>Размери на седалката: 225(154)x55-124 см.<br>Височина на подлакътниците: 62 см.<br>Размери на облегалката: 228x35-65 см.<br>Наклон: 74x135 см.</p><p><strong>МАТЕРИАЛИ:</strong></p><ul><li><strong>Метални крака</strong></li><li><strong>Обшивка от качествен плат teddy, обикновено изработен от полиестер в комбинация с акрил. След това се боядисва в желания цвят. Този плат е мек, пухкав и еластичен, като същевременно е издръжлив, топъл и може да абсорбира влагата.</strong></li></ul><p><strong>ПОДДРЪЖКА:</strong><br>В повечето случаи платът Teddy може просто да се почиства с прахосмукачка.</p><p><strong>ПРЕДИМСТВА:</strong></p><ul><li><strong>Издръжливост на материалите</strong></li><li><strong>Съвременна функционалност: Регулируеми възглавници за глава – електрически наклон – USB вход</strong></li><li><strong>Лесна поддръжка</strong></li></ul>",Десен ъглов диван 3 места с релакс Valente SM3317.01R светлосив плат,"Десен ъглов диван 3-местен с релакс функция VALENTE SM3317.0 - SYMETRON представя VALENTE! VALENTE е премиум диван за вътрешна употреба, проектиран с внимание к",[L] Εσωτερικός χώρος > [L] Σαλόνια - γωνίες,Ъглови дивани,https://www.b2bmarkt.gr/img/prd/o/76339/.jpg; https://www.b2bmarkt.gr/img/prd/o/76339/-1.jpg; https://www.b2bmarkt.gr/img/prd/o/76339/-2.jpg; https://www.b2bmarkt.gr/img/prd/o/76339/-3.jpg; https://www.b2bmarkt.gr/img/prd/o/76339/-4.jpg; https://www.b2bmarkt.gr/img/prd/o/76339/-5.jpg; https://www.b2bmarkt.gr/img/prd/o/76339/-6.jpg; https://www.b2bmarkt.gr/img/prd/o/76339/-7.jpg; https://www.b2bmarkt.gr/img/prd/o/76339/-8.jpg; https://www.b2bmarkt.gr/img/prd/o/76339/-9.jpg,1500,0,8,5208067217828,L:0 W:0 H:0 Weight:51kg Vol:0.68m3
0603284,ΚΑΝΑΠΕΣ ΑΡΙΣΤΕΡΗ ΓΩΝΙΑ 3Θ ΜΕ RECLINE VALENTE SM3317.01L ΑΝΟΙΧΤΟ ΓΚΡΙ ΥΦΑΣΜΑ 275x160x104Yεκ,Диван лява ъглова 3-местен с релакс Valente светлосив плат 275x160x104,"Η SYMETRON παρουσιάζει τον VALENTE! Ο VALENTE είναι ένας premium καναπές εσωτερικού χώρου που σχεδιάστηκε για να προσφέρει απόλυτη άνεση, σύγχρονη αισθητική και κορυφαία λειτουργικότητα. Η τριθέσια διάταξη σε ΑΡΙΣΤΕΡΗ γωνία με πλούσιες διαστάσεις δημιουργεί έναν εντυπωσιακό χώρο χαλάρωσης, ιδανικό για το σύγχρονο σαλόνι. <br />
<br />
Η επένδυση με ύφασμα τύπου teddy σε ΑΝΟΙΧΤΗ ΓΚΡΙ (σχεδόν εκρού) απόχρωση προσδίδει ζεστασιά, απαλή υφή και μια ιδιαίτερα κομψή παρουσία που ταιριάζει σε μοντέρνα αλλά και πιο διαχρονικά διακοσμητικά στυλ.<br />
<br />
Τα μεταλλικά πόδια σε glossy μεταλλικό φινίρισμα προσθέτουν μια διακριτική πινελιά πολυτέλειας και ταυτόχρονα αναδεικνύουν τον σύγχρονο χαρακτήρα του καναπέ. Τα μπράτσα και στις δύο πλευρές ολοκληρώνουν τη συμμετρική αισθητική και προσφέρουν επιπλέον άνεση στην καθημερινή χρήση.<br />
<br />
Τα προσκέφαλα και στις τρεις θέσεις διαθέτουν ρυθμιζόμενη ανάκλιση με εύχρηστο χειροκίνητο μηχανισμό, επιτρέποντας την προσαρμογή της θέσης στήριξης σύμφωνα με τις ανάγκες κάθε στιγμής. Παράλληλα, η θέση που βρίσκεται δίπλα στο μπράτσο —και όχι στη γωνία— διαθέτει πλήρη ηλεκτρική ανάκλιση, μετατρέποντας το κάθισμα σε μια πραγματική ζώνη χαλάρωσης με το πάτημα ενός κουμπιού. Οι διακόπτες ελέγχου βρίσκονται διακριτικά τοποθετημένοι στην εσωτερική πλευρά του μπράτσου για εύκολη και άμεση πρόσβαση. Στο ίδιο σημείο υπάρχει και θύρα USB, προσφέροντας τη δυνατότητα φόρτισης συσκευών και ενισχύοντας την πρακτικότητα του καναπέ στην καθημερινότητα.<br />
<br />
Ο VALENTE δεν είναι απλώς ένας καναπές. Είναι μια ολοκληρωμένη εμπειρία άνεσης και design που μεταμορφώνει το σαλόνι σε έναν χώρο χαλάρωσης υψηλής αισθητικής και σύγχρονης λειτουργικότητας.<br />
<br />
*Το προϊόν παραδίδεται ασυναρμολόγητο σε εργοστασιακές συσκευασίες.<br />
** Η χρωματική απόδοση του προϊόντος ενδέχεται να διαφέρει ελαφρώς σε σχέση με την φωτογραφική απεικόνισή του στην οθόνη σας.<br />
<br />
ΔΙΑΣΤΑΣΕΙΣ:<br />
275x100-160x82-104Y εκ.<br />
Ύψος καθίσματος: 45 εκ.<br />
Διαστάσεις καθίσματος: 225(154)x55-124 εκ.<br />
Ύψος μπράτσων: 62 εκ.<br />
Διαστάσεις πλάτης: 228x35-65 εκ.<br />
Ανάκλιση: 74x135 εκ.<br />
<br />
ΥΛΙΚΑ ΚΑΤΑΣΚΕΥΗΣ:<br />
-Μεταλλικά πόδια<br />
<br />
- Επένδυση από ποιοτικό ύφασμα teddy, το οποίο συνήθως κατασκευάζεται από πολυεστέρα σε συνδυασμό με ακρυλικό. Και στη συνέχεια βάφεται στο επιθυμητό χρώμα. Το ύφασμα αυτό μπορεί να χαρακτηριστεί απαλό, αφράτο, και ελαστικό ενώ ταυτόχρονα είναι ανθεκτικό, ζεστό και μπορεί να απορροφά την υγρασία.<br />
<br />
ΣΥΝΤΗΡΗΣΗ:<br />
Στις περισσότερες περιπτώσεις, το ύφασμα Teddy μπορεί απλά να σκουπιστεί με την ηλεκτρική σκούπα. <br />
<br />
ΠΛΕΟΝΕΚΤΗΜΑΤΑ:<br />
• Ανθεκτικότητα υλικών<br />
• Σύγχρονη λειτουργικότητα: Ρυθμιζόμενα προσκέφαλα -- ηλεκτρική ανάκλιση – είσοδος USB<br />
• Εύκολη συντήρηση","<p><strong>SYMETRON представя VALENTE!</strong></p><p>VALENTE е премиум диван за вътрешна употреба, проектиран да осигури абсолютен комфорт, съвременна естетика и върхова функционалност. Тристранната подредба в ЛЯВА ъглова форма с щедри размери създава впечатляващо пространство за релакс, идеално за модерната всекидневна.</p><p>Обшивката от плат тип teddy в СВЕТЛО СИВ (почти екрю) нюанс придава топлина, мека текстура и изключително елегантно присъствие, което пасва както на модерни, така и на по-класически интериорни стилове.</p><p>Металните крака с гланцов метален завършек добавят дискретен луксозен щрих и подчертават съвременния характер на дивана. Подлакътниците от двете страни завършват симетричната визия и осигуряват допълнителен комфорт при ежедневна употреба.</p><p>Възглавниците за глава на трите места имат регулируемо накланяне с удобен ръчен механизъм, позволяващ настройка според нуждите във всеки момент. Освен това мястото до подлакътника — а не в ъгъла — разполага с пълна електрическа функция за накланяне, превръщайки седалката в истинска зона за релакс с натискането на бутон. Контролите са дискретно разположени от вътрешната страна на подлакътника за лесен и бърз достъп. На същото място има и USB порт, който позволява зареждане на устройства и повишава практичността на дивана в ежедневието.</p><p>VALENTE не е просто диван. Това е цялостно изживяване на комфорт и дизайн, което превръща всекидневната в пространство за релакс с висока естетика и съвременна функционалност.</p><p>*Продуктът се доставя разглобен в заводски опаковки.<br>**Цветовото представяне на продукта може леко да се различава от фотографското изображение на вашия екран.</p><p><strong>РАЗМЕРИ:</strong><br>275x100-160x82-104Y см.<br>Височина на седалката: 45 см.<br>Размери на седалката: 225(154)x55-124 см.<br>Височина на подлакътниците: 62 см.<br>Размери на облегалката: 228x35-65 см.<br>Наклон: 74x135 см.</p><p><strong>МАТЕРИАЛИ:</strong></p><ul><li><strong>Метални крака</strong></li><li><strong>Обшивка от качествен плат teddy, обикновено изработен от полиестер в комбинация с акрил. След това се боядисва в желания цвят. Този плат е мек, пухкав и еластичен, като същевременно е издръжлив, топъл и може да абсорбира влагата.</strong></li></ul><p><strong>ПОДДРЪЖКА:</strong><br>В повечето случаи платът Teddy може просто да се почиства с прахосмукачка.</p><p><strong>ПРЕДИМСТВА:</strong></p><ul><li><strong>Издръжливост на материалите</strong></li><li><strong>Съвременна функционалност: Регулируеми възглавници за глава – електрическо накланяне – USB вход</strong></li><li><strong>Лесна поддръжка</strong></li></ul>",Ляв ъглов диван 3-местен с релакс Valente SM3317.01L светлосив,"ЛЯВ ЪГЛОВ ТРИМЕСТЕН ДИВАН С РЕКЛАЙНЕР VALENTE SM331 - SYMETRON представя VALENTE! VALENTE е премиум диван за вътрешна употреба, проектиран",[L] Εσωτερικός χώρος > [L] Σαλόνια - γωνίες,Ъглови дивани,https://www.b2bmarkt.gr/img/prd/o/76340/.jpg; https://www.b2bmarkt.gr/img/prd/o/76340/-1.jpg; https://www.b2bmarkt.gr/img/prd/o/76340/-2.jpg; https://www.b2bmarkt.gr/img/prd/o/76340/-3.jpg; https://www.b2bmarkt.gr/img/prd/o/76340/-4.jpg; https://www.b2bmarkt.gr/img/prd/o/76340/-5.jpg; https://www.b2bmarkt.gr/img/prd/o/76340/-6.jpg; https://www.b2bmarkt.gr/img/prd/o/76340/-7.jpg; https://www.b2bmarkt.gr/img/prd/o/76340/-8.jpg; https://www.b2bmarkt.gr/img/prd/o/76340/-9.jpg,1500,0,8,5208067217903,L:0 W:0 H:0 Weight:51kg Vol:0.68m3
0603286,ΚΑΝΑΠΕΣ ΔΕΞΙΑ ΓΩΝΙΑ 5Θ MYRON SM3318.01R ΓΚΡΙ ΥΦΑΣΜΑ 290x110-225x110Υεκ.,Диван ъглов десен 5-местен MYRON SM3318.01R сив плат 290x110-225x110 с,"Η SYMETRON παρουσιάζει τον υπέροχο γωνιακό καναπέ 5 θέσεων MYRON! Σε διαμόρφωση δεξιάς γωνίας συνδυάζει την ποιότητα των υλικών κατασκευής με τα χαρακτηριστικά που τον κάνουν να ξεχωρίζει! <br />
Ολόκληρη η επένδυσή του έχει γίνει με ΓΚΡΙ ανάγλυφο ύφασμα, ενώ τα πόδια είναι μεταλλικά. Κάθε μία από τις 5 θέσεις διαθέτει κινούμενη πλάτη την οποία κινείτε με υφασμάτινο χερούλι που βρίσκεται στο πίσω μέρος, ενώ διαθέτουν και ξεχωριστό προσκέφαλο. Την υπέροχη εικόνα συμπληρώνουν τα 5 μικρά διακοσμητικά μαξιλαράκια επενδυμένα με ίδιο ύφασμα.<br />
<br />
ΔΙΑΣΤΑΣΕΙΣ:<br />
290x110-225x110Υ εκ.<br />
Ύψος καθίσματος: 44 εκ.<br />
Διαστάσεις καθίσματος: 225(160)x63-184 εκ. & 65-105x184 εκ.<br />
Ύψος μπράτσων: 64 εκ.<br />
Διαστάσεις πλάτης: 255x73 εκ. & 175x73 εκ.<br />
Ύψος ποδιών: 15 εκ.<br />
Ανάκλιση: 93 εκ. σε βάθος καθίσματος<br />
<br />
ΥΛΙΚΑ ΚΑΤΑΣΚΕΥΗΣ:<br />
-Μεταλλικά πόδια<br />
<br />
- Επένδυση από ανάγλυφο ποιοτικό ύφασμα. <br />
<br />
ΣΥΝΤΗΡΗΣΗ:<br />
Πέρα από τακτικό ξεσκόνισμα, μπορείτε να χρησιμοποιείτε ένα υγρό πανί. Μην χρησιμοποιείτε χημικά καθαριστικά.<br />
<br />
ΠΛΕΟΝΕΚΤΗΜΑΤΑ:<br />
• Ανθεκτικότητα υλικών<br />
• Σύγχρονη λειτουργικότητα: Μετακινούμενες πλάτες και προσκέφαλα<br />
• Εύκολη συντήρηση: Εύκολος καθαρισμός με ήπια καθαριστικά.<br />
<br />
*Το προϊόν παραδίδεται ασυναρμολόγητο σε εργοστασιακές συσκευασίες.<br />
** Η χρωματική απόδοση του προϊόντος ενδέχεται να διαφέρει ελαφρώς σε σχέση με την φωτογραφική απεικόνισή του στην οθόνη σας.","<p><strong>Въведение</strong></p><p>SYMETRON представя прекрасния ъглов диван с 5 места MYRON! В конфигурация с дясна ъглова част, той съчетава качеството на материалите с характеристики, които го отличават!</p><p>Цялата му тапицерия е изработена от сив релефен плат, а краката са метални. Всяко от 5-те места разполага с подвижна облегалка, която се управлява с платена дръжка, разположена отзад, както и с отделна възглавница за глава. Прекрасната визия се допълва от 5 малки декоративни възглавнички, тапицирани със същия плат.</p><p><strong>РАЗМЕРИ:</strong></p><ul><li><strong>290x110-225x110В см</strong></li><li><strong>Височина на седалката:</strong> 44 см</li><li><strong>Размери на седалката:</strong> 225(160)x63-184 см и 65-105x184 см</li><li><strong>Височина на подлакътниците:</strong> 64 см</li><li><strong>Размери на облегалката:</strong> 255x73 см и 175x73 см</li><li><strong>Височина на краката:</strong> 15 см</li><li><strong>Наклон:</strong> 93 см в дълбочина на седалката</li></ul><p><strong>МАТЕРИАЛИ ЗА ИЗРАБОТКА:</strong></p><ul><li><strong>Метални крака</strong></li><li><strong>Тапицерия от релефен качествен плат</strong></li></ul><p><strong>ПОДДРЪЖКА:</strong></p><p>Освен редовно почистване с прахосмукачка, можете да използвате влажна кърпа. Не използвайте химически почистващи препарати.</p><p><strong>ПРЕДИМСТВА:</strong></p><ul><li><strong>Издръжливост на материалите</strong></li><li><strong>Модерна функционалност:</strong> Подвижни облегалки и възглавници за глава</li><li><strong>Лесна поддръжка:</strong> Лесно почистване с меки почистващи средства</li></ul><p>*Продуктът се доставя разглобен в заводски опаковки.</p><p>** Цветовото представяне на продукта може леко да се различава от фотографското изображение на вашия екран.</p>",Десен ъглов диван 5 места MYRON SM3318.01R сив плат 290x110-225x110 см,"Ъглов диван MYRON 5 места, десен ъгъл, сив плат - стилен и удобен избор за всеки дом от MebelCenter.",[L] Εσωτερικός χώρος > [L] Σαλόνια - γωνίες,Ъглови дивани,https://www.b2bmarkt.gr/img/prd/o/76341/.jpg; https://www.b2bmarkt.gr/img/prd/o/76341/-1.jpg; https://www.b2bmarkt.gr/img/prd/o/76341/-2.jpg; https://www.b2bmarkt.gr/img/prd/o/76341/-3.jpg; https://www.b2bmarkt.gr/img/prd/o/76341/-4.jpg; https://www.b2bmarkt.gr/img/prd/o/76341/-5.jpg; https://www.b2bmarkt.gr/img/prd/o/76341/-6.jpg; https://www.b2bmarkt.gr/img/prd/o/76341/-7.jpg; https://www.b2bmarkt.gr/img/prd/o/76341/-8.jpg; https://www.b2bmarkt.gr/img/prd/o/76341/-9.jpg,1700,0,8,5208067217972,L:0 W:0 H:0 Weight:70kg Vol:1.15m3
0603285,ΚΑΝΑΠΕΣ ΑΡΙΣΤΕΡΗ ΓΩΝΙΑ 3Θ ΜΕ RECLINE VALENTE SM3317.02L ΜΠΕΖ ΥΦΑΣΜΑ 275x160x104Yεκ,Диван 3-местен лява ъглова с релакс бежов плат 275x160x104 см,"Η SYMETRON παρουσιάζει τον VALENTE! Ο VALENTE είναι ένας premium καναπές εσωτερικού χώρου που σχεδιάστηκε για να προσφέρει απόλυτη άνεση, σύγχρονη αισθητική και κορυφαία λειτουργικότητα. Η τριθέσια διάταξη σε ΑΡΙΣΤΕΡΗ γωνία με πλούσιες διαστάσεις δημιουργεί έναν εντυπωσιακό χώρο χαλάρωσης, ιδανικό για το σύγχρονο σαλόνι. <br />
<br />
Η επένδυση με ύφασμα τύπου teddy σε ΜΠΕΖ απόχρωση προσδίδει ζεστασιά, απαλή υφή και μια ιδιαίτερα κομψή παρουσία που ταιριάζει σε μοντέρνα αλλά και πιο διαχρονικά διακοσμητικά στυλ.<br />
<br />
Τα μεταλλικά πόδια σε glossy μεταλλικό φινίρισμα προσθέτουν μια διακριτική πινελιά πολυτέλειας και ταυτόχρονα αναδεικνύουν τον σύγχρονο χαρακτήρα του καναπέ. Τα μπράτσα και στις δύο πλευρές ολοκληρώνουν τη συμμετρική αισθητική και προσφέρουν επιπλέον άνεση στην καθημερινή χρήση.<br />
<br />
Τα προσκέφαλα και στις τρεις θέσεις διαθέτουν ρυθμιζόμενη ανάκλιση με εύχρηστο χειροκίνητο μηχανισμό, επιτρέποντας την προσαρμογή της θέσης στήριξης σύμφωνα με τις ανάγκες κάθε στιγμής. Παράλληλα, η θέση που βρίσκεται δίπλα στο μπράτσο —και όχι στη γωνία— διαθέτει πλήρη ηλεκτρική ανάκλιση, μετατρέποντας το κάθισμα σε μια πραγματική ζώνη χαλάρωσης με το πάτημα ενός κουμπιού. Οι διακόπτες ελέγχου βρίσκονται διακριτικά τοποθετημένοι στην εσωτερική πλευρά του μπράτσου για εύκολη και άμεση πρόσβαση. Στο ίδιο σημείο υπάρχει και θύρα USB, προσφέροντας τη δυνατότητα φόρτισης συσκευών και ενισχύοντας την πρακτικότητα του καναπέ στην καθημερινότητα.<br />
<br />
Ο VALENTE δεν είναι απλώς ένας καναπές. Είναι μια ολοκληρωμένη εμπειρία άνεσης και design που μεταμορφώνει το σαλόνι σε έναν χώρο χαλάρωσης υψηλής αισθητικής και σύγχρονης λειτουργικότητας.<br />
<br />
*Το προϊόν παραδίδεται ασυναρμολόγητο σε εργοστασιακές συσκευασίες.<br />
** Η χρωματική απόδοση του προϊόντος ενδέχεται να διαφέρει ελαφρώς σε σχέση με την φωτογραφική απεικόνισή του στην οθόνη σας.<br />
<br />
ΔΙΑΣΤΑΣΕΙΣ:<br />
275x100-160x82-104Y εκ.<br />
Ύψος καθίσματος: 45 εκ.<br />
Διαστάσεις καθίσματος: 225(154)x55-124 εκ.<br />
Ύψος μπράτσων: 62 εκ.<br />
Διαστάσεις πλάτης: 228x35-65 εκ.<br />
Ανάκλιση: 74x135 εκ.<br />
<br />
ΥΛΙΚΑ ΚΑΤΑΣΚΕΥΗΣ:<br />
-Μεταλλικά πόδια<br />
<br />
- Επένδυση από ποιοτικό ύφασμα teddy, το οποίο συνήθως κατασκευάζεται από πολυεστέρα σε συνδυασμό με ακρυλικό. Και στη συνέχεια βάφεται στο επιθυμητό χρώμα. Το ύφασμα αυτό μπορεί να χαρακτηριστεί απαλό, αφράτο, και ελαστικό ενώ ταυτόχρονα είναι ανθεκτικό, ζεστό και μπορεί να απορροφά την υγρασία.<br />
<br />
ΣΥΝΤΗΡΗΣΗ:<br />
Στις περισσότερες περιπτώσεις, το ύφασμα Teddy μπορεί απλά να σκουπιστεί με την ηλεκτρική σκούπα. <br />
<br />
ΠΛΕΟΝΕΚΤΗΜΑΤΑ:<br />
• Ανθεκτικότητα υλικών<br />
• Σύγχρονη λειτουργικότητα: Ρυθμιζόμενα προσκέφαλα -- ηλεκτρική ανάκλιση – είσοδος USB<br />
• Εύκολη συντήρηση","<p><strong>SYMETRON представя VALENTE!</strong></p><p>VALENTE е премиум диван за вътрешна употреба, проектиран да осигури абсолютен комфорт, съвременна естетика и върхова функционалност. Тризвездната конфигурация с ЛЯВА ъглова форма и щедри размери създава впечатляващо пространство за релакс, идеално за модерната дневна.</p><p>Обшивката от плат тип teddy в БЕЖОВ цвят придава топлина, мека текстура и изключително елегантно присъствие, което пасва както на модерни, така и на по-класически интериорни стилове.</p><p>Металните крака с гланцово метално покритие добавят дискретен луксозен щрих и подчертават съвременния характер на дивана. Подлакътниците от двете страни завършват симетричната визия и осигуряват допълнителен комфорт при ежедневна употреба.</p><p>Наклоняемите облегалки на трите места разполагат с регулируем механизъм с ръчно управление, позволяващ настройка на позицията според нуждите във всеки момент. Освен това мястото до подлакътника — а не в ъгъла — разполага с пълна електрическа функция за наклон, превръщайки седалката в истинска зона за релакс с натискането на бутон. Контролите са дискретно разположени от вътрешната страна на подлакътника за лесен и бърз достъп. На същото място има и USB порт, който позволява зареждане на устройства и увеличава практичността на дивана в ежедневието.</p><p>VALENTE не е просто диван. Това е цялостно изживяване на комфорт и дизайн, което превръща дневната в пространство за релакс с висока естетика и съвременна функционалност.</p><p>*Продуктът се доставя разглобен в заводски опаковки.<br>** Цветовото представяне на продукта може леко да се различава от фотографското изображение на вашия екран.</p><p>РАЗМЕРИ:<br>275x100-160x82-104Y см.<br>Височина на седалката: 45 см.<br>Размери на седалката: 225(154)x55-124 см.<br>Височина на подлакътниците: 62 см.<br>Размери на облегалката: 228x35-65 см.<br>Наклон: 74x135 см.</p><p>МАТЕРИАЛИ:</p><ul><li><strong>Метални крака</strong></li><li><strong>Обшивка:</strong> качествен плат teddy, обикновено изработен от полиестер в комбинация с акрил, боядисан в желания цвят. Този плат е мек, пухкав и еластичен, като същевременно е издръжлив, топъл и абсорбира влагата.</li></ul><p>ПОДДРЪЖКА:<br>В повечето случаи платът Teddy може просто да се почиства с прахосмукачка.</p><p>ПРЕДИМСТВА:<br>• Издръжливи материали<br>• Съвременна функционалност: регулируеми облегалки – електрически наклон – USB вход<br>• Лесна поддръжка</p>",Ляв ъглов диван 3-местен с релакс Valente SM3317.02L бежов плат,"ЛЯВ ЪГЛОВ ТРИМЕСТЕН ДИВАН С РЕКЛАЙНЕР VALENTE SM331 - SYMETRON представя VALENTE! VALENTE е премиум диван за вътрешна употреба, проектиран",[L] Εσωτερικός χώρος > [L] Σαλόνια - γωνίες,Ъглови дивани,https://www.b2bmarkt.gr/img/prd/o/76342/.jpg; https://www.b2bmarkt.gr/img/prd/o/76342/-1.jpg; https://www.b2bmarkt.gr/img/prd/o/76342/-2.jpg; https://www.b2bmarkt.gr/img/prd/o/76342/-3.jpg; https://www.b2bmarkt.gr/img/prd/o/76342/-4.jpg; https://www.b2bmarkt.gr/img/prd/o/76342/-5.jpg; https://www.b2bmarkt.gr/img/prd/o/76342/-6.jpg; https://www.b2bmarkt.gr/img/prd/o/76342/-7.jpg; https://www.b2bmarkt.gr/img/prd/o/76342/-8.jpg; https://www.b2bmarkt.gr/img/prd/o/76342/-9.jpg,1500,0,8,5208067217866,L:0 W:0 H:0 Weight:51kg Vol:0.68m3
0603289,ΚΑΝΑΠΕΣ ΑΡΙΣΤΕΡΗ ΓΩΝΙΑ 5Θ MYRON SM3318.02L ΕΚΡΟΥ ΥΦΑΣΜΑ 290x110-225x110Υεκ.,Диван лява ъглова 5-местен MYRON SM3318.02L екрю плат 290x110-225x110 ,"Η SYMETRON παρουσιάζει τον υπέροχο γωνιακό καναπέ 5 θέσεων MYRON! Σε διαμόρφωση αριστερής γωνίας συνδυάζει την ποιότητα των υλικών κατασκευής με τα χαρακτηριστικά που τον κάνουν να ξεχωρίζει! <br />
Ολόκληρη η επένδυσή του έχει γίνει με ΕΚΡΟΥ ανάγλυφο ύφασμα, ενώ τα πόδια είναι μεταλλικά. Κάθε μία από τις 5 θέσεις διαθέτει κινούμενη πλάτη την οποία κινείτε με υφασμάτινο χερούλι που βρίσκεται στο πίσω μέρος, ενώ διαθέτουν και ξεχωριστό προσκέφαλο. Την υπέροχη εικόνα συμπληρώνουν τα 5 μικρά διακοσμητικά μαξιλαράκια επενδυμένα με ίδιο ύφασμα.<br />
<br />
ΔΙΑΣΤΑΣΕΙΣ:<br />
290x110-225x110Υ εκ.<br />
Ύψος καθίσματος: 44 εκ.<br />
Διαστάσεις καθίσματος: 225(160)x63-184 εκ. & 65-105x184 εκ.<br />
Ύψος μπράτσων: 64 εκ.<br />
Διαστάσεις πλάτης: 255x73 εκ. & 175x73 εκ.<br />
Ύψος ποδιών: 15 εκ.<br />
Ανάκλιση: 93 εκ. σε βάθος καθίσματος<br />
<br />
ΥΛΙΚΑ ΚΑΤΑΣΚΕΥΗΣ:<br />
-Μεταλλικά πόδια<br />
<br />
- Επένδυση από ανάγλυφο ποιοτικό ύφασμα. <br />
<br />
ΣΥΝΤΗΡΗΣΗ:<br />
Πέρα από τακτικό ξεσκόνισμα, μπορείτε να χρησιμοποιείτε ένα υγρό πανί. Μην χρησιμοποιείτε χημικά καθαριστικά.<br />
<br />
ΠΛΕΟΝΕΚΤΗΜΑΤΑ:<br />
• Ανθεκτικότητα υλικών<br />
• Σύγχρονη λειτουργικότητα: Μετακινούμενες πλάτες και προσκέφαλα<br />
• Εύκολη συντήρηση: Εύκολος καθαρισμός με ήπια καθαριστικά.<br />
<br />
*Το προϊόν παραδίδεται ασυναρμολόγητο σε εργοστασιακές συσκευασίες.<br />
** Η χρωματική απόδοση του προϊόντος ενδέχεται να διαφέρει ελαφρώς σε σχέση με την φωτογραφική απεικόνισή του στην οθόνη σας.","<p><strong>Въведение</strong></p><p>SYMETRON представя великолепния ъглов диван с 5 места MYRON! В лява ъглова конфигурация той съчетава качеството на материалите с отличителните характеристики, които го правят уникален!</p><p>Цялата му тапицерия е изработена от релефна тъкан в цвят ЕКРУ, а краката са метални. Всяко от 5-те места разполага с подвижна облегалка, която се управлява чрез текстилна дръжка, разположена отзад, както и с отделна възглавница за глава. Перфектният вид допълват 5 малки декоративни възглавнички, тапицирани с същата тъкан.</p><p><strong>РАЗМЕРИ:</strong></p><ul><li><strong>Общи размери:</strong> 290x110-225x110В см</li><li><strong>Височина на седалката:</strong> 44 см</li><li><strong>Размери на седалката:</strong> 225(160)x63-184 см и 65-105x184 см</li><li><strong>Височина на подлакътниците:</strong> 64 см</li><li><strong>Размери на облегалката:</strong> 255x73 см и 175x73 см</li><li><strong>Височина на краката:</strong> 15 см</li><li><strong>Отпускане:</strong> 93 см в дълбочина на седалката</li></ul><p><strong>МАТЕРИАЛИ:</strong></p><ul><li><strong>Крака:</strong> Метални</li><li><strong>Тапицерия:</strong> Релефна качествена тъкан</li></ul><p><strong>ПОДДРЪЖКА:</strong></p><p>Освен редовно почистване от прах, може да използвате влажна кърпа. Не използвайте химически почистващи препарати.</p><p><strong>ПРЕДИМСТВА:</strong></p><ul><li><strong>Издръжливост на материалите</strong></li><li><strong>Модерна функционалност:</strong> Подвижни облегалки и възглавници за глава</li><li><strong>Лесна поддръжка:</strong> Лесно почистване с меки почистващи препарати</li></ul><p>*Продуктът се доставя разглобен в заводски опаковки.<br>** Цветовото представяне на продукта може леко да се различава от фотографското изображение на вашия екран.</p>",Ляв ъглов диван 5 места MYRON SM3318.02L екрю плат 290x110-225x110 см,Ъглов диван 5 места MYRON SM3318.02L в цвят екрю с лява конфигурация. Перфектен избор за комфорт и стил в дома от MebelCenter.,[L] Εσωτερικός χώρος > [L] Σαλόνια - γωνίες,Ъглови дивани,https://www.b2bmarkt.gr/img/prd/o/76343/.jpg; https://www.b2bmarkt.gr/img/prd/o/76343/-1.jpg; https://www.b2bmarkt.gr/img/prd/o/76343/-2.jpg; https://www.b2bmarkt.gr/img/prd/o/76343/-3.jpg; https://www.b2bmarkt.gr/img/prd/o/76343/-4.jpg; https://www.b2bmarkt.gr/img/prd/o/76343/-5.jpg; https://www.b2bmarkt.gr/img/prd/o/76343/-6.jpg; https://www.b2bmarkt.gr/img/prd/o/76343/-7.jpg; https://www.b2bmarkt.gr/img/prd/o/76343/-8.jpg; https://www.b2bmarkt.gr/img/prd/o/76343/-9.jpg,1700,0,6,5208067218009,L:0 W:0 H:0 Weight:70kg Vol:1.15m3
0603287,ΚΑΝΑΠΕΣ ΔΕΞΙΑ ΓΩΝΙΑ 5Θ MYRON SM3318.02R ΕΚΡΟΥ ΥΦΑΣΜΑ 290x110-225x110Υεκ.,Диван ъглов десен 5-местен MYRON SM3318.02R екрю плат 290x110-225x110 ,"Η SYMETRON παρουσιάζει τον υπέροχο γωνιακό καναπέ 5 θέσεων MYRON! Σε διαμόρφωση δεξιάς γωνίας συνδυάζει την ποιότητα των υλικών κατασκευής με τα χαρακτηριστικά που τον κάνουν να ξεχωρίζει! <br />
Ολόκληρη η επένδυσή του έχει γίνει με ΕΚΡΟΥ ανάγλυφο ύφασμα, ενώ τα πόδια είναι μεταλλικά. Κάθε μία από τις 5 θέσεις διαθέτει κινούμενη πλάτη την οποία κινείτε με υφασμάτινο χερούλι που βρίσκεται στο πίσω μέρος, ενώ διαθέτουν και ξεχωριστό προσκέφαλο. Την υπέροχη εικόνα συμπληρώνουν τα 5 μικρά διακοσμητικά μαξιλαράκια επενδυμένα με ίδιο ύφασμα.<br />
<br />
ΔΙΑΣΤΑΣΕΙΣ:<br />
290x110-225x110Υ εκ.<br />
Ύψος καθίσματος: 44 εκ.<br />
Διαστάσεις καθίσματος: 225(160)x63-184 εκ. & 65-105x184 εκ.<br />
Ύψος μπράτσων: 64 εκ.<br />
Διαστάσεις πλάτης: 255x73 εκ. & 175x73 εκ.<br />
Ύψος ποδιών: 15 εκ.<br />
Ανάκλιση: 93 εκ. σε βάθος καθίσματος<br />
<br />
ΥΛΙΚΑ ΚΑΤΑΣΚΕΥΗΣ:<br />
-Μεταλλικά πόδια<br />
<br />
- Επένδυση από ανάγλυφο ποιοτικό ύφασμα. <br />
<br />
ΣΥΝΤΗΡΗΣΗ:<br />
Πέρα από τακτικό ξεσκόνισμα, μπορείτε να χρησιμοποιείτε ένα υγρό πανί. Μην χρησιμοποιείτε χημικά καθαριστικά.<br />
<br />
ΠΛΕΟΝΕΚΤΗΜΑΤΑ:<br />
• Ανθεκτικότητα υλικών<br />
• Σύγχρονη λειτουργικότητα: Μετακινούμενες πλάτες και προσκέφαλα<br />
• Εύκολη συντήρηση: Εύκολος καθαρισμός με ήπια καθαριστικά.<br />
<br />
*Το προϊόν παραδίδεται ασυναρμολόγητο σε εργοστασιακές συσκευασίες.<br />
** Η χρωματική απόδοση του προϊόντος ενδέχεται να διαφέρει ελαφρώς σε σχέση με την φωτογραφική απεικόνισή του στην οθόνη σας.","<p><strong>Въведение</strong></p><p>SYMETRON представя прекрасния ъглов диван с 5 места MYRON! В конфигурация с дясна ъглова част, той съчетава качеството на материалите с характеристики, които го правят уникален!</p><p>Цялата му тапицерия е от релефна екрю материя, а краката са метални. Всяко от 5-те места разполага с подвижна облегалка, която се регулира чрез текстилна дръжка от задната страна, както и с отделна възглавница за глава. Прекрасната визия се допълва от 5 малки декоративни възглавнички, тапицирани с същата материя.</p><p><strong>РАЗМЕРИ:</strong></p><ul><li><strong>290x110-225x110В см</strong></li><li><strong>Височина на седалката:</strong> 44 см</li><li><strong>Размери на седалката:</strong> 225(160)x63-184 см и 65-105x184 см</li><li><strong>Височина на подлакътниците:</strong> 64 см</li><li><strong>Размери на облегалката:</strong> 255x73 см и 175x73 см</li><li><strong>Височина на краката:</strong> 15 см</li><li><strong>Наклон:</strong> 93 см в дълбочина на седалката</li></ul><p><strong>МАТЕРИАЛИ НА ИЗРАБОТКА:</strong></p><ul><li><strong>Метални крака</strong></li><li><strong>Тапицерия от релефна качествена материя</strong></li></ul><p><strong>ПОДДРЪЖКА:</strong></p><p>Освен редовно почистване от прах, може да използвате влажна кърпа. Не използвайте химически почистващи препарати.</p><p><strong>ПРЕДИМСТВА:</strong></p><ul><li><strong>Издръжливост на материалите</strong></li><li><strong>Модерна функционалност:</strong> Подвижни облегалки и възглавници за глава</li><li><strong>Лесна поддръжка:</strong> Лесно почистване с меки почистващи средства</li></ul><p>* Продуктът се доставя разглобен в заводски опаковки.</p><p>** Цветовото представяне на продукта може да се различава леко от фотографското изображение на екрана ви.</p>",Десен ъглов диван 5 места MYRON SM3318.02R екрю плат 290x110-225x110см,Десен ъглов диван 5 места MYRON SM3318.02R в цвят екрю с плат - перфектен избор за стил и комфорт от MebelCenter.,[L] Εσωτερικός χώρος > [L] Σαλόνια - γωνίες,Ъглови дивани,https://www.b2bmarkt.gr/img/prd/o/76344/.jpg; https://www.b2bmarkt.gr/img/prd/o/76344/-1.jpg; https://www.b2bmarkt.gr/img/prd/o/76344/-2.jpg; https://www.b2bmarkt.gr/img/prd/o/76344/-3.jpg; https://www.b2bmarkt.gr/img/prd/o/76344/-4.jpg; https://www.b2bmarkt.gr/img/prd/o/76344/-5.jpg; https://www.b2bmarkt.gr/img/prd/o/76344/-6.jpg; https://www.b2bmarkt.gr/img/prd/o/76344/-7.jpg; https://www.b2bmarkt.gr/img/prd/o/76344/-8.jpg; https://www.b2bmarkt.gr/img/prd/o/76344/-9.jpg,1700,0,7,5208067217941,L:0 W:0 H:0 Weight:70kg Vol:1.15m3
0603283,ΚΑΝΑΠΕΣ ΔΕΞΙΑ ΓΩΝΙΑ 3Θ ΜΕ RECLINE VALENTE SM3317.02R ΜΠΕΖ ΥΦΑΣΜΑ 275x160x104Yεκ,"Диван 3-местен с десен ъгъл и релакс функция, бежов плат 275x160x104 с","Η SYMETRON παρουσιάζει τον VALENTE! Ο VALENTE είναι ένας premium καναπές εσωτερικού χώρου που σχεδιάστηκε για να προσφέρει απόλυτη άνεση, σύγχρονη αισθητική και κορυφαία λειτουργικότητα. Η τριθέσια διάταξη σε ΔΕΞΙΑ γωνία με πλούσιες διαστάσεις δημιουργεί έναν εντυπωσιακό χώρο χαλάρωσης, ιδανικό για το σύγχρονο σαλόνι. <br />
<br />
Η επένδυση με ύφασμα τύπου teddy σε ΜΠΕΖ απόχρωση προσδίδει ζεστασιά, απαλή υφή και μια ιδιαίτερα κομψή παρουσία που ταιριάζει σε μοντέρνα αλλά και πιο διαχρονικά διακοσμητικά στυλ.<br />
<br />
Τα μεταλλικά πόδια σε glossy μεταλλικό φινίρισμα προσθέτουν μια διακριτική πινελιά πολυτέλειας και ταυτόχρονα αναδεικνύουν τον σύγχρονο χαρακτήρα του καναπέ. Τα μπράτσα και στις δύο πλευρές ολοκληρώνουν τη συμμετρική αισθητική και προσφέρουν επιπλέον άνεση στην καθημερινή χρήση.<br />
<br />
Τα προσκέφαλα και στις τρεις θέσεις διαθέτουν ρυθμιζόμενη ανάκλιση με εύχρηστο χειροκίνητο μηχανισμό, επιτρέποντας την προσαρμογή της θέσης στήριξης σύμφωνα με τις ανάγκες κάθε στιγμής. Παράλληλα, η θέση που βρίσκεται δίπλα στο μπράτσο —και όχι στη γωνία— διαθέτει πλήρη ηλεκτρική ανάκλιση, μετατρέποντας το κάθισμα σε μια πραγματική ζώνη χαλάρωσης με το πάτημα ενός κουμπιού. Οι διακόπτες ελέγχου βρίσκονται διακριτικά τοποθετημένοι στην εσωτερική πλευρά του μπράτσου για εύκολη και άμεση πρόσβαση. Στο ίδιο σημείο υπάρχει και θύρα USB, προσφέροντας τη δυνατότητα φόρτισης συσκευών και ενισχύοντας την πρακτικότητα του καναπέ στην καθημερινότητα.<br />
<br />
Ο VALENTE δεν είναι απλώς ένας καναπές. Είναι μια ολοκληρωμένη εμπειρία άνεσης και design που μεταμορφώνει το σαλόνι σε έναν χώρο χαλάρωσης υψηλής αισθητικής και σύγχρονης λειτουργικότητας.<br />
<br />
*Το προϊόν παραδίδεται ασυναρμολόγητο σε εργοστασιακές συσκευασίες.<br />
** Η χρωματική απόδοση του προϊόντος ενδέχεται να διαφέρει ελαφρώς σε σχέση με την φωτογραφική απεικόνισή του στην οθόνη σας.<br />
<br />
ΔΙΑΣΤΑΣΕΙΣ:<br />
275x100-160x82-104Y εκ.<br />
Ύψος καθίσματος: 45 εκ.<br />
Διαστάσεις καθίσματος: 225(154)x55-124 εκ.<br />
Ύψος μπράτσων: 62 εκ.<br />
Διαστάσεις πλάτης: 228x35-65 εκ.<br />
Ανάκλιση: 74x135 εκ.<br />
<br />
ΥΛΙΚΑ ΚΑΤΑΣΚΕΥΗΣ:<br />
-Μεταλλικά πόδια<br />
<br />
- Επένδυση από ποιοτικό ύφασμα teddy, το οποίο συνήθως κατασκευάζεται από πολυεστέρα σε συνδυασμό με ακρυλικό. Και στη συνέχεια βάφεται στο επιθυμητό χρώμα. Το ύφασμα αυτό μπορεί να χαρακτηριστεί απαλό, αφράτο, και ελαστικό ενώ ταυτόχρονα είναι ανθεκτικό, ζεστό και μπορεί να απορροφά την υγρασία.<br />
<br />
ΣΥΝΤΗΡΗΣΗ:<br />
Στις περισσότερες περιπτώσεις, το ύφασμα Teddy μπορεί απλά να σκουπιστεί με την ηλεκτρική σκούπα. <br />
<br />
ΠΛΕΟΝΕΚΤΗΜΑΤΑ:<br />
• Ανθεκτικότητα υλικών<br />
• Σύγχρονη λειτουργικότητα: Ρυθμιζόμενα προσκέφαλα -- ηλεκτρική ανάκλιση – είσοδος USB<br />
• Εύκολη συντήρηση","<p><strong>SYMETRON представя VALENTE!</strong></p><p>VALENTE е премиум диван за вътрешна употреба, проектиран да осигури абсолютен комфорт, съвременна естетика и върхова функционалност. Тризвездната конфигурация с ДЯСНА ъглова форма и щедри размери създава впечатляващо пространство за релакс, идеално за модерната всекидневна.</p><p>Обшивката от плат тип teddy в БЕЖОВ цвят придава топлина, мека текстура и изключително елегантно присъствие, което се вписва както в модерни, така и в по-класически интериорни стилове.</p><p>Металните крака с гланцов метален завършек добавят дискретен луксозен акцент и подчертават съвременния характер на дивана. Подлакътниците от двете страни завършват симетричната визия и осигуряват допълнителен комфорт при ежедневна употреба.</p><p>Подглавниците на трите места разполагат с регулируемо накланяне с удобен ръчен механизъм, позволяващ настройка на позицията според нуждите във всеки момент. Позицията до подлакътника — а не в ъгъла — предлага пълно електрическо накланяне, превръщайки седалката в истинска зона за релакс с натискането на бутон. Контролните ключове са дискретно разположени от вътрешната страна на подлакътника за лесен и бърз достъп. На същото място има и USB порт, който позволява зареждане на устройства и увеличава практичността на дивана в ежедневието.</p><p>VALENTE не е просто диван. Това е цялостно изживяване на комфорт и дизайн, което превръща всекидневната в пространство за релакс с висока естетика и съвременна функционалност.</p><p>*Продуктът се доставя разглобен в заводски опаковки.<br>**Цветовото представяне на продукта може леко да се различава от фотографското изображение на вашия екран.</p><p><strong>РАЗМЕРИ:</strong><br>275x100-160x82-104Y см.<br>Височина на седалката: 45 см.<br>Размери на седалката: 225(154)x55-124 см.<br>Височина на подлакътниците: 62 см.<br>Размери на облегалката: 228x35-65 см.<br>Накланяне: 74x135 см.</p><p><strong>МАТЕРИАЛИ:</strong></p><ul><li><strong>Метални крака</strong></li><li><strong>Обшивка от качествен плат teddy, обикновено изработен от полиестер в комбинация с акрил. След това се боядисва в желания цвят. Този плат е мек, пухкав и еластичен, като същевременно е издръжлив, топъл и може да абсорбира влагата.</strong></li></ul><p><strong>ПОДДРЪЖКА:</strong><br>В повечето случаи платът Teddy може просто да се почисти с прахосмукачка.</p><p><strong>ПРЕДИМСТВА:</strong></p><ul><li><strong>Издръжливост на материалите</strong></li><li><strong>Съвременна функционалност: Регулируеми подглавници – електрическо накланяне – USB вход</strong></li><li><strong>Лесна поддръжка</strong></li></ul>",Десен ъглов диван 3-местен с релакс функция Valente SM3317.02R бежов п,"Десен ъглов диван 3-местен с релакс функция VALENTE SM3317.0 - SYMETRON представя VALENTE! VALENTE е премиум диван за вътрешна употреба, проектиран с внимание к",[L] Εσωτερικός χώρος > [L] Σαλόνια - γωνίες,Ъглови дивани,https://www.b2bmarkt.gr/img/prd/o/76345/.jpg; https://www.b2bmarkt.gr/img/prd/o/76345/-1.jpg; https://www.b2bmarkt.gr/img/prd/o/76345/-2.jpg; https://www.b2bmarkt.gr/img/prd/o/76345/-3.jpg; https://www.b2bmarkt.gr/img/prd/o/76345/-4.jpg; https://www.b2bmarkt.gr/img/prd/o/76345/-5.jpg; https://www.b2bmarkt.gr/img/prd/o/76345/-6.jpg; https://www.b2bmarkt.gr/img/prd/o/76345/-7.jpg; https://www.b2bmarkt.gr/img/prd/o/76345/-8.jpg; https://www.b2bmarkt.gr/img/prd/o/76345/-9.jpg,1500,0,9,5208067217781,L:0 W:0 H:0 Weight:51kg Vol:0.68m3
0603288,ΚΑΝΑΠΕΣ ΑΡΙΣΤΕΡΗ ΓΩΝΙΑ 5Θ MYRON SM3318.01L ΓΚΡΙ ΥΦΑΣΜΑ 290x110-225x110Υεκ.,Диван лява ъглова 5-местен MYRON SM3318.01L сив плат 290x110-225x110 с,"Η SYMETRON παρουσιάζει τον υπέροχο γωνιακό καναπέ 5 θέσεων MYRON! Σε διαμόρφωση αριστερής γωνίας συνδυάζει την ποιότητα των υλικών κατασκευής με τα χαρακτηριστικά που τον κάνουν να ξεχωρίζει! <br />
Ολόκληρη η επένδυσή του έχει γίνει με ΓΚΡΙ ανάγλυφο ύφασμα, ενώ τα πόδια είναι μεταλλικά. Κάθε μία από τις 5 θέσεις διαθέτει κινούμενη πλάτη την οποία κινείτε με υφασμάτινο χερούλι που βρίσκεται στο πίσω μέρος, ενώ διαθέτουν και ξεχωριστό προσκέφαλο. Την υπέροχη εικόνα συμπληρώνουν τα 5 μικρά διακοσμητικά μαξιλαράκια επενδυμένα με ίδιο ύφασμα.<br />
<br />
ΔΙΑΣΤΑΣΕΙΣ:<br />
290x110-225x110Υ εκ.<br />
Ύψος καθίσματος: 44 εκ.<br />
Διαστάσεις καθίσματος: 225(160)x63-184 εκ. & 65-105x184 εκ.<br />
Ύψος μπράτσων: 64 εκ.<br />
Διαστάσεις πλάτης: 255x73 εκ. & 175x73 εκ.<br />
Ύψος ποδιών: 15 εκ.<br />
Ανάκλιση: 93 εκ. σε βάθος καθίσματος<br />
<br />
ΥΛΙΚΑ ΚΑΤΑΣΚΕΥΗΣ:<br />
-Μεταλλικά πόδια<br />
<br />
- Επένδυση από ανάγλυφο ποιοτικό ύφασμα. <br />
<br />
ΣΥΝΤΗΡΗΣΗ:<br />
Πέρα από τακτικό ξεσκόνισμα, μπορείτε να χρησιμοποιείτε ένα υγρό πανί. Μην χρησιμοποιείτε χημικά καθαριστικά.<br />
<br />
ΠΛΕΟΝΕΚΤΗΜΑΤΑ:<br />
• Ανθεκτικότητα υλικών<br />
• Σύγχρονη λειτουργικότητα: Μετακινούμενες πλάτες και προσκέφαλα<br />
• Εύκολη συντήρηση: Εύκολος καθαρισμός με ήπια καθαριστικά.<br />
<br />
*Το προϊόν παραδίδεται ασυναρμολόγητο σε εργοστασιακές συσκευασίες.<br />
** Η χρωματική απόδοση του προϊόντος ενδέχεται να διαφέρει ελαφρώς σε σχέση με την φωτογραφική απεικόνισή του στην οθόνη σας.","<p><strong>Въведение</strong></p><p>SYMETRON представя великолепния ъглов диван с 5 места MYRON! В лява ъглова конфигурация той съчетава качеството на материалите с отличителните характеристики, които го правят уникален!</p><p>Цялата му тапицерия е изработена от сив релефен плат, а краката са метални. Всяко от 5-те места разполага с подвижна облегалка, която се управлява чрез платнена дръжка, разположена отзад, както и с отделна възглавница за глава. Перфектният вид допълват 5 малки декоративни възглавнички, тапицирани със същия плат.</p><p><strong>РАЗМЕРИ:</strong></p><ul><li><strong>Общи размери:</strong> 290x110-225x110В см</li><li><strong>Височина на седалката:</strong> 44 см</li><li><strong>Размери на седалката:</strong> 225(160)x63-184 см и 65-105x184 см</li><li><strong>Височина на подлакътниците:</strong> 64 см</li><li><strong>Размери на облегалката:</strong> 255x73 см и 175x73 см</li><li><strong>Височина на краката:</strong> 15 см</li><li><strong>Наклон:</strong> 93 см в дълбочина на седалката</li></ul><p><strong>МАТЕРИАЛИ ЗА ИЗРАБОТКА:</strong></p><ul><li><strong>Метални крака</strong></li><li><strong>Тапицерия от релефен качествен плат</strong></li></ul><p><strong>ПОДДРЪЖКА:</strong></p><p>Освен редовно почистване от прах, можете да използвате влажна кърпа. Не използвайте химически почистващи препарати.</p><p><strong>ПРЕДИМСТВА:</strong></p><ul><li><strong>Издръжливост на материалите</strong></li><li><strong>Модерна функционалност:</strong> Подвижни облегалки и възглавници за глава</li><li><strong>Лесна поддръжка:</strong> Лесно почистване с меки почистващи средства</li></ul><p>* Продуктът се доставя разглобен в заводски опаковки.<br>** Цветовото представяне на продукта може леко да се различава от фотографското изображение на вашия екран.</p>",Ляв ъглов диван 5-местен MYRON SM3318.01L сив плат 290x110-225x110,Ъглов диван 5 места MYRON SM3318.01L в сив плат - SYMETRON представя стилен ляв ъглов диван с комфортна конфигурация.,[L] Εσωτερικός χώρος > [L] Σαλόνια - γωνίες,Ъглови дивани,https://www.b2bmarkt.gr/img/prd/o/76347/.jpg; https://www.b2bmarkt.gr/img/prd/o/76347/-1.jpg; https://www.b2bmarkt.gr/img/prd/o/76347/-2.jpg; https://www.b2bmarkt.gr/img/prd/o/76347/-3.jpg; https://www.b2bmarkt.gr/img/prd/o/76347/-4.jpg; https://www.b2bmarkt.gr/img/prd/o/76347/-5.jpg; https://www.b2bmarkt.gr/img/prd/o/76347/-6.jpg; https://www.b2bmarkt.gr/img/prd/o/76347/-7.jpg; https://www.b2bmarkt.gr/img/prd/o/76347/-8.jpg; https://www.b2bmarkt.gr/img/prd/o/76347/-9.jpg,1700,0,7,5208067218030,L:0 W:0 H:0 Weight:70kg Vol:1.15m3
0603280,ΚΑΝΑΠΕΣ ΑΡΙΣΤΕΡΗ ΓΩΝΙΑ 5Θ ΜΕ RECLINE LUNARIS SM3316.01L ΓΚΡΙ ΥΦΑΣΜΑ 307x267x94Yεκ,Диван лява ъглова 5-местен с релакс LunarIS сив плат 307x267x94 см,"Ο LUNARIS είναι ένας premium καναπές εσωτερικού χώρου από την SYMETRON, που σχεδιάστηκε για να προσφέρει εντυπωσιακή παρουσία, κορυφαία άνεση και σύγχρονη λειτουργικότητα. Η 5-θέσια διάταξη σε αριστερή γωνία με μεγάλες διαστάσεις δημιουργεί έναν επιβλητικό χώρο χαλάρωσης, ιδανικό για σύγχρονα σαλόνια που δίνουν έμφαση τόσο στο design όσο και στην άνεση.<br />
<br />
Ο καναπές αποτελείται από τέσσερα ανεξάρτητα τμήματα τα οποία ενώνονται μεταξύ τους με κατακόρυφους αναρτήρες τύπου panel, εξασφαλίζοντας στιβαρότητα, σταθερότητα και άψογη εφαρμογή. Η επένδυση με ποιοτικό ανάγλυφο ύφασμα σε ΓΚΡΙ απόχρωση χαρίζει κομψότητα και διαχρονικό χαρακτήρα, ενώ η υφή του προσθέτει βάθος και πολυτελή αίσθηση στον χώρο.<br />
Τα καθίσματα διαθέτουν ενσωματωμένα ελατήρια που προσφέρουν εξαιρετική στήριξη και μεγαλύτερη αντοχή σε σχέση με τα συμβατικά γεμίσματα αφρού. Το αποτέλεσμα είναι μια αίσθηση άνεσης που διατηρείται αναλλοίωτη ακόμη και μετά από έντονη καθημερινή χρήση.<br />
Τα glossy μεταλλικά πόδια αναδεικνύουν τον σύγχρονο χαρακτήρα του καναπέ, ενώ το φαρδύ μπράτσο στη μία πλευρά προσθέτει επιπλέον άνεση και λειτουργικότητα. Παράλληλα, τα προσκέφαλα και στις πέντε θέσεις διαθέτουν ρυθμιζόμενη ανάκλιση με εύχρηστο χειροκίνητο μηχανισμό, επιτρέποντας την προσαρμογή της στήριξης σύμφωνα με τις ανάγκες κάθε χρήστη.<br />
Η θέση που βρίσκεται δίπλα στο μπράτσο —και όχι στη γωνία— διαθέτει ηλεκτρική ανάκλιση που ενεργοποιείται εύκολα μέσω διακοπτών στην εξωτερική πλευρά του μπράτσου, μετατρέποντας το κάθισμα σε μια πραγματική ζώνη χαλάρωσης.<br />
Στο ίδιο σημείο βρίσκονται δύο θύρες φόρτισης USB, μία κλασική και μία Type-C, επιτρέποντας τη φόρτιση κινητών και συσκευών χωρίς να χρειάζεται να απομακρυνθείτε από την άνεση του καναπέ.<br />
<br />
*Ο LUNARIS αποτελεί την ιδανική επιλογή για όσους αναζητούν έναν γωνιακό καναπέ υψηλής αισθητικής που συνδυάζει πολυτέλεια, εργονομία και τεχνολογία σε ένα εντυπωσιακό σύνολο που μεταμορφώνει το σαλόνι σε έναν πραγματικό χώρο χαλάρωσης. Ιδανικός για μοντέρνα καθιστικά, luxury living rooms και contemporary interior design ιδέες.*<br />
<br />
*Το προϊόν παραδίδεται ασυναρμολόγητο σε εργοστασιακές συσκευασίες.<br />
** Η χρωματική απόδοση του προϊόντος ενδέχεται να διαφέρει ελαφρώς σε σχέση με την φωτογραφική απεικόνισή του στην οθόνη σας.<br />
<br />
ΔΙΑΣΤΑΣΕΙΣ:<br />
307x107-267x74-94Y εκ.<br />
Ύψος καθίσματος: 44 εκ.<br />
Διαστάσεις καθίσματος: 230(165)x58 εκ. & 64x215 εκ.<br />
Ύψος μπράτσων: 54 εκ.<br />
Διαστάσεις πλάτης: 253x40-58 εκ. & 170x40-58 εκ.<br />
Ανάκλιση: 83x93x74-94Y εκ.<br />
<br />
ΥΛΙΚΑ ΚΑΤΑΣΚΕΥΗΣ:<br />
-Μεταλλικά πόδια<br />
<br />
-Ανάγλυφο ύφασμα<br />
<br />
ΣΥΝΤΗΡΗΣΗ: <br />
Πέρα από τακτικό ξεσκόνισμα, μπορείτε να χρησιμοποιείτε ένα υγρό πανί. Μην χρησιμοποιείτε χημικά καθαριστικά.<br />
<br />
ΠΛΕΟΝΕΚΤΗΜΑΤΑ:<br />
• Μέγεθος <br />
• Κατασκευή σε 4 ανεξάρτητα τμήματα που ενώνονται με κατακόρυφους αναρτήρες τύπου panel για εύκολη μεταφορά<br />
• Καθίσματα με ενσωματωμένα ελατήρια που προσφέρουν καλύτερη στήριξη και μεγαλύτερη αντοχή στον χρόνο<br />
• Ρυθμιζόμενα προσκέφαλα και στις 5 θέσεις με εύχρηστο χειροκίνητο μηχανισμό<br />
• Ηλεκτρική ανάκλιση σε μία θέση για απόλυτη άνεση και χαλάρωση με ενσωματωμένους διακόπτες ελέγχου στην εξωτερική πλευρά του μπράτσου για εύκολη χρήση<br />
• Διπλές θύρες φόρτισης USB (κλασική και Type-C) για πρακτικότητα στην καθημερινότητα<br />
• Φαρδύ μπράτσο που ενισχύει την άνεση και την εργονομία.","<p><strong>LUNARIS</strong> е премиум диван за вътрешна употреба от SYMETRON, проектиран да осигури впечатляващо присъствие, върховен комфорт и съвременна функционалност.</p><p>5-местната му конфигурация с лява ъглова форма и големи размери създава внушително пространство за релакс, идеално за модерни дневни, които поставят акцент както върху дизайна, така и върху удобството.</p><ul><li><strong>Конструкция:</strong> диванът се състои от четири независими части, свързани с вертикални панелни окачвачи, осигуряващи здравина, стабилност и перфектно прилягане.</li><li><strong>Обшивка:</strong> висококачествен релефен плат в сив нюанс, придаващ елегантност и вечен характер, като текстурата добавя дълбочина и луксозно усещане в интериора.</li><li><strong>Седалки:</strong> с вградени пружини, които осигуряват отлична опора и по-голяма издръжливост в сравнение с обикновените пълнежи от пяна, гарантирайки комфорт, който не се променя дори при интензивна ежедневна употреба.</li><li><strong>Крака:</strong> гланцови метални крака, подчертаващи съвременния характер на дивана.</li><li><strong>Подлакътник:</strong> широк подлакътник от едната страна, добавящ допълнително удобство и функционалност.</li><li><strong>Регулируеми облегалки за глава:</strong> на всички пет места с лесен ръчен механизъм за наклон, позволяващ персонализирана опора според нуждите на всеки потребител.</li><li><strong>Електрическо накланяне:</strong> позицията до подлакътника (не в ъгъла) разполага с електрическо накланяне, активирано лесно чрез бутони от външната страна на подлакътника, превръщайки седалката в истинска зона за релакс.</li><li><strong>USB портове:</strong> на същото място има два USB порта за зареждане – класически и Type-C, позволяващи зареждане на мобилни устройства без да се налага да напускате удобството на дивана.</li></ul><p><strong>Идеален избор</strong> за тези, които търсят ъглов диван с висока естетика, съчетаващ лукс, ергономия и технологии в впечатляващо цяло, което превръща дневната в истинско пространство за отдих. Подходящ за модерни дневни, луксозни всекидневни и съвременни интериорни решения.</p><p><em>Продуктът се доставя разглобен в заводски опаковки.<br>Цветовото представяне може леко да се различава от фотографското изображение на вашия екран.</em></p><p><strong>Размери:</strong><br>307x107-267x74-94Y см.<br>Височина на седалката: 44 см.<br>Размери на седалките: 230(165)x58 см и 64x215 см.<br>Височина на подлакътниците: 54 см.<br>Размери на облегалките: 253x40-58 см и 170x40-58 см.<br>Наклон: 83x93x74-94Y см.</p><p><strong>Материали:</strong><br>- Метални крака<br>- Релефен плат</p><p><strong>Поддръжка:</strong><br>Освен редовно почистване с прахосмукачка, може да използвате влажна кърпа. Не използвайте химически почистващи препарати.</p><p><strong>Предимства:</strong></p><ul><li>Голям размер</li><li>Конструкция от 4 независими части, свързани с вертикални панелни окачвачи за лесен транспорт</li><li>Седалки с вградени пружини за по-добра опора и дълготрайност</li><li>Регулируеми облегалки за глава на всички 5 места с удобен ръчен механизъм</li><li>Електрическо накланяне на една позиция с вградени контролни бутони от външната страна на подлакътника за лесна употреба</li><li>Двойни USB портове (класически и Type-C) за практичност в ежедневието</li><li>Широк подлакътник, който подобрява комфорта и ергономията</li></ul>",Ляв ъглов диван 5 места с релакс Lunaris SM3316.01L сив плат 307x267x9,"ЛЯВ ЪГЛОВ ДИВАН 5-МЕСТЕН С РЕКЛАЙНЕР LUNARIS SM331 - LUNARIS е премиум диван за вътрешна употреба от SYMETRON, проектиран да предложи комфорт и стил.",[L] Εσωτερικός χώρος > [L] Σαλόνια - γωνίες,Ъглови дивани,https://www.b2bmarkt.gr/img/prd/o/76348/.jpg; https://www.b2bmarkt.gr/img/prd/o/76348/-1.jpg; https://www.b2bmarkt.gr/img/prd/o/76348/-2.jpg; https://www.b2bmarkt.gr/img/prd/o/76348/-3.jpg; https://www.b2bmarkt.gr/img/prd/o/76348/-4.jpg; https://www.b2bmarkt.gr/img/prd/o/76348/-5.jpg; https://www.b2bmarkt.gr/img/prd/o/76348/-6.jpg; https://www.b2bmarkt.gr/img/prd/o/76348/-7.jpg; https://www.b2bmarkt.gr/img/prd/o/76348/-8.jpg; https://www.b2bmarkt.gr/img/prd/o/76348/-9.jpg,1900,0,5,5208067217736,L:0 W:0 H:0 Weight:46kg Vol:0.63m3
0603278,ΚΑΝΑΠΕΣ ΔΕΞΙΑ ΓΩΝΙΑ 5Θ ΜΕ RECLINE LUNARIS SM3316.01R ΓΚΡΙ ΥΦΑΣΜΑ 307x267x94Yεκ,Диван ъглов десен 5-местен с релакс Lunarис сив плат 307x267x94 см,"Ο LUNARIS είναι ένας premium καναπές εσωτερικού χώρου από την SYMETRON, που σχεδιάστηκε για να προσφέρει εντυπωσιακή παρουσία, κορυφαία άνεση και σύγχρονη λειτουργικότητα. Η 5-θέσια διάταξη σε ΔΕΞΙΑ γωνία με μεγάλες διαστάσεις δημιουργεί έναν επιβλητικό χώρο χαλάρωσης, ιδανικό για σύγχρονα σαλόνια που δίνουν έμφαση τόσο στο design όσο και στην άνεση.<br />
<br />
Ο καναπές αποτελείται από τέσσερα ανεξάρτητα τμήματα τα οποία ενώνονται μεταξύ τους με κατακόρυφους αναρτήρες τύπου panel, εξασφαλίζοντας στιβαρότητα, σταθερότητα και άψογη εφαρμογή. Η επένδυση με ποιοτικό ανάγλυφο ύφασμα σε ΓΚΡΙ απόχρωση χαρίζει κομψότητα και διαχρονικό χαρακτήρα, ενώ η υφή του προσθέτει βάθος και πολυτελή αίσθηση στον χώρο.<br />
Τα καθίσματα διαθέτουν ενσωματωμένα ελατήρια που προσφέρουν εξαιρετική στήριξη και μεγαλύτερη αντοχή σε σχέση με τα συμβατικά γεμίσματα αφρού. Το αποτέλεσμα είναι μια αίσθηση άνεσης που διατηρείται αναλλοίωτη ακόμη και μετά από έντονη καθημερινή χρήση.<br />
Τα glossy μεταλλικά πόδια αναδεικνύουν τον σύγχρονο χαρακτήρα του καναπέ, ενώ το φαρδύ μπράτσο στη μία πλευρά προσθέτει επιπλέον άνεση και λειτουργικότητα. Παράλληλα, τα προσκέφαλα και στις πέντε θέσεις διαθέτουν ρυθμιζόμενη ανάκλιση με εύχρηστο χειροκίνητο μηχανισμό, επιτρέποντας την προσαρμογή της στήριξης σύμφωνα με τις ανάγκες κάθε χρήστη.<br />
Η θέση που βρίσκεται δίπλα στο μπράτσο —και όχι στη γωνία— διαθέτει ηλεκτρική ανάκλιση που ενεργοποιείται εύκολα μέσω διακοπτών στην εξωτερική πλευρά του μπράτσου, μετατρέποντας το κάθισμα σε μια πραγματική ζώνη χαλάρωσης.<br />
Στο ίδιο σημείο βρίσκονται δύο θύρες φόρτισης USB, μία κλασική και μία Type-C, επιτρέποντας τη φόρτιση κινητών και συσκευών χωρίς να χρειάζεται να απομακρυνθείτε από την άνεση του καναπέ.<br />
<br />
*Ο LUNARIS αποτελεί την ιδανική επιλογή για όσους αναζητούν έναν γωνιακό καναπέ υψηλής αισθητικής που συνδυάζει πολυτέλεια, εργονομία και τεχνολογία σε ένα εντυπωσιακό σύνολο που μεταμορφώνει το σαλόνι σε έναν πραγματικό χώρο χαλάρωσης. Ιδανικός για μοντέρνα καθιστικά, luxury living rooms και contemporary interior design ιδέες.*<br />
<br />
*Το προϊόν παραδίδεται ασυναρμολόγητο σε εργοστασιακές συσκευασίες.<br />
** Η χρωματική απόδοση του προϊόντος ενδέχεται να διαφέρει ελαφρώς σε σχέση με την φωτογραφική απεικόνισή του στην οθόνη σας.<br />
<br />
ΔΙΑΣΤΑΣΕΙΣ:<br />
307x107-267x74-94Y εκ.<br />
Ύψος καθίσματος: 44 εκ.<br />
Διαστάσεις καθίσματος: 230(165)x58 εκ. & 64x215 εκ.<br />
Ύψος μπράτσων: 54 εκ.<br />
Διαστάσεις πλάτης: 253x40-58 εκ. & 170x40-58 εκ.<br />
Ανάκλιση: 83x93x74-94Y εκ.<br />
<br />
ΥΛΙΚΑ ΚΑΤΑΣΚΕΥΗΣ:<br />
-Μεταλλικά πόδια<br />
<br />
-Ανάγλυφο ύφασμα<br />
<br />
ΣΥΝΤΗΡΗΣΗ: <br />
Πέρα από τακτικό ξεσκόνισμα, μπορείτε να χρησιμοποιείτε ένα υγρό πανί. Μην χρησιμοποιείτε χημικά καθαριστικά.<br />
<br />
ΠΛΕΟΝΕΚΤΗΜΑΤΑ:<br />
• Μέγεθος <br />
• Κατασκευή σε 4 ανεξάρτητα τμήματα που ενώνονται με κατακόρυφους αναρτήρες τύπου panel για εύκολη μεταφορά<br />
• Καθίσματα με ενσωματωμένα ελατήρια που προσφέρουν καλύτερη στήριξη και μεγαλύτερη αντοχή στον χρόνο<br />
• Ρυθμιζόμενα προσκέφαλα και στις 5 θέσεις με εύχρηστο χειροκίνητο μηχανισμό<br />
• Ηλεκτρική ανάκλιση σε μία θέση για απόλυτη άνεση και χαλάρωση με ενσωματωμένους διακόπτες ελέγχου στην εξωτερική πλευρά του μπράτσου για εύκολη χρήση<br />
• Διπλές θύρες φόρτισης USB (κλασική και Type-C) για πρακτικότητα στην καθημερινότητα<br />
• Φαρδύ μπράτσο που ενισχύει την άνεση και την εργονομία.","<p><strong>LUNARIS</strong> е премиум ъглов диван за вътрешна употреба от SYMETRON, проектиран да предложи впечатляващо присъствие, върховен комфорт и съвременна функционалност.</p><p>5-местната подредба с ДЯСНА ъглова форма и големи размери създава внушително пространство за релакс, идеално за модерни дневни, които залагат както на дизайн, така и на удобство.</p><p>Диванът се състои от четири независими части, свързани с вертикални панелни окачвачи, осигуряващи здравина, стабилност и перфектно прилягане. Обшивката от качествен релефен плат в СИВ цвят придава елегантност и вечен характер, а текстурата добавя дълбочина и луксозно усещане в помещението.</p><p>Седалките разполагат с вградени пружини, които осигуряват отлична опора и по-голяма издръжливост в сравнение с обикновените пълнежи от пяна. Резултатът е усещане за комфорт, което остава непроменено дори след интензивна ежедневна употреба.</p><p>Гланцовите метални крака подчертават съвременния характер на дивана, а широкият подлакътник от едната страна добавя допълнително удобство и функционалност. Освен това, облегалките на всички пет места имат регулируемо накланяне с лесен ръчен механизъм, позволяващ адаптиране на опората според нуждите на всеки потребител.</p><p>Мястото до подлакътника — а не в ъгъла — разполага с електрическо накланяне, активиращо се лесно чрез бутони от външната страна на подлакътника, превръщайки седалката в истинска зона за релакс.</p><p>На същото място има две USB портове за зареждане, един класически и един Type-C, позволяващи зареждане на мобилни устройства без да се налага да напускате удобството на дивана.</p><p><em>*LUNARIS е идеалният избор за тези, които търсят ъглов диван с висока естетика, съчетаващ лукс, ергономия и технологии в впечатляващо цяло, което превръща дневната в истинско място за почивка. Подходящ за модерни дневни, луксозни холове и съвременни интериорни решения.*</em></p><p><em>*Продуктът се доставя разглобен в заводски опаковки.<br />** Цветовото представяне на продукта може леко да се различава от фотографското изображение на вашия екран.*</em></p><p><strong>РАЗМЕРИ:</strong><br />307x107-267x74-94Y см.<br />Височина на седалката: 44 см.<br />Размери на седалката: 230(165)x58 см. и 64x215 см.<br />Височина на подлакътниците: 54 см.<br />Размери на облегалката: 253x40-58 см. и 170x40-58 см.<br />Накланяне: 83x93x74-94Y см.</p><p><strong>МАТЕРИАЛИ:</strong><br />- Метални крака<br />- Релефен плат</p><p><strong>ПОДДРЪЖКА:</strong><br />Освен редовно почистване с прахосмукачка, може да използвате влажна кърпа. Не използвайте химически почистващи препарати.</p><p><strong>ПРЕДИМСТВА:</strong></p><ul><li><strong>Размер:</strong> голям и просторен</li><li><strong>Конструкция:</strong> изработен от 4 независими части, свързани с вертикални панелни окачвачи за лесен транспорт</li><li><strong>Седалки:</strong> с вградени пружини за по-добра опора и дълготрайност</li><li><strong>Облегалки:</strong> регулируеми на всички 5 места с удобен ръчен механизъм</li><li><strong>Електрическо накланяне:</strong> на едно място за максимален комфорт с вградени бутони за управление от външната страна на подлакътника</li><li><strong>USB портове:</strong> двойни (класически и Type-C) за практичност в ежедневието</li><li><strong>Подлакътник:</strong> широк, за повишено удобство и ергономия</li></ul>",Десен ъглов диван 5 места с релакс LunarIS SM3316.01R сив плат 307x267,"Премиум ъглов диван с 5 места и релакс функция LUNARIS SM3316.0 от SYMETRON, идеален за стилен и комфортен интериор. В наличност в MebelCenter.",[L] Εσωτερικός χώρος > [L] Σαλόνια - γωνίες,Ъглови дивани,https://www.b2bmarkt.gr/img/prd/o/76349/.jpg; https://www.b2bmarkt.gr/img/prd/o/76349/-1.jpg; https://www.b2bmarkt.gr/img/prd/o/76349/-2.jpg; https://www.b2bmarkt.gr/img/prd/o/76349/-3.jpg; https://www.b2bmarkt.gr/img/prd/o/76349/-4.jpg; https://www.b2bmarkt.gr/img/prd/o/76349/-5.jpg; https://www.b2bmarkt.gr/img/prd/o/76349/-6.jpg; https://www.b2bmarkt.gr/img/prd/o/76349/-7.jpg; https://www.b2bmarkt.gr/img/prd/o/76349/-8.jpg; https://www.b2bmarkt.gr/img/prd/o/76349/-9.jpg,1900,0,6,5208067217637,L:0 W:0 H:0 Weight:46kg Vol:0.63m3
0603279,ΚΑΝΑΠΕΣ ΔΕΞΙΑ ΓΩΝΙΑ 5Θ ΜΕ RECLINE LUNARIS SM3316.02R ΕΚΡΟΥ ΥΦΑΣΜΑ 307x267x94Yεκ,Диван ъглов десен 5-местен с релакс функция Lunaris екрю плат 307x267x,"Ο LUNARIS είναι ένας premium καναπές εσωτερικού χώρου από την SYMETRON, που σχεδιάστηκε για να προσφέρει εντυπωσιακή παρουσία, κορυφαία άνεση και σύγχρονη λειτουργικότητα. Η 5-θέσια διάταξη σε ΔΕΞΙΑ γωνία με μεγάλες διαστάσεις δημιουργεί έναν επιβλητικό χώρο χαλάρωσης, ιδανικό για σύγχρονα σαλόνια που δίνουν έμφαση τόσο στο design όσο και στην άνεση.<br />
<br />
Ο καναπές αποτελείται από τέσσερα ανεξάρτητα τμήματα τα οποία ενώνονται μεταξύ τους με κατακόρυφους αναρτήρες τύπου panel, εξασφαλίζοντας στιβαρότητα, σταθερότητα και άψογη εφαρμογή. Η επένδυση με ποιοτικό ανάγλυφο ύφασμα σε φωτεινή ΕΚΡΟΥ απόχρωση χαρίζει κομψότητα και διαχρονικό χαρακτήρα, ενώ η υφή του προσθέτει βάθος και πολυτελή αίσθηση στον χώρο.<br />
Τα καθίσματα διαθέτουν ενσωματωμένα ελατήρια που προσφέρουν εξαιρετική στήριξη και μεγαλύτερη αντοχή σε σχέση με τα συμβατικά γεμίσματα αφρού. Το αποτέλεσμα είναι μια αίσθηση άνεσης που διατηρείται αναλλοίωτη ακόμη και μετά από έντονη καθημερινή χρήση.<br />
Τα glossy μεταλλικά πόδια αναδεικνύουν τον σύγχρονο χαρακτήρα του καναπέ, ενώ το φαρδύ μπράτσο στη μία πλευρά προσθέτει επιπλέον άνεση και λειτουργικότητα. Παράλληλα, τα προσκέφαλα και στις πέντε θέσεις διαθέτουν ρυθμιζόμενη ανάκλιση με εύχρηστο χειροκίνητο μηχανισμό, επιτρέποντας την προσαρμογή της στήριξης σύμφωνα με τις ανάγκες κάθε χρήστη.<br />
Η θέση που βρίσκεται δίπλα στο μπράτσο —και όχι στη γωνία— διαθέτει ηλεκτρική ανάκλιση που ενεργοποιείται εύκολα μέσω διακοπτών στην εξωτερική πλευρά του μπράτσου, μετατρέποντας το κάθισμα σε μια πραγματική ζώνη χαλάρωσης.<br />
Στο ίδιο σημείο βρίσκονται δύο θύρες φόρτισης USB, μία κλασική και μία Type-C, επιτρέποντας τη φόρτιση κινητών και συσκευών χωρίς να χρειάζεται να απομακρυνθείτε από την άνεση του καναπέ.<br />
<br />
*Ο LUNARIS αποτελεί την ιδανική επιλογή για όσους αναζητούν έναν γωνιακό καναπέ υψηλής αισθητικής που συνδυάζει πολυτέλεια, εργονομία και τεχνολογία σε ένα εντυπωσιακό σύνολο που μεταμορφώνει το σαλόνι σε έναν πραγματικό χώρο χαλάρωσης. Ιδανικός για μοντέρνα καθιστικά, luxury living rooms και contemporary interior design ιδέες.*<br />
<br />
*Το προϊόν παραδίδεται ασυναρμολόγητο σε εργοστασιακές συσκευασίες.<br />
** Η χρωματική απόδοση του προϊόντος ενδέχεται να διαφέρει ελαφρώς σε σχέση με την φωτογραφική απεικόνισή του στην οθόνη σας.<br />
-------------------------------------------------<br />
ΔΙΑΣΤΑΣΕΙΣ:<br />
307x107-267x74-94Y εκ.<br />
Ύψος καθίσματος: 44 εκ.<br />
Διαστάσεις καθίσματος: 230(165)x58 εκ. & 64x215 εκ.<br />
Ύψος μπράτσων: 54 εκ.<br />
Διαστάσεις πλάτης: 253x40-58 εκ. & 170x40-58 εκ.<br />
Ανάκλιση: 83x93x74-94Y εκ.<br />
-------------------------------------------------<br />
ΥΛΙΚΑ ΚΑΤΑΣΚΕΥΗΣ:<br />
-Μεταλλικά πόδια<br />
<br />
-Ανάγλυφο ύφασμα<br />
-------------------------------------------------<br />
ΣΥΝΤΗΡΗΣΗ: <br />
Πέρα από τακτικό ξεσκόνισμα, μπορείτε να χρησιμοποιείτε ένα υγρό πανί. Μην χρησιμοποιείτε χημικά καθαριστικά.<br />
-------------------------------------------------<br />
ΠΛΕΟΝΕΚΤΗΜΑΤΑ:<br />
• Μέγεθος <br />
• Κατασκευή σε 4 ανεξάρτητα τμήματα που ενώνονται με κατακόρυφους αναρτήρες τύπου panel για εύκολη μεταφορά<br />
• Καθίσματα με ενσωματωμένα ελατήρια που προσφέρουν καλύτερη στήριξη και μεγαλύτερη αντοχή στον χρόνο<br />
• Ρυθμιζόμενα προσκέφαλα και στις 5 θέσεις με εύχρηστο χειροκίνητο μηχανισμό<br />
• Ηλεκτρική ανάκλιση σε μία θέση για απόλυτη άνεση και χαλάρωση με ενσωματωμένους διακόπτες ελέγχου στην εξωτερική πλευρά του μπράτσου για εύκολη χρήση<br />
• Διπλές θύρες φόρτισης USB (κλασική και Type-C) για πρακτικότητα στην καθημερινότητα<br />
• Φαρδύ μπράτσο που ενισχύει την άνεση και την εργονομία.","<p><strong>intro</strong></p><p>LUNARIS е премиум ъглов диван от SYMETRON, създаден да предложи впечатляващо присъствие, върховен комфорт и съвременна функционалност. 5-местната му конфигурация с ДЯСНА ъглова форма и големи размери създава внушително пространство за отдих, идеално за модерни дневни, които акцентират както върху дизайна, така и върху удобството.</p><p>Диванът се състои от четири независими модула, свързани с вертикални панелни крепежи, осигуряващи здравина, стабилност и перфектно прилягане. Обшивката от качествен релефен плат в светъл ЕКРУ нюанс придава елегантност и вечен характер, а текстурата добавя дълбочина и луксозно усещане в помещението.</p><p>Седалките са с вградени пружини, които осигуряват отлична опора и по-голяма издръжливост в сравнение с обикновените пълнежи от пяна. Резултатът е усещане за комфорт, което остава непроменено дори след интензивна ежедневна употреба.</p><p>Гланцовите метални крака подчертават съвременния характер на дивана, а широкият подлакътник от едната страна добавя допълнително удобство и функционалност. Освен това, облегалките на всички пет места са с регулируем наклон чрез удобен ръчен механизъм, позволяващ персонализирана опора според нуждите на всеки потребител.</p><p>Мястото до подлакътника — а не в ъгъла — разполага с електрическо регулиране на наклона, което се активира лесно чрез бутони от външната страна на подлакътника, превръщайки седалката в истинска зона за релакс.</p><p>На същото място има две USB портове за зареждане — класически и Type-C — позволяващи зареждане на мобилни устройства без да се налага да напускате удобството на дивана.</p><p><em>*LUNARIS е идеалният избор за тези, които търсят ъглов диван с висока естетика, съчетаващ лукс, ергономия и технологии в впечатляващо цяло, което превръща дневната в истинско място за отдих. Подходящ за модерни дневни, луксозни всекидневни и съвременни интериорни решения.*</em></p><p><em>*Продуктът се доставя разглобен в заводски опаковки.<br />** Цветовото представяне на продукта може леко да се различава от фотографското изображение на екрана ви.<br />-------------------------------------------------<br />РАЗМЕРИ:<br />307x107-267x74-94Y см.<br />Височина на седалката: 44 см.<br />Размери на седалката: 230(165)x58 см. и 64x215 см.<br />Височина на подлакътниците: 54 см.<br />Размери на облегалката: 253x40-58 см. и 170x40-58 см.<br />Регулиране на наклона: 83x93x74-94Y см.<br />-------------------------------------------------<br />МАТЕРИАЛИ:<br />- Метални крака<br /><br />- Релефен плат<br />-------------------------------------------------<br />ПОДДРЪЖКА:<br />Освен редовно почистване с прахосмукачка, може да използвате влажна кърпа. Не използвайте химически почистващи препарати.<br />-------------------------------------------------<br />ПРЕДИМСТВА:<br />• Големи размери<br />• Конструкция от 4 независими модула, свързани с вертикални панелни крепежи за лесен транспорт<br />• Седалки с вградени пружини за по-добра опора и по-голяма издръжливост във времето<br />• Регулируеми облегалки на всички 5 места с удобен ръчен механизъм<br />• Електрическо регулиране на наклона на едно място за максимален комфорт и релакс с вградени бутони за управление от външната страна на подлакътника за лесна употреба<br />• Двойни USB портове за зареждане (класически и Type-C) за практичност в ежедневието<br />• Широк подлакътник, който увеличава удобството и ергономията.",Десен ъглов диван 5 места с релакс функция LUNARIS SM3316.02R екрю пла,"Премиум ъглов диван с 5 места и релакс функция LUNARIS SM3316.0 от SYMETRON, идеален за стилен и комфортен интериор. В наличност в MebelCenter.",[L] Εσωτερικός χώρος > [L] Σαλόνια - γωνίες,Ъглови дивани,https://www.b2bmarkt.gr/img/prd/o/76365/.jpg; https://www.b2bmarkt.gr/img/prd/o/76365/-1.jpg; https://www.b2bmarkt.gr/img/prd/o/76365/-2.jpg; https://www.b2bmarkt.gr/img/prd/o/76365/-3.jpg; https://www.b2bmarkt.gr/img/prd/o/76365/-4.jpg; https://www.b2bmarkt.gr/img/prd/o/76365/-5.jpg; https://www.b2bmarkt.gr/img/prd/o/76365/-6.jpg; https://www.b2bmarkt.gr/img/prd/o/76365/-7.jpg; https://www.b2bmarkt.gr/img/prd/o/76365/-8.jpg; https://www.b2bmarkt.gr/img/prd/o/76365/-9.jpg,1900,0,6,5208067217583,L:0 W:0 H:0 Weight:46kg Vol:0.63m3
0603281,ΚΑΝΑΠΕΣ ΑΡΙΣΤΕΡΗ ΓΩΝΙΑ 5Θ ΜΕ RECLINE LUNARIS SM3316.02L ΕΚΡΟΥ ΥΦΑΣΜΑ 307x267x94Yεκ,Диван лява ъглова 5-местен с релакс Lunaris екрю плат 307x267x94 см,"Ο LUNARIS είναι ένας premium καναπές εσωτερικού χώρου από την SYMETRON, που σχεδιάστηκε για να προσφέρει εντυπωσιακή παρουσία, κορυφαία άνεση και σύγχρονη λειτουργικότητα. Η 5-θέσια διάταξη σε αριστερή γωνία με μεγάλες διαστάσεις δημιουργεί έναν επιβλητικό χώρο χαλάρωσης, ιδανικό για σύγχρονα σαλόνια που δίνουν έμφαση τόσο στο design όσο και στην άνεση.<br />
<br />
Ο καναπές αποτελείται από τέσσερα ανεξάρτητα τμήματα τα οποία ενώνονται μεταξύ τους με κατακόρυφους αναρτήρες τύπου panel, εξασφαλίζοντας στιβαρότητα, σταθερότητα και άψογη εφαρμογή. Η επένδυση με ποιοτικό ανάγλυφο ύφασμα σε φωτεινή ΕΚΡΟΥ απόχρωση χαρίζει κομψότητα και διαχρονικό χαρακτήρα, ενώ η υφή του προσθέτει βάθος και πολυτελή αίσθηση στον χώρο.<br />
Τα καθίσματα διαθέτουν ενσωματωμένα ελατήρια που προσφέρουν εξαιρετική στήριξη και μεγαλύτερη αντοχή σε σχέση με τα συμβατικά γεμίσματα αφρού. Το αποτέλεσμα είναι μια αίσθηση άνεσης που διατηρείται αναλλοίωτη ακόμη και μετά από έντονη καθημερινή χρήση.<br />
Τα glossy μεταλλικά πόδια αναδεικνύουν τον σύγχρονο χαρακτήρα του καναπέ, ενώ το φαρδύ μπράτσο στη μία πλευρά προσθέτει επιπλέον άνεση και λειτουργικότητα. Παράλληλα, τα προσκέφαλα και στις πέντε θέσεις διαθέτουν ρυθμιζόμενη ανάκλιση με εύχρηστο χειροκίνητο μηχανισμό, επιτρέποντας την προσαρμογή της στήριξης σύμφωνα με τις ανάγκες κάθε χρήστη.<br />
Η θέση που βρίσκεται δίπλα στο μπράτσο —και όχι στη γωνία— διαθέτει ηλεκτρική ανάκλιση που ενεργοποιείται εύκολα μέσω διακοπτών στην εξωτερική πλευρά του μπράτσου, μετατρέποντας το κάθισμα σε μια πραγματική ζώνη χαλάρωσης.<br />
Στο ίδιο σημείο βρίσκονται δύο θύρες φόρτισης USB, μία κλασική και μία Type-C, επιτρέποντας τη φόρτιση κινητών και συσκευών χωρίς να χρειάζεται να απομακρυνθείτε από την άνεση του καναπέ.<br />
<br />
*Ο LUNARIS αποτελεί την ιδανική επιλογή για όσους αναζητούν έναν γωνιακό καναπέ υψηλής αισθητικής που συνδυάζει πολυτέλεια, εργονομία και τεχνολογία σε ένα εντυπωσιακό σύνολο που μεταμορφώνει το σαλόνι σε έναν πραγματικό χώρο χαλάρωσης. Ιδανικός για μοντέρνα καθιστικά, luxury living rooms και contemporary interior design ιδέες.*<br />
<br />
*Το προϊόν παραδίδεται ασυναρμολόγητο σε εργοστασιακές συσκευασίες.<br />
** Η χρωματική απόδοση του προϊόντος ενδέχεται να διαφέρει ελαφρώς σε σχέση με την φωτογραφική απεικόνισή του στην οθόνη σας.<br />
---------------------------------------------------------<br />
ΔΙΑΣΤΑΣΕΙΣ:<br />
307x107-267x74-94Y εκ.<br />
Ύψος καθίσματος: 44 εκ.<br />
Διαστάσεις καθίσματος: 230(165)x58 εκ. & 64x215 εκ.<br />
Ύψος μπράτσων: 54 εκ.<br />
Διαστάσεις πλάτης: 253x40-58 εκ. & 170x40-58 εκ.<br />
Ανάκλιση: 83x93x74-94Y εκ.<br />
---------------------------------------------------------<br />
ΥΛΙΚΑ ΚΑΤΑΣΚΕΥΗΣ:<br />
-Μεταλλικά πόδια<br />
<br />
-Ανάγλυφο ύφασμα<br />
---------------------------------------------------------<br />
ΣΥΝΤΗΡΗΣΗ: <br />
Πέρα από τακτικό ξεσκόνισμα, μπορείτε να χρησιμοποιείτε ένα υγρό πανί. Μην χρησιμοποιείτε χημικά καθαριστικά.<br />
---------------------------------------------------------<br />
ΠΛΕΟΝΕΚΤΗΜΑΤΑ:<br />
• Μέγεθος <br />
• Κατασκευή σε 4 ανεξάρτητα τμήματα που ενώνονται με κατακόρυφους αναρτήρες τύπου panel για εύκολη μεταφορά<br />
• Καθίσματα με ενσωματωμένα ελατήρια που προσφέρουν καλύτερη στήριξη και μεγαλύτερη αντοχή στον χρόνο<br />
• Ρυθμιζόμενα προσκέφαλα και στις 5 θέσεις με εύχρηστο χειροκίνητο μηχανισμό<br />
• Ηλεκτρική ανάκλιση σε μία θέση για απόλυτη άνεση και χαλάρωση με ενσωματωμένους διακόπτες ελέγχου στην εξωτερική πλευρά του μπράτσου για εύκολη χρήση<br />
• Διπλές θύρες φόρτισης USB (κλασική και Type-C) για πρακτικότητα στην καθημερινότητα<br />
• Φαρδύ μπράτσο που ενισχύει την άνεση και την εργονομία.","<p><strong>intro</strong></p><p>LUNARIS е премиум диван за вътрешна употреба от SYMETRON, проектиран да предложи впечатляващо присъствие, върховен комфорт и съвременна функционалност. 5-местната му лява ъглова конфигурация с големи размери създава внушително пространство за релакс, идеално за модерни дневни, които акцентират както на дизайна, така и на удобството.</p><p>Диванът се състои от четири независими части, свързани помежду си с вертикални панелни окачвачи, осигуряващи здравина, стабилност и перфектно прилягане. Обшивката от качествен релефен плат в светъл екрю придава елегантност и вечен характер, а текстурата добавя дълбочина и луксозно усещане в помещението.</p><p>Седалките разполагат с вградени пружини, които осигуряват отлична опора и по-голяма издръжливост в сравнение с обикновените пълнежи от пяна. Резултатът е усещане за комфорт, което остава непокътнато дори след интензивна ежедневна употреба.</p><p>Гланцовите метални крака подчертават съвременния характер на дивана, а широкият подлакътник от едната страна добавя допълнително удобство и функционалност. Освен това, облегалките на всички пет места са с регулируем наклон чрез удобен ръчен механизъм, позволяващ адаптиране на опората според нуждите на всеки потребител.</p><p>Мястото до подлакътника — а не в ъгъла — разполага с електрическо регулиране на наклона, което се активира лесно чрез бутони от външната страна на подлакътника, превръщайки седалката в истинска зона за релакс.</p><p>На същото място има две USB портове за зареждане, един класически и един Type-C, позволяващи зареждане на мобилни устройства без да се налага да напускате удобството на дивана.</p><p><em>LUNARIS е идеалният избор за тези, които търсят ъглов диван с висока естетика, съчетаващ лукс, ергономия и технологии в впечатляващо цяло, което превръща дневната в истинско място за почивка. Подходящ за модерни дневни, луксозни всекидневни и съвременни интериорни решения.</em></p><p><em>Продуктът се доставя разглобен в заводски опаковки.<br>Цветовото представяне на продукта може леко да се различава от фотографското изображение на вашия екран.</em></p><p>---------------------------------------------------------<br>РАЗМЕРИ:<br>307x107-267x74-94Y см.<br>Височина на седалката: 44 см.<br>Размери на седалката: 230(165)x58 см. и 64x215 см.<br>Височина на подлакътниците: 54 см.<br>Размери на облегалката: 253x40-58 см. и 170x40-58 см.<br>Регулиране на наклона: 83x93x74-94Y см.<br>---------------------------------------------------------<br>МАТЕРИАЛИ ЗА ИЗРАБОТКА:<br>- Метални крака<br>- Релефен плат<br>---------------------------------------------------------<br>ПОДДРЪЖКА:<br>Освен редовно почистване от прах, може да използвате влажна кърпа. Не използвайте химически почистващи препарати.<br>---------------------------------------------------------<br>ПРЕДИМСТВА:<br><ul><li><strong>Размер:</strong> голям и удобен</li><li><strong>Конструкция:</strong> изработен от 4 независими части, свързани с вертикални панелни окачвачи за лесен транспорт</li><li><strong>Седалки:</strong> с вградени пружини за по-добра опора и дълготрайност</li><li><strong>Облегалки:</strong> регулируеми на всички 5 места с удобен ръчен механизъм</li><li><strong>Електрическо регулиране:</strong> на едно място за максимален комфорт с вградени бутони на външната страна на подлакътника</li><li><strong>USB портове:</strong> двойни (класически и Type-C) за практичност в ежедневието</li><li><strong>Подлакътник:</strong> широк, за допълнително удобство и ергономия</li></ul>",Ляв ъглов диван 5 места с релакс LunarIS SM3316.02L екрю плат,"ЛЯВ ЪГЛОВ ДИВАН 5-МЕСТЕН С РЕКЛАЙНЕР LUNARIS SM331 - LUNARIS е премиум диван за вътрешна употреба от SYMETRON, проектиран да предложи комфорт и стил.",[L] Εσωτερικός χώρος > [L] Σαλόνια - γωνίες,Ъглови дивани,https://www.b2bmarkt.gr/img/prd/o/76368/.jpg; https://www.b2bmarkt.gr/img/prd/o/76368/-1.jpg; https://www.b2bmarkt.gr/img/prd/o/76368/-2.jpg; https://www.b2bmarkt.gr/img/prd/o/76368/-3.jpg; https://www.b2bmarkt.gr/img/prd/o/76368/-4.jpg; https://www.b2bmarkt.gr/img/prd/o/76368/-5.jpg; https://www.b2bmarkt.gr/img/prd/o/76368/-6.jpg; https://www.b2bmarkt.gr/img/prd/o/76368/-7.jpg; https://www.b2bmarkt.gr/img/prd/o/76368/-8.jpg; https://www.b2bmarkt.gr/img/prd/o/76368/-9.jpg,1900,0,6,5208067217682,L:0 W:0 H:0 Weight:46kg Vol:0.63m3
0603290,ΚΑΝΑΠΕΣ 3-ΘΕΣΙΟΣ OPALE SM3319.01 ΓΚΡΙ ΥΦΑΣΜΑ 230x96x76Υεκ.,Триместен диван Opale сив плат 230x96x76 см,"Premium 3-Θέσιος Καναπές OPALE-- Γκρι Χρώμα<br />
<br />
Ο καναπές OPALE αποτελεί την επιτομή του σύγχρονου comfort design, συνδυάζοντας την πληθωρική αισθητική με την απόλυτη αναπαυτικότητα. Με τις πλούσιες καμπύλες του και το ιδιαίτερο ανάγλυφο ύφασμα σε διαχρονικό ΓΚΡΙ χρώμα, ο OPALE μεταμορφώνει το σαλόνι σας σε έναν χώρο υψηλής αισθητικής και χαλάρωσης. Είναι το ιδανικό κεντρικό κομμάτι για όσους αναζητούν την πολυτέλεια χωρίς συμβιβασμούς στην άνεση.<br />
________________________________________<br />
Τεχνικά Χαρακτηριστικά:<br />
<br />
•Διαστάσεις: 230 x 96 x 76Y εκ.<br />
•Χωρητικότητα: Άνετος 3-θέσιος σχεδιασμός.<br />
•Σκελετός: Στιβαρή κατασκευή από μασίφ ξύλο ευκαλύπτου και κόντρα-πλακέ υψηλής αντοχής.<br />
•Πόδια: Διακριτά κοντά ξύλινα πόδια για μέγιστη σταθερότητα και minimal εμφάνιση.<br />
•Αξεσουάρ: Περιλαμβάνονται 2 διακοσμητικά μαξιλαράκια στην ίδια ποιότητα υφάσματος.<br />
________________________________________<br />
Ανάλυση Υλικών: Ποιότητα και Αντοχή<br />
<br />
Ο καναπές OPALE έχει σχεδιαστεί με έμφαση στη μακροζωία και την αίσθηση της αφής:<br />
•Σκελετός από Ευκάλυπτο: Η επιλογή του ξύλου ευκαλύπτου προσφέρει φυσική ανθεκτικότητα στην υγρασία και τις καταπονήσεις, εξασφαλίζοντας σταθερότητα για χρόνια.<br />
•Ανάγλυφο Ύφασμα: Η επένδυση διαθέτει μια πλούσια, ανάγλυφη πλέξη που προσθέτει βάθος στο γκρι χρώμα και μια εξαιρετικά απαλή υφή στην επαφή με το σώμα.<br />
•Padding: Γέμιση υψηλής πυκνότητας που διατηρεί το σχήμα του καναπέ και προσφέρει ιδανική στήριξη.<br />
________________________________________<br />
Τι μας αρέσει στον OPALE:<br />
<br />
•Design: Οι οργανικές του καμπύλες ακολουθούν τις τελευταίες τάσεις του modern deco, δίνοντας μια αίσθηση ζεστασιάς και ασφάλειας.<br />
•Η προσαρμοστικότητα του γκρι: Η συγκεκριμένη απόχρωση είναι η πλέον ευέλικτη, καθώς συνδυάζεται άψογα τόσο με ψυχρούς όσο και με θερμούς τόνους διακόσμησης.<br />
•Ποιοτικά υλικά κατασκευής<br />
________________________________________<br />
Οδηγίες Συντήρησης:<br />
<br />
Για να διατηρήσετε τον OPALE σαν καινούργιο:<br />
•Καθαρισμός: Χρησιμοποιήστε την ειδική βούρτσα της ηλεκτρικής σκούπας για να απομακρύνετε τη σκόνη από το ύφασμα.<br />
•Λεκέδες: Σε περίπτωση λεκέ, καθαρίστε τοπικά με ένα νωπό πανί και ουδέτερο σαπούνι, αποφεύγοντας το τρίψιμο που μπορεί να επηρεάσει την υφή.<br />
•Τοποθέτηση: Αποφύγετε την απευθείας έκθεση στο ηλιακό φως για παρατεταμένο διάστημα, ώστε να διατηρηθεί αναλλοίωτο το γκρι χρώμα.<br />
________________________________________<br />
*Αναβαθμίστε το καθιστικό σας με τον 3-θέσιο καναπέ OPALE. Με σκελετό από ξύλο ευκαλύπτου, επένδυση από ανάγλυφο γκρι ύφασμα και μοντέρνο sculptural design, ο OPALE είναι η απόλυτη επιλογή για luxury living. Ιδανικός για contemporary σπίτια που αναζητούν την ισορροπία ανάμεσα στο design και την άνεση. #SofaDesign #OpaleSofa #GreySofa #LivingRoomGoals #ModernInterior #HomeInspo #InteriorTrends #FurnitureDesign #LuxuryLiving *<br />
<br />
** Η χρωματική απόδοση του προϊόντος ενδέχεται να διαφέρει ελαφρώς από τη φωτογραφική του αναπαράσταση στην οθόνη σας.","<p><strong>Премиум 3-местен диван OPALE – Сив цвят</strong></p><br />
<p>Диванът OPALE е върховият пример за съвременен комфортен дизайн, съчетаващ изобилна естетика с абсолютен уют. С богатите си извивки и специалната релефна материя в класически сив цвят, OPALE превръща вашия хол в пространство с висока естетика и релакс. Идеалният централен елемент за тези, които търсят лукс без компромиси в комфорта.</p><br />
________________________________________<br />
<p><strong>Технически характеристики:</strong></p><br />
<ul><li><strong>Размери:</strong> 230 x 96 x 76Y см</li><li><strong>Капацитет:</strong> Удобен 3-местен дизайн</li><li><strong>Конструкция:</strong> Здрава изработка от масивно дърво евкалипт и висококачествен шперплат</li><li><strong>Крака:</strong> Дискретни къси дървени крака за максимална стабилност и минималистичен вид</li><li><strong>Аксесоари:</strong> Включени 2 декоративни възглавнички от същата материя</li></ul><br />
________________________________________<br />
<p><strong>Анализ на материалите: Качество и издръжливост</strong></p><br />
<p>Диванът OPALE е проектиран с акцент върху дълготрайността и усещането при допир:</p><ul><li><strong>Конструкция от евкалипт:</strong> Изборът на евкалиптово дърво осигурява естествена устойчивост на влага и натоварване, гарантирайки стабилност за години</li><li><strong>Релефна материя:</strong> Обшивката има богата релефна плетка, която добавя дълбочина на сивия цвят и изключително мека текстура при допир</li><li><strong>Пълнеж:</strong> Високоплътен пълнеж, който запазва формата на дивана и осигурява идеална опора</li></ul><br />
________________________________________<br />
<p><strong>Какво харесваме в OPALE:</strong></p><br />
<ul><li><strong>Дизайн:</strong> Органичните му извивки следват последните тенденции в модерния декор, придавайки усещане за топлина и сигурност</li><li><strong>Гъвкавостта на сивото:</strong> Този нюанс е изключително универсален, съчетава се перфектно както с хладни, така и с топли тонове в интериора</li><li><strong>Качествени материали:</strong> Изработка с внимание към детайла и дълготрайност</li></ul><br />
________________________________________<br />
<p><strong>Инструкции за поддръжка:</strong></p><br />
<p>За да запазите OPALE като нов:</p><ul><li><strong>Почистване:</strong> Използвайте специалната четка на прахосмукачката, за да отстраните праха от материята</li><li><strong>Петна:</strong> При петно почистете локално с влажна кърпа и неутрален сапун, като избягвате търкането, което може да увреди текстурата</li><li><strong>Поставяне:</strong> Избягвайте директна слънчева светлина за продължително време, за да се запази цветът на сивото</li></ul><br />
________________________________________<br />
<p><strong>*Обновете вашата дневна с 3-местния диван OPALE. С конструкция от евкалиптово дърво, обшивка от релефна сива материя и модерен скулптурен дизайн, OPALE е върховият избор за луксозен живот. Идеален за съвременни домове, които търсят баланс между дизайн и комфорт. #SofaDesign #OpaleSofa #GreySofa #LivingRoomGoals #ModernInterior #HomeInspo #InteriorTrends #FurnitureDesign #LuxuryLiving *</strong></p><br />
<p><strong>** Цветовото представяне на продукта може леко да се различава от фотографското изображение на вашия екран.</strong></p>",Триместен диван OPALE SM3319.01 сив плат 230x96x76 см,3-местен диван OPALE SM3319.01 в сив плат 230x96x76 см - Премиум 3-местен диван OPALE в сив цвят<br /><br />Диванът OPALE е върхът на стила и комфорта.,[L] Εσωτερικός χώρος > [L] Σαλόνια - γωνίες,Ъглови дивани,https://www.b2bmarkt.gr/img/prd/o/76379/.jpg; https://www.b2bmarkt.gr/img/prd/o/76379/-1.jpg; https://www.b2bmarkt.gr/img/prd/o/76379/-2.jpg; https://www.b2bmarkt.gr/img/prd/o/76379/-3.jpg; https://www.b2bmarkt.gr/img/prd/o/76379/-4.jpg; https://www.b2bmarkt.gr/img/prd/o/76379/-5.jpg; https://www.b2bmarkt.gr/img/prd/o/76379/-6.jpg; https://www.b2bmarkt.gr/img/prd/o/76379/-7.jpg; https://www.b2bmarkt.gr/img/prd/o/76379/-8.jpg; https://www.b2bmarkt.gr/img/prd/o/76379/-9.jpg,899,0,9,5208067215114,L:2.3 W:0.96 H:0.71 Weight:69.5kg Vol:1.5m3
0603292,ΚΑΝΑΠΕΣ 3-ΘΕΣΙΟΣ OPALE SM3319.02 ΑΝΟΙΧΤΟ ΜΠΕΖ ΥΦΑΣΜΑ 230x96x76Υεκ.,Триместен диван Opale светло бежов плат 230x96x76 см,"Premium 3-Θέσιος Καναπές OPALE-- ΑΝΟΙΧΤΟ ΜΠΕΖ Χρώμα<br />
<br />
Ο καναπές OPALE αποτελεί την επιτομή του σύγχρονου comfort design, συνδυάζοντας την πληθωρική αισθητική με την απόλυτη αναπαυτικότητα. Με τις πλούσιες καμπύλες του και το ιδιαίτερο ανάγλυφο ύφασμα σε φωτεινό ΑΝΟΙΧΤΟ ΜΠΕΖ χρώμα, ο OPALE μεταμορφώνει το σαλόνι σας σε έναν χώρο υψηλής αισθητικής και χαλάρωσης. Είναι το ιδανικό κεντρικό κομμάτι για όσους αναζητούν την πολυτέλεια χωρίς συμβιβασμούς στην άνεση.<br />
________________________________________<br />
Τεχνικά Χαρακτηριστικά:<br />
<br />
•Διαστάσεις: 230 x 96 x 76Y εκ.<br />
•Χωρητικότητα: Άνετος 3-θέσιος σχεδιασμός.<br />
•Σκελετός: Στιβαρή κατασκευή από μασίφ ξύλο ευκαλύπτου και κόντρα-πλακέ υψηλής αντοχής.<br />
•Πόδια: Διακριτά κοντά ξύλινα πόδια για μέγιστη σταθερότητα και minimal εμφάνιση.<br />
•Αξεσουάρ: Περιλαμβάνονται 2 διακοσμητικά μαξιλαράκια στην ίδια ποιότητα υφάσματος.<br />
________________________________________<br />
Ανάλυση Υλικών: Ποιότητα και Αντοχή<br />
<br />
Ο καναπές OPALE έχει σχεδιαστεί με έμφαση στη μακροζωία και την αίσθηση της αφής:<br />
•Σκελετός από Ευκάλυπτο: Η επιλογή του ξύλου ευκαλύπτου προσφέρει φυσική ανθεκτικότητα στην υγρασία και τις καταπονήσεις, εξασφαλίζοντας σταθερότητα για χρόνια.<br />
•Ανάγλυφο Ύφασμα: Η επένδυση διαθέτει μια πλούσια, ανάγλυφη πλέξη που προσθέτει βάθος στο ΑΝΟΙΧΤΟ ΜΠΕΖ χρώμα και μια εξαιρετικά απαλή υφή στην επαφή με το σώμα.<br />
•Padding: Γέμιση υψηλής πυκνότητας που διατηρεί το σχήμα του καναπέ και προσφέρει ιδανική στήριξη.<br />
________________________________________<br />
Τι μας αρέσει στον OPALE:<br />
<br />
•Design: Οι οργανικές του καμπύλες ακολουθούν τις τελευταίες τάσεις του modern deco, δίνοντας μια αίσθηση ζεστασιάς και ασφάλειας.<br />
•Η φωτεινότητα του γκρι: Η συγκεκριμένη απόχρωση είναι ευχάριστη και «ανοίγει» χρωματικά κάθε χώρο.<br />
•Ποιοτικά υλικά κατασκευής<br />
________________________________________<br />
Οδηγίες Συντήρησης:<br />
<br />
Για να διατηρήσετε τον OPALE σαν καινούργιο:<br />
•Καθαρισμός: Χρησιμοποιήστε την ειδική βούρτσα της ηλεκτρικής σκούπας για να απομακρύνετε τη σκόνη από το ύφασμα.<br />
•Λεκέδες: Σε περίπτωση λεκέ, καθαρίστε τοπικά με ένα νωπό πανί και ουδέτερο σαπούνι, αποφεύγοντας το τρίψιμο που μπορεί να επηρεάσει την υφή.<br />
•Τοποθέτηση: Αποφύγετε την απευθείας έκθεση στο ηλιακό φως για παρατεταμένο διάστημα, ώστε να διατηρηθεί αναλλοίωτο το χρώμα.<br />
________________________________________<br />
*Αναβαθμίστε το καθιστικό σας με τον 3-θέσιο καναπέ OPALE. Με σκελετό από ξύλο ευκαλύπτου, επένδυση από ανάγλυφο ύφασμα και μοντέρνο sculptural design, ο OPALE είναι η απόλυτη επιλογή για luxury living. Ιδανικός για contemporary σπίτια που αναζητούν την ισορροπία ανάμεσα στο design και την άνεση. #SofaDesign #OpaleSofa #LightBeigeSofa #LivingRoomGoals #ModernInterior #HomeInspo #InteriorTrends #FurnitureDesign #LuxuryLiving *<br />
<br />
** Η χρωματική απόδοση του προϊόντος ενδέχεται να διαφέρει ελαφρώς από τη φωτογραφική του αναπαράσταση στην οθόνη σας.","<p><strong>Премиум 3-местен диван OPALE – ЦВЯТ СВЕТЛО БЕЖОВ</strong></p><br />
<p>Диванът OPALE е върховият пример за съвременен комфортен дизайн, съчетаващ изобилна естетика с абсолютен комфорт. С богатите си извивки и специалната релефна материя в светло бежов цвят, OPALE превръща вашата дневна в пространство с висока естетика и релакс. Идеален централен елемент за тези, които търсят лукс без компромиси в удобството.</p><br />
________________________________________<br />
<p><strong>Технически характеристики:</strong></p><br />
<ul><li><strong>Размери:</strong> 230 x 96 x 76Y см.</li><li><strong>Капацитет:</strong> Удобен 3-местен дизайн.</li><li><strong>Конструкция:</strong> Здрава изработка от масивно дърво евкалипт и висококачествен шперплат.</li><li><strong>Крака:</strong> Дискретни къси дървени крака за максимална стабилност и минималистичен вид.</li><li><strong>Аксесоари:</strong> Включени 2 декоративни възглавнички от същата материя.</li></ul><br />
________________________________________<br />
<p><strong>Материален състав: Качество и издръжливост</strong></p><br />
<p>Диванът OPALE е проектиран с акцент върху дълготрайността и усещането при допир:</p><ul><li><strong>Конструкция от евкалипт:</strong> Изборът на евкалиптово дърво осигурява естествена устойчивост на влага и натоварване, гарантирайки стабилност за години.</li><li><strong>Релефна материя:</strong> Обшивката има богата релефна плетка, която добавя дълбочина на светло бежовия цвят и изключително мека текстура при допир.</li><li><strong>Пълнеж:</strong> Високоплътен пълнеж, който запазва формата на дивана и осигурява идеална опора.</li></ul><br />
________________________________________<br />
<p><strong>Какво харесваме в OPALE:</strong></p><br />
<ul><li><strong>Дизайн:</strong> Органичните му извивки следват последните тенденции в модерния декор, придавайки усещане за топлина и сигурност.</li><li><strong>Светлота на бежовото:</strong> Този нюанс е приятен и визуално разширява всяко пространство.</li><li><strong>Висококачествени материали:</strong> Изработка с внимание към детайла.</li></ul><br />
________________________________________<br />
<p><strong>Инструкции за поддръжка:</strong></p><br />
<p>За да запазите OPALE като нов:</p><ul><li><strong>Почистване:</strong> Използвайте специалната четка на прахосмукачката, за да премахнете праха от материята.</li><li><strong>Петна:</strong> При петно почистете локално с влажна кърпа и неутрален сапун, като избягвате търкане, което може да повреди текстурата.</li><li><strong>Поставяне:</strong> Избягвайте директна слънчева светлина за продължителен период, за да се запази цветът непроменен.</li></ul><br />
________________________________________<br />
<p><strong>*Обновете своя хол с 3-местния диван OPALE. С конструкция от евкалиптово дърво, обшивка от релефна материя и модерен скулптурен дизайн, OPALE е върховият избор за луксозен живот. Идеален за съвременни домове, които търсят баланс между дизайн и комфорт.</strong></p>",Триместен диван OPALE SM3319.02 светлобежов плат 230x96x76 см,3-местен диван OPALE SM3319.02 в светло бежов цвят с плат - Премиум 3-местен диван OPALE в светло бежов цвят<br /><br />Диванът OPALE е върхът на комфорта и сти,[L] Εσωτερικός χώρος > [L] Σαλόνια - γωνίες,Ъглови дивани,https://www.b2bmarkt.gr/img/prd/o/76380/.jpg; https://www.b2bmarkt.gr/img/prd/o/76380/-1.jpg; https://www.b2bmarkt.gr/img/prd/o/76380/-2.jpg,899,0,9,5208067215138,L:2.3 W:0.96 H:0.71 Weight:69.5kg Vol:1.5m3
0603293,ΚΑΝΑΠΕΣ 2-ΘΕΣΙΟΣ OPALE SM3320.02 ΑΝΟΙΧΤΟ ΜΠΕΖ ΥΦΑΣΜΑ 177x96x76Υεκ.,Двуместен диван Opale светлобежов плат 177x96x76 см,"Premium 2-Θέσιος Καναπές OPALE-- ΑΝΟΙΧΤΟ ΜΠΕΖ Χρώμα<br />
<br />
Ο καναπές OPALE αποτελεί την επιτομή του σύγχρονου comfort design, συνδυάζοντας την πληθωρική αισθητική με την απόλυτη αναπαυτικότητα. Με τις πλούσιες καμπύλες του και το ιδιαίτερο ανάγλυφο ύφασμα σε φωτεινό ΑΝΟΙΧΤΟ ΜΠΕΖ χρώμα, ο OPALE μεταμορφώνει το σαλόνι σας σε έναν χώρο υψηλής αισθητικής και χαλάρωσης. Είναι το ιδανικό συμπληρωματικό κομμάτι για όσους αναζητούν την πολυτέλεια χωρίς συμβιβασμούς στην άνεση.<br />
________________________________________<br />
Τεχνικά Χαρακτηριστικά:<br />
<br />
•Διαστάσεις: 177 x 96 x 76Y εκ.<br />
•Χωρητικότητα: Άνετος 2-θέσιος σχεδιασμός.<br />
•Σκελετός: Στιβαρή κατασκευή από μασίφ ξύλο ευκαλύπτου και κόντρα-πλακέ υψηλής αντοχής.<br />
•Πόδια: Διακριτά κοντά ξύλινα πόδια για μέγιστη σταθερότητα και minimal εμφάνιση.<br />
•Αξεσουάρ: Περιλαμβάνονται 2 διακοσμητικά μαξιλαράκια στην ίδια ποιότητα υφάσματος.<br />
________________________________________<br />
Ανάλυση Υλικών: Ποιότητα και Αντοχή<br />
<br />
Ο καναπές OPALE έχει σχεδιαστεί με έμφαση στη μακροζωία και την αίσθηση της αφής:<br />
•Σκελετός από Ευκάλυπτο: Η επιλογή του ξύλου ευκαλύπτου προσφέρει φυσική ανθεκτικότητα στην υγρασία και τις καταπονήσεις, εξασφαλίζοντας σταθερότητα για χρόνια.<br />
•Ανάγλυφο Ύφασμα: Η επένδυση διαθέτει μια πλούσια, ανάγλυφη πλέξη που προσθέτει βάθος στο ΑΝΟΙΧΤΟ ΜΠΕΖ χρώμα και μια εξαιρετικά απαλή υφή στην επαφή με το σώμα.<br />
•Padding: Γέμιση υψηλής πυκνότητας που διατηρεί το σχήμα του καναπέ και προσφέρει ιδανική στήριξη.<br />
________________________________________<br />
Τι μας αρέσει στον OPALE:<br />
<br />
•Design: Οι οργανικές του καμπύλες ακολουθούν τις τελευταίες τάσεις του modern deco, δίνοντας μια αίσθηση ζεστασιάς και ασφάλειας.<br />
•Η φωτεινότητα του ανοιχτού μπεζ: Η συγκεκριμένη απόχρωση είναι ευχάριστη και «ανοίγει» χρωματικά κάθε χώρο.<br />
•Ποιοτικά υλικά κατασκευής<br />
________________________________________<br />
Οδηγίες Συντήρησης:<br />
<br />
Για να διατηρήσετε τον OPALE σαν καινούργιο:<br />
•Καθαρισμός: Χρησιμοποιήστε την ειδική βούρτσα της ηλεκτρικής σκούπας για να απομακρύνετε τη σκόνη από το ύφασμα.<br />
•Λεκέδες: Σε περίπτωση λεκέ, καθαρίστε τοπικά με ένα νωπό πανί και ουδέτερο σαπούνι, αποφεύγοντας το τρίψιμο που μπορεί να επηρεάσει την υφή.<br />
•Τοποθέτηση: Αποφύγετε την απευθείας έκθεση στο ηλιακό φως για παρατεταμένο διάστημα, ώστε να διατηρηθεί αναλλοίωτο το χρώμα.<br />
________________________________________<br />
*Αναβαθμίστε το καθιστικό σας με τον 2-θέσιο καναπέ OPALE. Με σκελετό από ξύλο ευκαλύπτου, επένδυση από ανάγλυφο ύφασμα και μοντέρνο sculptural design, ο OPALE είναι η απόλυτη επιλογή για luxury living. Ιδανικός για contemporary σπίτια που αναζητούν την ισορροπία ανάμεσα στο design και την άνεση. #SofaDesign #OpaleSofa #LightBeigeSofa #LivingRoomGoals #ModernInterior #HomeInspo #InteriorTrends #FurnitureDesign #LuxuryLiving *<br />
<br />
** Η χρωματική απόδοση του προϊόντος ενδέχεται να διαφέρει ελαφρώς από τη φωτογραφική του αναπαράσταση στην οθόνη σας.","<p><strong>Премиум 2-местен диван OPALE – ЦВЯТ СВЕТЛО БЕЖОВ</strong></p><br />
<p>Диванът OPALE е върховото изражение на съвременния комфортен дизайн, съчетавайки изобилна естетика с абсолютен комфорт. С богатите си извивки и специалната релефна материя в светло бежов цвят, OPALE превръща вашата дневна в пространство с висока естетика и релаксация. Идеалното допълнение за тези, които търсят лукс без компромиси в удобството.</p><br />
________________________________________<br />
<p><strong>Технически характеристики:</strong></p><br />
<ul>
<li><strong>Размери:</strong> 177 x 96 x 76Y см.</li>
<li><strong>Капацитет:</strong> Удобен 2-местен дизайн.</li>
<li><strong>Конструкция:</strong> Здрава изработка от масивно дърво евкалипт и висококачествен шперплат.</li>
<li><strong>Крака:</strong> Дискретни къси дървени крака за максимална стабилност и минималистичен вид.</li>
<li><strong>Аксесоари:</strong> Включени 2 декоративни възглавнички от същата материя.</li>
</ul><br />
________________________________________<br />
<p><strong>Материален състав: Качество и издръжливост</strong></p><br />
<p>Диванът OPALE е проектиран с акцент върху дълготрайността и усещането при допир:</p><br />
<ul>
<li><strong>Конструкция от евкалипт:</strong> Изборът на евкалиптово дърво осигурява естествена устойчивост на влага и натоварвания, гарантирайки стабилност за години.</li>
<li><strong>Релефна материя:</strong> Обшивката притежава богата, релефна плетка, която добавя дълбочина на светло бежовия цвят и изключително мека текстура при допир.</li>
<li><strong>Пълнеж:</strong> Високоплътен пълнеж, който запазва формата на дивана и осигурява идеална опора.</li>
</ul><br />
________________________________________<br />
<p><strong>Какво харесваме в OPALE:</strong></p><br />
<ul>
<li><strong>Дизайн:</strong> Органичните му извивки следват последните тенденции в модерния декор, придавайки усещане за топлина и сигурност.</li>
<li><strong>Светлото бежово:</strong> Този нюанс е приятен и визуално разширява всяко пространство.</li>
<li><strong>Качествени материали:</strong> Изработка от първокласни материали.</li>
</ul><br />
________________________________________<br />
<p><strong>Инструкции за поддръжка:</strong></p><br />
<p>За да запазите OPALE като нов:</p><br />
<ul>
<li><strong>Почистване:</strong> Използвайте специалната четка на прахосмукачката, за да премахнете праха от материята.</li>
<li><strong>Петна:</strong> При наличие на петно, почистете локално с влажна кърпа и неутрален сапун, като избягвате търкането, което може да повреди текстурата.</li>
<li><strong>Поставяне:</strong> Избягвайте директна слънчева светлина за продължително време, за да запазите цвета непроменен.</li>
</ul><br />
________________________________________<br />
<p><strong>*Обновете своя хол с 2-местния диван OPALE. С конструкция от евкалиптово дърво, обшивка от релефна материя и модерен скулптурен дизайн, OPALE е перфектният избор за луксозен живот. Идеален за съвременни домове, които търсят баланс между дизайн и комфорт. #SofaDesign #OpaleSofa #LightBeigeSofa #LivingRoomGoals #ModernInterior #HomeInspo #InteriorTrends #FurnitureDesign #LuxuryLiving *</strong></p><br />
<p><strong>** Цветовото представяне на продукта може леко да се различава от фотографското изображение на вашия екран.</strong></p>",Двуместен диван OPALE SM3320.02 светлобежов плат 177x96x76 см,"Двуместен диван OPALE SM3320.02 в светлобежов цвят, с висококачествена тапицерия. Идеален избор за стилен и удобен интериор.",[L] Εσωτερικός χώρος > [L] Σαλόνια - γωνίες,Ъглови дивани,https://www.b2bmarkt.gr/img/prd/o/76381/.jpg; https://www.b2bmarkt.gr/img/prd/o/76381/-1.jpg; https://www.b2bmarkt.gr/img/prd/o/76381/-2.jpg,749,0,3,5208067215145,L:1.77 W:0.96 H:0.71 Weight:57.5kg Vol:1.2m3
0603291,ΚΑΝΑΠΕΣ 2-ΘΕΣΙΟΣ OPALE SM3320.01 ΓΚΡΙ ΥΦΑΣΜΑ 177x96x76Υεκ.,Двуместен диван Opale сив плат 177x96x76 см,"Premium 2-Θέσιος Καναπές OPALE-- ΓΚΡΙ Χρώμα<br />
<br />
Ο καναπές OPALE αποτελεί την επιτομή του σύγχρονου comfort design, συνδυάζοντας την πληθωρική αισθητική με την απόλυτη αναπαυτικότητα. Με τις πλούσιες καμπύλες του και το ιδιαίτερο ανάγλυφο ύφασμα σε διαχρονικό ΓΚΡΙ χρώμα, ο OPALE μεταμορφώνει το σαλόνι σας σε έναν χώρο υψηλής αισθητικής και χαλάρωσης. Είναι το ιδανικό συμπληρωματικό κομμάτι για όσους αναζητούν την πολυτέλεια χωρίς συμβιβασμούς στην άνεση.<br />
________________________________________<br />
Τεχνικά Χαρακτηριστικά:<br />
<br />
•Διαστάσεις: 177 x 96 x 76Y εκ.<br />
•Χωρητικότητα: Άνετος 2-θέσιος σχεδιασμός.<br />
•Σκελετός: Στιβαρή κατασκευή από μασίφ ξύλο ευκαλύπτου και κόντρα-πλακέ υψηλής αντοχής.<br />
•Πόδια: Διακριτά κοντά ξύλινα πόδια για μέγιστη σταθερότητα και minimal εμφάνιση.<br />
•Αξεσουάρ: Περιλαμβάνονται 2 διακοσμητικά μαξιλαράκια στην ίδια ποιότητα υφάσματος.<br />
________________________________________<br />
Ανάλυση Υλικών: Ποιότητα και Αντοχή<br />
<br />
Ο καναπές OPALE έχει σχεδιαστεί με έμφαση στη μακροζωία και την αίσθηση της αφής:<br />
•Σκελετός από Ευκάλυπτο: Η επιλογή του ξύλου ευκαλύπτου προσφέρει φυσική ανθεκτικότητα στην υγρασία και τις καταπονήσεις, εξασφαλίζοντας σταθερότητα για χρόνια.<br />
•Ανάγλυφο Ύφασμα: Η επένδυση διαθέτει μια πλούσια, ανάγλυφη πλέξη που προσθέτει βάθος στο ΓΚΡΙ χρώμα και μια εξαιρετικά απαλή υφή στην επαφή με το σώμα.<br />
•Padding: Γέμιση υψηλής πυκνότητας που διατηρεί το σχήμα του καναπέ και προσφέρει ιδανική στήριξη.<br />
________________________________________<br />
Τι μας αρέσει στον OPALE:<br />
<br />
•Design: Οι οργανικές του καμπύλες ακολουθούν τις τελευταίες τάσεις του modern deco, δίνοντας μια αίσθηση ζεστασιάς και ασφάλειας.<br />
•Η προσαρμοστικότητα του γκρι: Η συγκεκριμένη απόχρωση είναι η πλέον ευέλικτη, καθώς συνδυάζεται άψογα τόσο με ψυχρούς όσο και με θερμούς τόνους διακόσμησης.<br />
•Ποιοτικά υλικά κατασκευής<br />
________________________________________<br />
Οδηγίες Συντήρησης:<br />
<br />
Για να διατηρήσετε τον OPALE σαν καινούργιο:<br />
•Καθαρισμός: Χρησιμοποιήστε την ειδική βούρτσα της ηλεκτρικής σκούπας για να απομακρύνετε τη σκόνη από το ύφασμα.<br />
•Λεκέδες: Σε περίπτωση λεκέ, καθαρίστε τοπικά με ένα νωπό πανί και ουδέτερο σαπούνι, αποφεύγοντας το τρίψιμο που μπορεί να επηρεάσει την υφή.<br />
•Τοποθέτηση: Αποφύγετε την απευθείας έκθεση στο ηλιακό φως για παρατεταμένο διάστημα, ώστε να διατηρηθεί αναλλοίωτο το χρώμα.<br />
________________________________________<br />
*Αναβαθμίστε το καθιστικό σας με τον 2-θέσιο καναπέ OPALE. Με σκελετό από ξύλο ευκαλύπτου, επένδυση από ανάγλυφο ύφασμα και μοντέρνο sculptural design, ο OPALE είναι η απόλυτη επιλογή για luxury living. Ιδανικός για contemporary σπίτια που αναζητούν την ισορροπία ανάμεσα στο design και την άνεση. #SofaDesign #OpaleSofa #greySofa #LivingRoomGoals #ModernInterior #HomeInspo #InteriorTrends #FurnitureDesign #LuxuryLiving *<br />
<br />
** Η χρωματική απόδοση του προϊόντος ενδέχεται να διαφέρει ελαφρώς από τη φωτογραφική του αναπαράσταση στην οθόνη σας.","<p><strong>Премиум 2-местен диван OPALE – СИВ Цвят</strong></p><br />
<p>Диванът OPALE е върховото изражение на съвременния комфортен дизайн, съчетавайки изобилна естетика с абсолютен комфорт. С богатите си извивки и специалната релефна материя в класически СИВ цвят, OPALE превръща вашата дневна в пространство с висока естетика и релакс. Идеалното допълнение за тези, които търсят лукс без компромиси в удобството.</p><br />
________________________________________<br />
<p><strong>Технически характеристики:</strong></p><br />
<ul><li><strong>Размери:</strong> 177 x 96 x 76Y см.</li><li><strong>Капацитет:</strong> Удобен 2-местен дизайн.</li><li><strong>Конструкция:</strong> Здрава изработка от масивно дърво евкалипт и висококачествен шперплат.</li><li><strong>Крака:</strong> Дискретни къси дървени крака за максимална стабилност и минималистичен вид.</li><li><strong>Аксесоари:</strong> Включени 2 декоративни възглавнички от същата материя.</li></ul><br />
________________________________________<br />
<p><strong>Материали: Качество и издръжливост</strong></p><br />
<p>Диванът OPALE е проектиран с акцент върху дълготрайността и усещането при допир:</p><ul><li><strong>Конструкция от евкалипт:</strong> Изборът на евкалиптово дърво осигурява естествена устойчивост на влага и натоварване, гарантирайки стабилност за години.</li><li><strong>Релефна материя:</strong> Покритието има богата релефна плетка, която придава дълбочина на СИВИЯ цвят и изключително мека текстура при допир.</li><li><strong>Пълнеж:</strong> Високоплътен пълнеж, който запазва формата на дивана и осигурява идеална опора.</li></ul><br />
________________________________________<br />
<p><strong>Какво харесваме в OPALE:</strong></p><br />
<ul><li><strong>Дизайн:</strong> Органичните му извивки следват последните тенденции в модерния декор, създавайки усещане за топлина и сигурност.</li><li><strong>Гъвкавост на сивия цвят:</strong> Този нюанс е изключително универсален, съчетава се перфектно както с хладни, така и с топли тонове в интериора.</li><li><strong>Качествени материали:</strong> Изработка от първокласни материали.</li></ul><br />
________________________________________<br />
<p><strong>Инструкции за поддръжка:</strong></p><br />
<p>За да запазите OPALE като нов:</p><ul><li><strong>Почистване:</strong> Използвайте специалната четка на прахосмукачката, за да отстраните праха от материята.</li><li><strong>Петна:</strong> При наличие на петно, почистете локално с влажна кърпа и неутрален сапун, като избягвате търкане, което може да повреди текстурата.</li><li><strong>Поставяне:</strong> Избягвайте директна слънчева светлина за продължително време, за да запазите цвета непроменен.</li></ul><br />
________________________________________<br />
<p><strong>*Обновете своя хол с 2-местния диван OPALE. С конструкция от евкалиптово дърво, покритие от релефна материя и модерен скулптурен дизайн, OPALE е перфектният избор за луксозен начин на живот. Идеален за съвременни домове, които търсят баланс между дизайн и комфорт. #SofaDesign #OpaleSofa #greySofa #LivingRoomGoals #ModernInterior #HomeInspo #InteriorTrends #FurnitureDesign #LuxuryLiving *</strong></p><br />
<p><strong>** Цветопредаването на продукта може леко да се различава от фотографското изображение на вашия екран.</strong></p>",Двуместен диван OPALE SM3320.01 сив плат 177x96x76 см,"Двуместен диван OPALE SM3320.01 в сив плат, размер 177x96x76 см - Премиум качество и модерен дизайн за вашия дом.",[L] Εσωτερικός χώρος > [L] Σαλόνια - γωνίες,Ъглови дивани,https://www.b2bmarkt.gr/img/prd/o/76382/.jpg; https://www.b2bmarkt.gr/img/prd/o/76382/-1.jpg; https://www.b2bmarkt.gr/img/prd/o/76382/-2.jpg,749,0,4,5208067215121,L:1.77 W:0.96 H:0.71 Weight:57.5kg Vol:1.2m3
0603274,ΚΑΝΑΠΕΣ ΔΕΞΙΑ ΓΩΝΙΑ 5Θ ΜΕ RECLINE COMMODUS SM3315.01R ΓΚΡΙ ΥΦΑΣΜΑ 275x104x77Yεκ,Диван ъглов десен 5-местен с релакс функция сив плат 275x104x77 см,"Ο COMMODUS είναι ένας premium καναπές εσωτερικού χώρου από την SYMETRON, που σχεδιάστηκε για να προσφέρει κορυφαία άνεση και σύγχρονη λειτουργικότητα. Η 5-θέσια διάταξη σε ΔΕΞΙΑ γωνία με μεγάλες διαστάσεις δημιουργεί έναν επιβλητικό χώρο χαλάρωσης, ιδανικό για σύγχρονα σαλόνια που δίνουν έμφαση τόσο στο design όσο και στην άνεση.<br />
<br />
Ο καναπές είναι επενδυμένος με ποιοτικό ανάγλυφο ύφασμα σε ΓΚΡΙ απόχρωση που χαρίζει κομψότητα και διαχρονικό χαρακτήρα, ενώ η υφή του προσθέτει βάθος και πολυτελή αίσθηση στον χώρο.<br />
Τα καθίσματα είναι αναπαυτικά και δίνουν μια αίσθηση άνεσης που διατηρείται αναλλοίωτη ακόμη και μετά από έντονη καθημερινή χρήση.<br />
Τα glossy μεταλλικά πόδια αναδεικνύουν τον σύγχρονο χαρακτήρα του καναπέ, ενώ το φαρδύ μπράτσο στη μία πλευρά προσθέτει επιπλέον άνεση και λειτουργικότητα. Παράλληλα, τα προσκέφαλα και στις πέντε θέσεις διαθέτουν ρυθμιζόμενη ανάκλιση με εύχρηστο χειροκίνητο μηχανισμό, επιτρέποντας την προσαρμογή της στήριξης σύμφωνα με τις ανάγκες κάθε χρήστη.<br />
Η θέση που βρίσκεται δίπλα στο μπράτσο διαθέτει ηλεκτρική ανάκλιση που ενεργοποιείται εύκολα μέσω διακοπτών στην εξωτερική πλευρά του μπράτσου, μετατρέποντας το κάθισμα σε μια πραγματική ζώνη χαλάρωσης.<br />
Στο ίδιο σημείο βρίσκεται και μια θύρα φόρτισης USB, μία κλασική και μία Type-C, επιτρέποντας τη φόρτιση κινητών και συσκευών χωρίς να χρειάζεται να απομακρυνθείτε από την άνεση του καναπέ.<br />
<br />
*Ο COMMODUS αποτελεί την ιδανική επιλογή για όσους αναζητούν έναν γωνιακό καναπέ υψηλής αισθητικής που συνδυάζει πολυτέλεια, εργονομία και τεχνολογία σε ένα εντυπωσιακό σύνολο που μεταμορφώνει το σαλόνι σε έναν πραγματικό χώρο χαλάρωσης. Ιδανικός για μοντέρνα καθιστικά, luxury living rooms και contemporary interior design ιδέες.*<br />
----------------------------------------------<br />
*Το προϊόν παραδίδεται ασυναρμολόγητο σε εργοστασιακές συσκευασίες.<br />
** Η χρωματική απόδοση του προϊόντος ενδέχεται να διαφέρει ελαφρώς σε σχέση με την φωτογραφική απεικόνισή του στην οθόνη σας.<br />
----------------------------------------------<br />
ΔΙΑΣΤΑΣΕΙΣ:<br />
275x104x77Yεκ<br />
----------------------------------------------<br />
ΥΛΙΚΑ ΚΑΤΑΣΚΕΥΗΣ:<br />
-Μεταλλικά πόδια<br />
<br />
-Ανάγλυφο ύφασμα<br />
------------------------------------------<br />
ΣΥΝΤΗΡΗΣΗ: <br />
Πέρα από τακτικό ξεσκόνισμα, μπορείτε να χρησιμοποιείτε ένα υγρό πανί. Μην χρησιμοποιείτε χημικά καθαριστικά.<br />
------------------------------------------<br />
ΠΛΕΟΝΕΚΤΗΜΑΤΑ:<br />
• Μέγεθος <br />
• Ρυθμιζόμενα προσκέφαλα και στις 5 θέσεις με εύχρηστο χειροκίνητο μηχανισμό<br />
• Ηλεκτρική ανάκλιση σε μία θέση για απόλυτη άνεση και χαλάρωση με ενσωματωμένους διακόπτες ελέγχου στην εξωτερική πλευρά του μπράτσου για εύκολη χρήση<br />
• Δύο θύρες φόρτισης USB (κλασική και Type-C) για πρακτικότητα στην καθημερινότητα<br />
• Φαρδύ μπράτσο που ενισχύει την άνεση και την εργονομία.","<p><strong>COMMODUS</strong> е премиум ъглов диван от SYMETRON, проектиран да осигури върховен комфорт и съвременна функционалност. 5-местната конфигурация с ДЯСНА ъглова форма и големи размери създава внушително пространство за релакс, идеално за модерни дневни, които акцентират както върху дизайна, така и върху удобството.</p><br /><p>Диванът е тапициран с качествен релефен плат в СИВ нюанс, който придава елегантност и вечен характер, а текстурата добавя дълбочина и луксозно усещане в помещението.<br />Седалките са удобни и осигуряват усещане за комфорт, което остава непокътнато дори след интензивна ежедневна употреба.<br />Гланцовите метални крака подчертават съвременния облик на дивана, а широкият подлакътник от едната страна добавя допълнителен комфорт и функционалност. В същото време, облегалките на всички пет места разполагат с регулируемо накланяне чрез лесен за използване ръчен механизъм, позволяващ адаптиране на опората според нуждите на всеки потребител.<br />Позицията до подлакътника има електрическо накланяне, което се активира лесно чрез бутони от външната страна на подлакътника, превръщайки седалката в истинска зона за релакс.<br />На същото място има и USB портове за зареждане – един стандартен и един Type-C, позволяващи зареждане на мобилни устройства без да се налага да напускате удобството на дивана.</p><br /><p><strong>*COMMODUS</strong> е идеалният избор за тези, които търсят ъглов диван с висока естетика, съчетаващ лукс, ергономия и технологии в впечатляващо цяло, което превръща дневната в истинско място за отдих. Подходящ за модерни дневни, луксозни всекидневни и съвременни интериорни решения.*</p><br />----------------------------------------------<br /><p><strong>Продуктът се доставя разглобен в заводски опаковки.</strong><br /><strong>Цветовото представяне на продукта може леко да се различава от фотографското изображение на екрана ви.</strong></p><br />----------------------------------------------<br /><p><strong>РАЗМЕРИ:</strong><br />275x104x77Yсм</p><br />----------------------------------------------<br /><p><strong>МАТЕРИАЛИ:</strong><br />- Метални крака<br /><br />- Релефен плат</p><br />------------------------------------------<br /><p><strong>ПОДДРЪЖКА:</strong><br />Освен редовно почистване с прахосмукачка, може да използвате влажна кърпа. Не използвайте химически почистващи препарати.</p><br />------------------------------------------<br /><p><strong>ПРЕДИМСТВА:</strong></p><ul><li><strong>Размер:</strong> голям</li><li><strong>Регулируеми облегалки:</strong> на всички 5 места с лесен ръчен механизъм</li><li><strong>Електрическо накланяне:</strong> на една позиция за максимален комфорт и релакс с вградени бутони за управление от външната страна на подлакътника за лесна употреба</li><li><strong>Два USB порта за зареждане:</strong> стандартен и Type-C за удобство в ежедневието</li><li><strong>Широк подлакътник:</strong> повишава комфорта и ергономията</li></ul>",Десен ъглов диван 5 места с релакс функция COMMODUS SM3315.01R сив пла,"Десен ъглов диван 5 места с релакс функция COMMODUS SM3315. COMMODUS е премиум диван за вътрешна употреба от SYMETRON, проектиран да осигури комфорт и стил.",[L] Εσωτερικός χώρος > [L] Σαλόνια - γωνίες,Ъглови дивани,https://www.b2bmarkt.gr/img/prd/o/76641/.jpg; https://www.b2bmarkt.gr/img/prd/o/76641/-1.jpg; https://www.b2bmarkt.gr/img/prd/o/76641/-2.jpg; https://www.b2bmarkt.gr/img/prd/o/76641/-3.jpg; https://www.b2bmarkt.gr/img/prd/o/76641/-4.jpg; https://www.b2bmarkt.gr/img/prd/o/76641/-5.jpg; https://www.b2bmarkt.gr/img/prd/o/76641/-6.jpg; https://www.b2bmarkt.gr/img/prd/o/76641/-7.jpg; https://www.b2bmarkt.gr/img/prd/o/76641/-8.jpg,1700,0,8,5208067216777,L:1.73 W:0.98 H:0.56 Weight:77kg Vol:0.94m3
