Handle,Image Src,Image Position,Image Alt Text,Title
mc-0612615,https://www.b2bmarkt.gr/img/prd/o/73807/-1.jpg,1,- снимка 1,Детски продукт 0612615
mc-0612615,https://www.b2bmarkt.gr/img/prd/o/73807/-2.jpg,2,- снимка 3,Детски продукт 0612615
mc-0612615,https://www.b2bmarkt.gr/img/prd/o/73807/-3.jpg,3,- снимка 4,Детски продукт 0612615
mc-0612615,https://www.b2bmarkt.gr/img/prd/o/73807/-4.jpg,4,- снимка 5,Детски продукт 0612615
mc-0612615,https://www.b2bmarkt.gr/img/prd/o/73807/-5.jpg,5,- снимка 6,Детски продукт 0612615
mc-0612615,https://www.b2bmarkt.gr/img/prd/o/73807/-6.jpg,6,- снимка 7,Детски продукт 0612615
mc-0612615,https://www.b2bmarkt.gr/img/prd/o/73807/-7.jpg,7,- снимка 8,Детски продукт 0612615
mc-0612615,https://www.b2bmarkt.gr/img/prd/o/73807/-8.jpg,8,- снимка 9,Детски продукт 0612615
mc-0612615,https://www.b2bmarkt.gr/img/prd/o/73807/-9.jpg,9,- снимка 10,Детски продукт 0612615
mc-0612616,https://www.b2bmarkt.gr/img/prd/o/73808/-1.jpg,1,- снимка 1,Детски продукт 0612616
mc-0612616,https://www.b2bmarkt.gr/img/prd/o/73808/-2.jpg,2,- снимка 3,Детски продукт 0612616
mc-0612616,https://www.b2bmarkt.gr/img/prd/o/73808/-3.jpg,3,- снимка 4,Детски продукт 0612616
mc-0612616,https://www.b2bmarkt.gr/img/prd/o/73808/-4.jpg,4,- снимка 5,Детски продукт 0612616
mc-0612616,https://www.b2bmarkt.gr/img/prd/o/73808/-5.jpg,5,- снимка 6,Детски продукт 0612616
mc-0612616,https://www.b2bmarkt.gr/img/prd/o/73808/-6.jpg,6,- снимка 7,Детски продукт 0612616
mc-0612616,https://www.b2bmarkt.gr/img/prd/o/73808/-7.jpg,7,- снимка 8,Детски продукт 0612616
mc-0612641,https://www.b2bmarkt.gr/img/prd/o/73810/-1.jpg,1,- снимка 1,Детски продукт 0612641
mc-0612641,https://www.b2bmarkt.gr/img/prd/o/73810/-2.jpg,2,- снимка 3,Детски продукт 0612641
mc-0612641,https://www.b2bmarkt.gr/img/prd/o/73810/-3.jpg,3,- снимка 4,Детски продукт 0612641
mc-0612641,https://www.b2bmarkt.gr/img/prd/o/73810/-4.jpg,4,- снимка 5,Детски продукт 0612641
mc-0612641,https://www.b2bmarkt.gr/img/prd/o/73810/-5.jpg,5,- снимка 6,Детски продукт 0612641
mc-0612641,https://www.b2bmarkt.gr/img/prd/o/73810/-6.jpg,6,- снимка 7,Детски продукт 0612641
mc-0612641,https://www.b2bmarkt.gr/img/prd/o/73810/-7.jpg,7,- снимка 8,Детски продукт 0612641
mc-0612641,https://www.b2bmarkt.gr/img/prd/o/73810/-8.jpg,8,- снимка 9,Детски продукт 0612641
mc-0612641,https://www.b2bmarkt.gr/img/prd/o/73810/-9.jpg,9,- снимка 10,Детски продукт 0612641
mc-0612642,https://www.b2bmarkt.gr/img/prd/o/73811/-1.jpg,1,- снимка 1,Детски продукт 0612642
mc-0612642,https://www.b2bmarkt.gr/img/prd/o/73811/-2.jpg,2,- снимка 3,Детски продукт 0612642
mc-0612642,https://www.b2bmarkt.gr/img/prd/o/73811/-3.jpg,3,- снимка 4,Детски продукт 0612642
mc-0612642,https://www.b2bmarkt.gr/img/prd/o/73811/-4.jpg,4,- снимка 5,Детски продукт 0612642
mc-0612642,https://www.b2bmarkt.gr/img/prd/o/73811/-5.jpg,5,- снимка 6,Детски продукт 0612642
mc-0612642,https://www.b2bmarkt.gr/img/prd/o/73811/-6.jpg,6,- снимка 7,Детски продукт 0612642
mc-0612642,https://www.b2bmarkt.gr/img/prd/o/73811/-7.jpg,7,- снимка 8,Детски продукт 0612642
mc-0612642,https://www.b2bmarkt.gr/img/prd/o/73811/-8.jpg,8,- снимка 9,Детски продукт 0612642
mc-0612854,https://www.b2bmarkt.gr/img/prd/o/73812/-1.jpg,1,- снимка 1,Детски продукт 0612854
mc-0612854,https://www.b2bmarkt.gr/img/prd/o/73812/-2.jpg,2,- снимка 3,Детски продукт 0612854
mc-0612854,https://www.b2bmarkt.gr/img/prd/o/73812/-3.jpg,3,- снимка 4,Детски продукт 0612854
mc-0612854,https://www.b2bmarkt.gr/img/prd/o/73812/-4.jpg,4,- снимка 5,Детски продукт 0612854
mc-0612854,https://www.b2bmarkt.gr/img/prd/o/73812/-5.jpg,5,- снимка 6,Детски продукт 0612854
mc-0612854,https://www.b2bmarkt.gr/img/prd/o/73812/-6.jpg,6,- снимка 7,Детски продукт 0612854
mc-0612854,https://www.b2bmarkt.gr/img/prd/o/73812/-7.jpg,7,- снимка 8,Детски продукт 0612854
mc-0612629,https://www.b2bmarkt.gr/img/prd/o/73813/-1.jpg,1,- снимка 1,Детски продукт 0612629
mc-0538106,https://www.b2bmarkt.gr/img/prd/o/73814/-1.jpg,1,- снимка 1,Детски продукт 0538106
mc-0538106,https://www.b2bmarkt.gr/img/prd/o/73814/-2.jpg,2,- снимка 3,Детски продукт 0538106
mc-0538106,https://www.b2bmarkt.gr/img/prd/o/73814/-3.jpg,3,- снимка 4,Детски продукт 0538106
mc-0538106,https://www.b2bmarkt.gr/img/prd/o/73814/-4.jpg,4,- снимка 5,Детски продукт 0538106
mc-0538106,https://www.b2bmarkt.gr/img/prd/o/73814/-5.jpg,5,- снимка 6,Детски продукт 0538106
mc-0538106,https://www.b2bmarkt.gr/img/prd/o/73814/-6.jpg,6,- снимка 7,Детски продукт 0538106
mc-0538106,https://www.b2bmarkt.gr/img/prd/o/73814/-7.jpg,7,- снимка 8,Детски продукт 0538106
mc-0538106,https://www.b2bmarkt.gr/img/prd/o/73814/-8.jpg,8,- снимка 9,Детски продукт 0538106
mc-0538106,https://www.b2bmarkt.gr/img/prd/o/73814/-9.jpg,9,- снимка 10,Детски продукт 0538106
mc-0538107,https://www.b2bmarkt.gr/img/prd/o/73815/-1.jpg,1,- снимка 1,Детски продукт 0538107
mc-0538107,https://www.b2bmarkt.gr/img/prd/o/73815/-2.jpg,2,- снимка 3,Детски продукт 0538107
mc-0538107,https://www.b2bmarkt.gr/img/prd/o/73815/-3.jpg,3,- снимка 4,Детски продукт 0538107
mc-0538107,https://www.b2bmarkt.gr/img/prd/o/73815/-4.jpg,4,- снимка 5,Детски продукт 0538107
mc-0538107,https://www.b2bmarkt.gr/img/prd/o/73815/-5.jpg,5,- снимка 6,Детски продукт 0538107
mc-0538107,https://www.b2bmarkt.gr/img/prd/o/73815/-6.jpg,6,- снимка 7,Детски продукт 0538107
mc-0538108,https://www.b2bmarkt.gr/img/prd/o/73816/-1.jpg,1,- снимка 1,Детски продукт 0538108
mc-0538108,https://www.b2bmarkt.gr/img/prd/o/73816/-2.jpg,2,- снимка 3,Детски продукт 0538108
mc-0538108,https://www.b2bmarkt.gr/img/prd/o/73816/-3.jpg,3,- снимка 4,Детски продукт 0538108
mc-0538108,https://www.b2bmarkt.gr/img/prd/o/73816/-4.jpg,4,- снимка 5,Детски продукт 0538108
mc-0538108,https://www.b2bmarkt.gr/img/prd/o/73816/-5.jpg,5,- снимка 6,Детски продукт 0538108
mc-0538108,https://www.b2bmarkt.gr/img/prd/o/73816/-6.jpg,6,- снимка 7,Детски продукт 0538108
mc-0538108,https://www.b2bmarkt.gr/img/prd/o/73816/-7.jpg,7,- снимка 8,Детски продукт 0538108
mc-0538108,https://www.b2bmarkt.gr/img/prd/o/73816/-8.jpg,8,- снимка 9,Детски продукт 0538108
mc-0538109,https://www.b2bmarkt.gr/img/prd/o/73817/-1.jpg,1,- снимка 1,Детски продукт 0538109
mc-0538109,https://www.b2bmarkt.gr/img/prd/o/73817/-2.jpg,2,- снимка 3,Детски продукт 0538109
mc-0538109,https://www.b2bmarkt.gr/img/prd/o/73817/-3.jpg,3,- снимка 4,Детски продукт 0538109
mc-0538109,https://www.b2bmarkt.gr/img/prd/o/73817/-4.jpg,4,- снимка 5,Детски продукт 0538109
mc-0538109,https://www.b2bmarkt.gr/img/prd/o/73817/-5.jpg,5,- снимка 6,Детски продукт 0538109
mc-0538109,https://www.b2bmarkt.gr/img/prd/o/73817/-6.jpg,6,- снимка 7,Детски продукт 0538109
mc-0538109,https://www.b2bmarkt.gr/img/prd/o/73817/-7.jpg,7,- снимка 8,Детски продукт 0538109
mc-0538109,https://www.b2bmarkt.gr/img/prd/o/73817/-8.jpg,8,- снимка 9,Детски продукт 0538109
mc-0538109,https://www.b2bmarkt.gr/img/prd/o/73817/-9.jpg,9,- снимка 10,Детски продукт 0538109
mc-0538110,https://www.b2bmarkt.gr/img/prd/o/73818/-1.jpg,1,- снимка 1,Детски продукт 0538110
mc-0538110,https://www.b2bmarkt.gr/img/prd/o/73818/-2.jpg,2,- снимка 3,Детски продукт 0538110
mc-0538110,https://www.b2bmarkt.gr/img/prd/o/73818/-3.jpg,3,- снимка 4,Детски продукт 0538110
mc-0538110,https://www.b2bmarkt.gr/img/prd/o/73818/-4.jpg,4,- снимка 5,Детски продукт 0538110
mc-0538110,https://www.b2bmarkt.gr/img/prd/o/73818/-5.jpg,5,- снимка 6,Детски продукт 0538110
mc-0538110,https://www.b2bmarkt.gr/img/prd/o/73818/-6.jpg,6,- снимка 7,Детски продукт 0538110
mc-0538111,https://www.b2bmarkt.gr/img/prd/o/73819/-1.jpg,1,- снимка 1,Детски продукт 0538111
mc-0538111,https://www.b2bmarkt.gr/img/prd/o/73819/-2.jpg,2,- снимка 3,Детски продукт 0538111
mc-0538111,https://www.b2bmarkt.gr/img/prd/o/73819/-3.jpg,3,- снимка 4,Детски продукт 0538111
mc-0538111,https://www.b2bmarkt.gr/img/prd/o/73819/-4.jpg,4,- снимка 5,Детски продукт 0538111
mc-0538111,https://www.b2bmarkt.gr/img/prd/o/73819/-5.jpg,5,- снимка 6,Детски продукт 0538111
mc-0538111,https://www.b2bmarkt.gr/img/prd/o/73819/-6.jpg,6,- снимка 7,Детски продукт 0538111
mc-0538112,https://www.b2bmarkt.gr/img/prd/o/73820/-1.jpg,1,- снимка 1,Детски продукт 0538112
mc-0538112,https://www.b2bmarkt.gr/img/prd/o/73820/-2.jpg,2,- снимка 3,Детски продукт 0538112
mc-0538112,https://www.b2bmarkt.gr/img/prd/o/73820/-3.jpg,3,- снимка 4,Детски продукт 0538112
mc-0538112,https://www.b2bmarkt.gr/img/prd/o/73820/-4.jpg,4,- снимка 5,Детски продукт 0538112
mc-0538112,https://www.b2bmarkt.gr/img/prd/o/73820/-5.jpg,5,- снимка 6,Детски продукт 0538112
mc-0538112,https://www.b2bmarkt.gr/img/prd/o/73820/-6.jpg,6,- снимка 7,Детски продукт 0538112
mc-0538112,https://www.b2bmarkt.gr/img/prd/o/73820/-7.jpg,7,- снимка 8,Детски продукт 0538112
mc-0538112,https://www.b2bmarkt.gr/img/prd/o/73820/-8.jpg,8,- снимка 9,Детски продукт 0538112
mc-0538113,https://www.b2bmarkt.gr/img/prd/o/73821/-1.jpg,1,- снимка 1,Детски продукт 0538113
mc-0538113,https://www.b2bmarkt.gr/img/prd/o/73821/-2.jpg,2,- снимка 3,Детски продукт 0538113
mc-0538113,https://www.b2bmarkt.gr/img/prd/o/73821/-3.jpg,3,- снимка 4,Детски продукт 0538113
mc-0538113,https://www.b2bmarkt.gr/img/prd/o/73821/-4.jpg,4,- снимка 5,Детски продукт 0538113
mc-0538113,https://www.b2bmarkt.gr/img/prd/o/73821/-5.jpg,5,- снимка 6,Детски продукт 0538113
mc-0538113,https://www.b2bmarkt.gr/img/prd/o/73821/-6.jpg,6,- снимка 7,Детски продукт 0538113
mc-0538113,https://www.b2bmarkt.gr/img/prd/o/73821/-7.jpg,7,- снимка 8,Детски продукт 0538113
mc-0538113,https://www.b2bmarkt.gr/img/prd/o/73821/-8.jpg,8,- снимка 9,Детски продукт 0538113
mc-0538114,https://www.b2bmarkt.gr/img/prd/o/73822/-1.jpg,1,- снимка 1,Детски продукт 0538114
mc-0538114,https://www.b2bmarkt.gr/img/prd/o/73822/-2.jpg,2,- снимка 3,Детски продукт 0538114
mc-0538114,https://www.b2bmarkt.gr/img/prd/o/73822/-3.jpg,3,- снимка 4,Детски продукт 0538114
mc-0538114,https://www.b2bmarkt.gr/img/prd/o/73822/-4.jpg,4,- снимка 5,Детски продукт 0538114
mc-0538114,https://www.b2bmarkt.gr/img/prd/o/73822/-5.jpg,5,- снимка 6,Детски продукт 0538114
mc-0538114,https://www.b2bmarkt.gr/img/prd/o/73822/-6.jpg,6,- снимка 7,Детски продукт 0538114
mc-0538114,https://www.b2bmarkt.gr/img/prd/o/73822/-7.jpg,7,- снимка 8,Детски продукт 0538114
mc-0538114,https://www.b2bmarkt.gr/img/prd/o/73822/-8.jpg,8,- снимка 9,Детски продукт 0538114
mc-0538115,https://www.b2bmarkt.gr/img/prd/o/73823/-1.jpg,1,- снимка 1,Детски продукт 0538115
mc-0538115,https://www.b2bmarkt.gr/img/prd/o/73823/-2.jpg,2,- снимка 3,Детски продукт 0538115
mc-0538115,https://www.b2bmarkt.gr/img/prd/o/73823/-3.jpg,3,- снимка 4,Детски продукт 0538115
mc-0538115,https://www.b2bmarkt.gr/img/prd/o/73823/-4.jpg,4,- снимка 5,Детски продукт 0538115
mc-0538115,https://www.b2bmarkt.gr/img/prd/o/73823/-5.jpg,5,- снимка 6,Детски продукт 0538115
mc-0538115,https://www.b2bmarkt.gr/img/prd/o/73823/-6.jpg,6,- снимка 7,Детски продукт 0538115
mc-0538116,https://www.b2bmarkt.gr/img/prd/o/73824/-1.jpg,1,- снимка 1,Детски продукт 0538116
mc-0538116,https://www.b2bmarkt.gr/img/prd/o/73824/-2.jpg,2,- снимка 3,Детски продукт 0538116
mc-0538116,https://www.b2bmarkt.gr/img/prd/o/73824/-3.jpg,3,- снимка 4,Детски продукт 0538116
mc-0538116,https://www.b2bmarkt.gr/img/prd/o/73824/-4.jpg,4,- снимка 5,Детски продукт 0538116
mc-0538116,https://www.b2bmarkt.gr/img/prd/o/73824/-5.jpg,5,- снимка 6,Детски продукт 0538116
mc-0538116,https://www.b2bmarkt.gr/img/prd/o/73824/-6.jpg,6,- снимка 7,Детски продукт 0538116
mc-0538116,https://www.b2bmarkt.gr/img/prd/o/73824/-7.jpg,7,- снимка 8,Детски продукт 0538116
mc-0538117,https://www.b2bmarkt.gr/img/prd/o/73825/-1.jpg,1,- снимка 1,Детски продукт 0538117
mc-0538117,https://www.b2bmarkt.gr/img/prd/o/73825/-2.jpg,2,- снимка 3,Детски продукт 0538117
mc-0538117,https://www.b2bmarkt.gr/img/prd/o/73825/-3.jpg,3,- снимка 4,Детски продукт 0538117
mc-0538117,https://www.b2bmarkt.gr/img/prd/o/73825/-4.jpg,4,- снимка 5,Детски продукт 0538117
mc-0538117,https://www.b2bmarkt.gr/img/prd/o/73825/-5.jpg,5,- снимка 6,Детски продукт 0538117
mc-0538117,https://www.b2bmarkt.gr/img/prd/o/73825/-6.jpg,6,- снимка 7,Детски продукт 0538117
mc-0538118,https://www.b2bmarkt.gr/img/prd/o/73826/-1.jpg,1,- снимка 1,Детски продукт 0538118
mc-0538118,https://www.b2bmarkt.gr/img/prd/o/73826/-2.jpg,2,- снимка 3,Детски продукт 0538118
mc-0538118,https://www.b2bmarkt.gr/img/prd/o/73826/-3.jpg,3,- снимка 4,Детски продукт 0538118
mc-0538118,https://www.b2bmarkt.gr/img/prd/o/73826/-4.jpg,4,- снимка 5,Детски продукт 0538118
mc-0538119,https://www.b2bmarkt.gr/img/prd/o/73827/-1.jpg,1,- снимка 1,Детски продукт 0538119
mc-0538119,https://www.b2bmarkt.gr/img/prd/o/73827/-2.jpg,2,- снимка 3,Детски продукт 0538119
mc-0538119,https://www.b2bmarkt.gr/img/prd/o/73827/-3.jpg,3,- снимка 4,Детски продукт 0538119
mc-0538119,https://www.b2bmarkt.gr/img/prd/o/73827/-4.jpg,4,- снимка 5,Детски продукт 0538119
mc-0538119,https://www.b2bmarkt.gr/img/prd/o/73827/-5.jpg,5,- снимка 6,Детски продукт 0538119
mc-0538119,https://www.b2bmarkt.gr/img/prd/o/73827/-6.jpg,6,- снимка 7,Детски продукт 0538119
mc-0612651,https://www.b2bmarkt.gr/img/prd/o/73828/-1.jpg,1,- снимка 1,Детски продукт 0612651
mc-0612651,https://www.b2bmarkt.gr/img/prd/o/73828/-2.jpg,2,- снимка 3,Детски продукт 0612651
mc-0612651,https://www.b2bmarkt.gr/img/prd/o/73828/-3.jpg,3,- снимка 4,Детски продукт 0612651
mc-0612651,https://www.b2bmarkt.gr/img/prd/o/73828/-4.jpg,4,- снимка 5,Детски продукт 0612651
mc-0612651,https://www.b2bmarkt.gr/img/prd/o/73828/-5.jpg,5,- снимка 6,Детски продукт 0612651
mc-0612651,https://www.b2bmarkt.gr/img/prd/o/73828/-6.jpg,6,- снимка 7,Детски продукт 0612651
mc-0612651,https://www.b2bmarkt.gr/img/prd/o/73828/-7.jpg,7,- снимка 8,Детски продукт 0612651
mc-0612651,https://www.b2bmarkt.gr/img/prd/o/73828/-8.jpg,8,- снимка 9,Детски продукт 0612651
mc-0538120,https://www.b2bmarkt.gr/img/prd/o/73829/-1.jpg,1,- снимка 1,Детски продукт 0538120
mc-0538120,https://www.b2bmarkt.gr/img/prd/o/73829/-2.jpg,2,- снимка 3,Детски продукт 0538120
mc-0538120,https://www.b2bmarkt.gr/img/prd/o/73829/-3.jpg,3,- снимка 4,Детски продукт 0538120
mc-0538120,https://www.b2bmarkt.gr/img/prd/o/73829/-4.jpg,4,- снимка 5,Детски продукт 0538120
mc-0538120,https://www.b2bmarkt.gr/img/prd/o/73829/-5.jpg,5,- снимка 6,Детски продукт 0538120
mc-0538120,https://www.b2bmarkt.gr/img/prd/o/73829/-6.jpg,6,- снимка 7,Детски продукт 0538120
mc-0538121,https://www.b2bmarkt.gr/img/prd/o/73830/-1.jpg,1,- снимка 1,Детски продукт 0538121
mc-0538121,https://www.b2bmarkt.gr/img/prd/o/73830/-2.jpg,2,- снимка 3,Детски продукт 0538121
mc-0538121,https://www.b2bmarkt.gr/img/prd/o/73830/-3.jpg,3,- снимка 4,Детски продукт 0538121
mc-0538121,https://www.b2bmarkt.gr/img/prd/o/73830/-4.jpg,4,- снимка 5,Детски продукт 0538121
mc-0538121,https://www.b2bmarkt.gr/img/prd/o/73830/-5.jpg,5,- снимка 6,Детски продукт 0538121
mc-0538121,https://www.b2bmarkt.gr/img/prd/o/73830/-6.jpg,6,- снимка 7,Детски продукт 0538121
mc-0538121,https://www.b2bmarkt.gr/img/prd/o/73830/-7.jpg,7,- снимка 8,Детски продукт 0538121
mc-0538122,https://www.b2bmarkt.gr/img/prd/o/73831/-1.jpg,1,- снимка 1,Детски продукт 0538122
mc-0538122,https://www.b2bmarkt.gr/img/prd/o/73831/-2.jpg,2,- снимка 3,Детски продукт 0538122
mc-0538122,https://www.b2bmarkt.gr/img/prd/o/73831/-3.jpg,3,- снимка 4,Детски продукт 0538122
mc-0538122,https://www.b2bmarkt.gr/img/prd/o/73831/-4.jpg,4,- снимка 5,Детски продукт 0538122
mc-0538122,https://www.b2bmarkt.gr/img/prd/o/73831/-5.jpg,5,- снимка 6,Детски продукт 0538122
mc-0538122,https://www.b2bmarkt.gr/img/prd/o/73831/-6.jpg,6,- снимка 7,Детски продукт 0538122
mc-0538122,https://www.b2bmarkt.gr/img/prd/o/73831/-7.jpg,7,- снимка 8,Детски продукт 0538122
mc-0538122,https://www.b2bmarkt.gr/img/prd/o/73831/-8.jpg,8,- снимка 9,Детски продукт 0538122
mc-0538122,https://www.b2bmarkt.gr/img/prd/o/73831/-9.jpg,9,- снимка 10,Детски продукт 0538122
mc-0538123,https://www.b2bmarkt.gr/img/prd/o/73832/-1.jpg,1,- снимка 1,Детски продукт 0538123
mc-0538123,https://www.b2bmarkt.gr/img/prd/o/73832/-2.jpg,2,- снимка 3,Детски продукт 0538123
mc-0538123,https://www.b2bmarkt.gr/img/prd/o/73832/-3.jpg,3,- снимка 4,Детски продукт 0538123
mc-0538123,https://www.b2bmarkt.gr/img/prd/o/73832/-4.jpg,4,- снимка 5,Детски продукт 0538123
mc-0538123,https://www.b2bmarkt.gr/img/prd/o/73832/-5.jpg,5,- снимка 6,Детски продукт 0538123
mc-0538123,https://www.b2bmarkt.gr/img/prd/o/73832/-6.jpg,6,- снимка 7,Детски продукт 0538123
mc-0538123,https://www.b2bmarkt.gr/img/prd/o/73832/-7.jpg,7,- снимка 8,Детски продукт 0538123
mc-0538123,https://www.b2bmarkt.gr/img/prd/o/73832/-8.jpg,8,- снимка 9,Детски продукт 0538123
mc-0538123,https://www.b2bmarkt.gr/img/prd/o/73832/-9.jpg,9,- снимка 10,Детски продукт 0538123
mc-0525801,https://www.b2bmarkt.gr/img/prd/o/73836/-1.jpg,1,- снимка 1,Детски продукт 0525801
mc-0525801,https://www.b2bmarkt.gr/img/prd/o/73836/-2.jpg,2,- снимка 3,Детски продукт 0525801
mc-0525801,https://www.b2bmarkt.gr/img/prd/o/73836/-3.jpg,3,- снимка 4,Детски продукт 0525801
mc-0525801,https://www.b2bmarkt.gr/img/prd/o/73836/-4.jpg,4,- снимка 5,Детски продукт 0525801
mc-0525801,https://www.b2bmarkt.gr/img/prd/o/73836/-5.jpg,5,- снимка 6,Детски продукт 0525801
mc-0525801,https://www.b2bmarkt.gr/img/prd/o/73836/-6.jpg,6,- снимка 7,Детски продукт 0525801
mc-0525801,https://www.b2bmarkt.gr/img/prd/o/73836/-7.jpg,7,- снимка 8,Детски продукт 0525801
mc-0525801,https://www.b2bmarkt.gr/img/prd/o/73836/-8.jpg,8,- снимка 9,Детски продукт 0525801
mc-0525802,https://www.b2bmarkt.gr/img/prd/o/73837/-1.jpg,1,- снимка 1,Детски продукт 0525802
mc-0525802,https://www.b2bmarkt.gr/img/prd/o/73837/-2.jpg,2,- снимка 3,Детски продукт 0525802
mc-0525802,https://www.b2bmarkt.gr/img/prd/o/73837/-3.jpg,3,- снимка 4,Детски продукт 0525802
mc-0525802,https://www.b2bmarkt.gr/img/prd/o/73837/-4.jpg,4,- снимка 5,Детски продукт 0525802
mc-0525802,https://www.b2bmarkt.gr/img/prd/o/73837/-5.jpg,5,- снимка 6,Детски продукт 0525802
mc-0525802,https://www.b2bmarkt.gr/img/prd/o/73837/-6.jpg,6,- снимка 7,Детски продукт 0525802
mc-0525802,https://www.b2bmarkt.gr/img/prd/o/73837/-7.jpg,7,- снимка 8,Детски продукт 0525802
mc-0525802,https://www.b2bmarkt.gr/img/prd/o/73837/-8.jpg,8,- снимка 9,Детски продукт 0525802
mc-0525802,https://www.b2bmarkt.gr/img/prd/o/73837/-9.jpg,9,- снимка 10,Детски продукт 0525802
mc-0525803,https://www.b2bmarkt.gr/img/prd/o/73838/-1.jpg,1,- снимка 1,Детски продукт 0525803
mc-0525803,https://www.b2bmarkt.gr/img/prd/o/73838/-2.jpg,2,- снимка 3,Детски продукт 0525803
mc-0525803,https://www.b2bmarkt.gr/img/prd/o/73838/-3.jpg,3,- снимка 4,Детски продукт 0525803
mc-0525803,https://www.b2bmarkt.gr/img/prd/o/73838/-4.jpg,4,- снимка 5,Детски продукт 0525803
mc-0525803,https://www.b2bmarkt.gr/img/prd/o/73838/-5.jpg,5,- снимка 6,Детски продукт 0525803
mc-0525803,https://www.b2bmarkt.gr/img/prd/o/73838/-6.jpg,6,- снимка 7,Детски продукт 0525803
mc-0525803,https://www.b2bmarkt.gr/img/prd/o/73838/-7.jpg,7,- снимка 8,Детски продукт 0525803
mc-0525803,https://www.b2bmarkt.gr/img/prd/o/73838/-8.jpg,8,- снимка 9,Детски продукт 0525803
mc-0525803,https://www.b2bmarkt.gr/img/prd/o/73838/-9.jpg,9,- снимка 10,Детски продукт 0525803
mc-0525804,https://www.b2bmarkt.gr/img/prd/o/73839/-1.jpg,1,- снимка 1,Детски продукт 0525804
mc-0525804,https://www.b2bmarkt.gr/img/prd/o/73839/-2.jpg,2,- снимка 3,Детски продукт 0525804
mc-0525804,https://www.b2bmarkt.gr/img/prd/o/73839/-3.jpg,3,- снимка 4,Детски продукт 0525804
mc-0525804,https://www.b2bmarkt.gr/img/prd/o/73839/-4.jpg,4,- снимка 5,Детски продукт 0525804
mc-0525804,https://www.b2bmarkt.gr/img/prd/o/73839/-5.jpg,5,- снимка 6,Детски продукт 0525804
mc-0525804,https://www.b2bmarkt.gr/img/prd/o/73839/-6.jpg,6,- снимка 7,Детски продукт 0525804
mc-0525804,https://www.b2bmarkt.gr/img/prd/o/73839/-7.jpg,7,- снимка 8,Детски продукт 0525804
mc-0525805,https://www.b2bmarkt.gr/img/prd/o/73840/-1.jpg,1,- снимка 1,Детски продукт 0525805
mc-0525805,https://www.b2bmarkt.gr/img/prd/o/73840/-2.jpg,2,- снимка 3,Детски продукт 0525805
mc-0525805,https://www.b2bmarkt.gr/img/prd/o/73840/-3.jpg,3,- снимка 4,Детски продукт 0525805
mc-0525805,https://www.b2bmarkt.gr/img/prd/o/73840/-4.jpg,4,- снимка 5,Детски продукт 0525805
mc-0525805,https://www.b2bmarkt.gr/img/prd/o/73840/-5.jpg,5,- снимка 6,Детски продукт 0525805
mc-0525805,https://www.b2bmarkt.gr/img/prd/o/73840/-6.jpg,6,- снимка 7,Детски продукт 0525805
mc-0525805,https://www.b2bmarkt.gr/img/prd/o/73840/-7.jpg,7,- снимка 8,Детски продукт 0525805
mc-0525805,https://www.b2bmarkt.gr/img/prd/o/73840/-8.jpg,8,- снимка 9,Детски продукт 0525805
mc-0525805,https://www.b2bmarkt.gr/img/prd/o/73840/-9.jpg,9,- снимка 10,Детски продукт 0525805
mc-0525806,https://www.b2bmarkt.gr/img/prd/o/73841/-1.jpg,1,- снимка 1,Детски продукт 0525806
mc-0525806,https://www.b2bmarkt.gr/img/prd/o/73841/-2.jpg,2,- снимка 3,Детски продукт 0525806
mc-0525806,https://www.b2bmarkt.gr/img/prd/o/73841/-3.jpg,3,- снимка 4,Детски продукт 0525806
mc-0525806,https://www.b2bmarkt.gr/img/prd/o/73841/-4.jpg,4,- снимка 5,Детски продукт 0525806
mc-0525806,https://www.b2bmarkt.gr/img/prd/o/73841/-5.jpg,5,- снимка 6,Детски продукт 0525806
mc-0525806,https://www.b2bmarkt.gr/img/prd/o/73841/-6.jpg,6,- снимка 7,Детски продукт 0525806
mc-0525806,https://www.b2bmarkt.gr/img/prd/o/73841/-7.jpg,7,- снимка 8,Детски продукт 0525806
mc-0525806,https://www.b2bmarkt.gr/img/prd/o/73841/-8.jpg,8,- снимка 9,Детски продукт 0525806
mc-0612590,https://www.b2bmarkt.gr/img/prd/o/73842/-1.jpg,1,- снимка 1,Детски продукт 0612590
mc-0612590,https://www.b2bmarkt.gr/img/prd/o/73842/-2.jpg,2,- снимка 3,Детски продукт 0612590
mc-0612590,https://www.b2bmarkt.gr/img/prd/o/73842/-3.jpg,3,- снимка 4,Детски продукт 0612590
mc-0612590,https://www.b2bmarkt.gr/img/prd/o/73842/-4.jpg,4,- снимка 5,Детски продукт 0612590
mc-0612590,https://www.b2bmarkt.gr/img/prd/o/73842/-5.jpg,5,- снимка 6,Детски продукт 0612590
mc-0612590,https://www.b2bmarkt.gr/img/prd/o/73842/-6.jpg,6,- снимка 7,Детски продукт 0612590
mc-0612590,https://www.b2bmarkt.gr/img/prd/o/73842/-7.jpg,7,- снимка 8,Детски продукт 0612590
mc-0612590,https://www.b2bmarkt.gr/img/prd/o/73842/-8.jpg,8,- снимка 9,Детски продукт 0612590
mc-0612590,https://www.b2bmarkt.gr/img/prd/o/73842/-9.jpg,9,- снимка 10,Детски продукт 0612590
mc-0612591,https://www.b2bmarkt.gr/img/prd/o/73843/-1.jpg,1,- снимка 1,Детски продукт 0612591
mc-0612591,https://www.b2bmarkt.gr/img/prd/o/73843/-2.jpg,2,- снимка 3,Детски продукт 0612591
mc-0612591,https://www.b2bmarkt.gr/img/prd/o/73843/-3.jpg,3,- снимка 4,Детски продукт 0612591
mc-0612591,https://www.b2bmarkt.gr/img/prd/o/73843/-4.jpg,4,- снимка 5,Детски продукт 0612591
mc-0612591,https://www.b2bmarkt.gr/img/prd/o/73843/-5.jpg,5,- снимка 6,Детски продукт 0612591
mc-0612591,https://www.b2bmarkt.gr/img/prd/o/73843/-6.jpg,6,- снимка 7,Детски продукт 0612591
mc-0612591,https://www.b2bmarkt.gr/img/prd/o/73843/-7.jpg,7,- снимка 8,Детски продукт 0612591
mc-0612591,https://www.b2bmarkt.gr/img/prd/o/73843/-8.jpg,8,- снимка 9,Детски продукт 0612591
mc-0612591,https://www.b2bmarkt.gr/img/prd/o/73843/-9.jpg,9,- снимка 10,Детски продукт 0612591
mc-0612592,https://www.b2bmarkt.gr/img/prd/o/73844/-1.jpg,1,- снимка 1,Детски продукт 0612592
mc-0612592,https://www.b2bmarkt.gr/img/prd/o/73844/-2.jpg,2,- снимка 3,Детски продукт 0612592
mc-0612592,https://www.b2bmarkt.gr/img/prd/o/73844/-3.jpg,3,- снимка 4,Детски продукт 0612592
mc-0612592,https://www.b2bmarkt.gr/img/prd/o/73844/-4.jpg,4,- снимка 5,Детски продукт 0612592
mc-0612592,https://www.b2bmarkt.gr/img/prd/o/73844/-5.jpg,5,- снимка 6,Детски продукт 0612592
mc-0612592,https://www.b2bmarkt.gr/img/prd/o/73844/-6.jpg,6,- снимка 7,Детски продукт 0612592
mc-0612592,https://www.b2bmarkt.gr/img/prd/o/73844/-7.jpg,7,- снимка 8,Детски продукт 0612592
mc-0612592,https://www.b2bmarkt.gr/img/prd/o/73844/-8.jpg,8,- снимка 9,Детски продукт 0612592
mc-0612593,https://www.b2bmarkt.gr/img/prd/o/73845/-1.jpg,1,- снимка 1,Детски продукт 0612593
mc-0612593,https://www.b2bmarkt.gr/img/prd/o/73845/-2.jpg,2,- снимка 3,Детски продукт 0612593
mc-0612593,https://www.b2bmarkt.gr/img/prd/o/73845/-3.jpg,3,- снимка 4,Детски продукт 0612593
mc-0612593,https://www.b2bmarkt.gr/img/prd/o/73845/-4.jpg,4,- снимка 5,Детски продукт 0612593
mc-0612593,https://www.b2bmarkt.gr/img/prd/o/73845/-5.jpg,5,- снимка 6,Детски продукт 0612593
mc-0612593,https://www.b2bmarkt.gr/img/prd/o/73845/-6.jpg,6,- снимка 7,Детски продукт 0612593
mc-0612593,https://www.b2bmarkt.gr/img/prd/o/73845/-7.jpg,7,- снимка 8,Детски продукт 0612593
mc-0612593,https://www.b2bmarkt.gr/img/prd/o/73845/-8.jpg,8,- снимка 9,Детски продукт 0612593
mc-0612593,https://www.b2bmarkt.gr/img/prd/o/73845/-9.jpg,9,- снимка 10,Детски продукт 0612593
mc-0612596,https://www.b2bmarkt.gr/img/prd/o/73846/set-saloni-exchoroy-4tmch-fb96189-aloymi.jpg,1,- снимка 1,Детски продукт 0612596
mc-0612596,https://www.b2bmarkt.gr/img/prd/o/73846/set-saloni-exchoroy-4tmch-fb96189-aloymi-1.jpg,2,- снимка 2,Детски продукт 0612596
mc-0612596,https://www.b2bmarkt.gr/img/prd/o/73846/set-saloni-exchoroy-4tmch-fb96189-aloymi-2.jpg,3,- снимка 3,Детски продукт 0612596
mc-0612596,https://www.b2bmarkt.gr/img/prd/o/73846/set-saloni-exchoroy-4tmch-fb96189-aloymi-3.jpg,4,- снимка 4,Детски продукт 0612596
mc-0612596,https://www.b2bmarkt.gr/img/prd/o/73846/set-saloni-exchoroy-4tmch-fb96189-aloymi-4.jpg,5,- снимка 5,Детски продукт 0612596
mc-0612596,https://www.b2bmarkt.gr/img/prd/o/73846/set-saloni-exchoroy-4tmch-fb96189-aloymi-5.jpg,6,- снимка 6,Детски продукт 0612596
mc-0612596,https://www.b2bmarkt.gr/img/prd/o/73846/set-saloni-exchoroy-4tmch-fb96189-aloymi-6.jpg,7,- снимка 7,Детски продукт 0612596
mc-0612596,https://www.b2bmarkt.gr/img/prd/o/73846/set-saloni-exchoroy-4tmch-fb96189-aloymi-7.jpg,8,- снимка 8,Детски продукт 0612596
mc-0612596,https://www.b2bmarkt.gr/img/prd/o/73846/set-saloni-exchoroy-4tmch-fb96189-aloymi-8.jpg,9,- снимка 9,Детски продукт 0612596
mc-0612596,https://www.b2bmarkt.gr/img/prd/o/73846/set-saloni-exchoroy-4tmch-fb96189-aloymi-9.jpg,10,- снимка 10,Детски продукт 0612596
mc-0612597,https://www.b2bmarkt.gr/img/prd/o/73847/set-saloni-exchoroy-5tmch-fb96190-aloymi.jpg,1,- снимка 1,Детски продукт 0612597
mc-0612597,https://www.b2bmarkt.gr/img/prd/o/73847/set-saloni-exchoroy-5tmch-fb96190-aloymi-1.jpg,2,- снимка 2,Детски продукт 0612597
mc-0612597,https://www.b2bmarkt.gr/img/prd/o/73847/set-saloni-exchoroy-5tmch-fb96190-aloymi-2.jpg,3,- снимка 3,Детски продукт 0612597
mc-0612597,https://www.b2bmarkt.gr/img/prd/o/73847/set-saloni-exchoroy-5tmch-fb96190-aloymi-3.jpg,4,- снимка 4,Детски продукт 0612597
mc-0612597,https://www.b2bmarkt.gr/img/prd/o/73847/set-saloni-exchoroy-5tmch-fb96190-aloymi-4.jpg,5,- снимка 5,Детски продукт 0612597
mc-0612597,https://www.b2bmarkt.gr/img/prd/o/73847/set-saloni-exchoroy-5tmch-fb96190-aloymi-5.jpg,6,- снимка 6,Детски продукт 0612597
mc-0612597,https://www.b2bmarkt.gr/img/prd/o/73847/set-saloni-exchoroy-5tmch-fb96190-aloymi-6.jpg,7,- снимка 7,Детски продукт 0612597
mc-0612597,https://www.b2bmarkt.gr/img/prd/o/73847/set-saloni-exchoroy-5tmch-fb96190-aloymi-7.jpg,8,- снимка 8,Детски продукт 0612597
mc-0612597,https://www.b2bmarkt.gr/img/prd/o/73847/set-saloni-exchoroy-5tmch-fb96190-aloymi-8.jpg,9,- снимка 9,Детски продукт 0612597
mc-0612597,https://www.b2bmarkt.gr/img/prd/o/73847/set-saloni-exchoroy-5tmch-fb96190-aloymi-9.jpg,10,- снимка 10,Детски продукт 0612597
mc-0612599,https://www.b2bmarkt.gr/img/prd/o/73848/-1.jpg,1,- снимка 1,Детски продукт 0612599
mc-0612599,https://www.b2bmarkt.gr/img/prd/o/73848/-2.jpg,2,- снимка 3,Детски продукт 0612599
mc-0612600,https://www.b2bmarkt.gr/img/prd/o/73849/-1.jpg,1,- снимка 1,Детски продукт 0612600
mc-0612600,https://www.b2bmarkt.gr/img/prd/o/73849/-2.jpg,2,- снимка 3,Детски продукт 0612600
mc-0612600,https://www.b2bmarkt.gr/img/prd/o/73849/-3.jpg,3,- снимка 4,Детски продукт 0612600
mc-0612600,https://www.b2bmarkt.gr/img/prd/o/73849/-4.jpg,4,- снимка 5,Детски продукт 0612600
mc-0612600,https://www.b2bmarkt.gr/img/prd/o/73849/-5.jpg,5,- снимка 6,Детски продукт 0612600
mc-0612600,https://www.b2bmarkt.gr/img/prd/o/73849/-6.jpg,6,- снимка 7,Детски продукт 0612600
mc-0612600,https://www.b2bmarkt.gr/img/prd/o/73849/-7.jpg,7,- снимка 8,Детски продукт 0612600
mc-0612600,https://www.b2bmarkt.gr/img/prd/o/73849/-8.jpg,8,- снимка 9,Детски продукт 0612600
mc-0612600,https://www.b2bmarkt.gr/img/prd/o/73849/-9.jpg,9,- снимка 10,Детски продукт 0612600
mc-0612601,https://www.b2bmarkt.gr/img/prd/o/73850/set-saloni-exchoroy-4tmch-seira-eternity.jpg,1,- снимка 1,Детски продукт 0612601
mc-0612601,https://www.b2bmarkt.gr/img/prd/o/73850/set-saloni-exchoroy-4tmch-seira-eternity-1.jpg,2,- снимка 2,Детски продукт 0612601
mc-0612601,https://www.b2bmarkt.gr/img/prd/o/73850/set-saloni-exchoroy-4tmch-seira-eternity-2.jpg,3,- снимка 3,Детски продукт 0612601
mc-0612601,https://www.b2bmarkt.gr/img/prd/o/73850/set-saloni-exchoroy-4tmch-seira-eternity-3.jpg,4,- снимка 4,Детски продукт 0612601
mc-0612601,https://www.b2bmarkt.gr/img/prd/o/73850/set-saloni-exchoroy-4tmch-seira-eternity-4.jpg,5,- снимка 5,Детски продукт 0612601
mc-0612601,https://www.b2bmarkt.gr/img/prd/o/73850/set-saloni-exchoroy-4tmch-seira-eternity-5.jpg,6,- снимка 6,Детски продукт 0612601
mc-0612601,https://www.b2bmarkt.gr/img/prd/o/73850/set-saloni-exchoroy-4tmch-seira-eternity-6.jpg,7,- снимка 7,Детски продукт 0612601
mc-0612601,https://www.b2bmarkt.gr/img/prd/o/73850/set-saloni-exchoroy-4tmch-seira-eternity-7.jpg,8,- снимка 8,Детски продукт 0612601
mc-0612601,https://www.b2bmarkt.gr/img/prd/o/73850/set-saloni-exchoroy-4tmch-seira-eternity-8.jpg,9,- снимка 9,Детски продукт 0612601
mc-0612601,https://www.b2bmarkt.gr/img/prd/o/73850/set-saloni-exchoroy-4tmch-seira-eternity-9.jpg,10,- снимка 10,Детски продукт 0612601
mc-0612602,https://www.b2bmarkt.gr/img/prd/o/73851/-1.jpg,1,- снимка 1,Детски продукт 0612602
mc-0612602,https://www.b2bmarkt.gr/img/prd/o/73851/-2.jpg,2,- снимка 3,Детски продукт 0612602
mc-0612603,https://www.b2bmarkt.gr/img/prd/o/73852/-1.jpg,1,- снимка 1,Детски продукт 0612603
mc-0612603,https://www.b2bmarkt.gr/img/prd/o/73852/-2.jpg,2,- снимка 3,Детски продукт 0612603
mc-0612603,https://www.b2bmarkt.gr/img/prd/o/73852/-3.jpg,3,- снимка 4,Детски продукт 0612603
mc-0612603,https://www.b2bmarkt.gr/img/prd/o/73852/-4.jpg,4,- снимка 5,Детски продукт 0612603
mc-0612603,https://www.b2bmarkt.gr/img/prd/o/73852/-5.jpg,5,- снимка 6,Детски продукт 0612603
mc-0612603,https://www.b2bmarkt.gr/img/prd/o/73852/-6.jpg,6,- снимка 7,Детски продукт 0612603
mc-0612603,https://www.b2bmarkt.gr/img/prd/o/73852/-7.jpg,7,- снимка 8,Детски продукт 0612603
mc-0612603,https://www.b2bmarkt.gr/img/prd/o/73852/-8.jpg,8,- снимка 9,Детски продукт 0612603
mc-0612605,https://www.b2bmarkt.gr/img/prd/o/73854/trapezi-aloym-seira-ethereal-sm6167-ekro.jpg,1,- снимка 1,Детски продукт 0612605
mc-0612605,https://www.b2bmarkt.gr/img/prd/o/73854/trapezi-aloym-seira-ethereal-sm6167-ekro-1.jpg,2,- снимка 2,Детски продукт 0612605
mc-0612605,https://www.b2bmarkt.gr/img/prd/o/73854/trapezi-aloym-seira-ethereal-sm6167-ekro-2.jpg,3,- снимка 3,Детски продукт 0612605
mc-0612605,https://www.b2bmarkt.gr/img/prd/o/73854/trapezi-aloym-seira-ethereal-sm6167-ekro-3.jpg,4,- снимка 4,Детски продукт 0612605
mc-0612605,https://www.b2bmarkt.gr/img/prd/o/73854/trapezi-aloym-seira-ethereal-sm6167-ekro-4.jpg,5,- снимка 5,Детски продукт 0612605
mc-0612605,https://www.b2bmarkt.gr/img/prd/o/73854/trapezi-aloym-seira-ethereal-sm6167-ekro-5.jpg,6,- снимка 6,Детски продукт 0612605
mc-0612606,https://www.b2bmarkt.gr/img/prd/o/73855/-1.jpg,1,- снимка 1,Детски продукт 0612606
mc-0612606,https://www.b2bmarkt.gr/img/prd/o/73855/-2.jpg,2,- снимка 3,Детски продукт 0612606
mc-0612606,https://www.b2bmarkt.gr/img/prd/o/73855/-3.jpg,3,- снимка 4,Детски продукт 0612606
mc-0612606,https://www.b2bmarkt.gr/img/prd/o/73855/-4.jpg,4,- снимка 5,Детски продукт 0612606
mc-0612606,https://www.b2bmarkt.gr/img/prd/o/73855/-5.jpg,5,- снимка 6,Детски продукт 0612606
mc-0612606,https://www.b2bmarkt.gr/img/prd/o/73855/-6.jpg,6,- снимка 7,Детски продукт 0612606
mc-0612606,https://www.b2bmarkt.gr/img/prd/o/73855/-7.jpg,7,- снимка 8,Детски продукт 0612606
mc-0612606,https://www.b2bmarkt.gr/img/prd/o/73855/-8.jpg,8,- снимка 9,Детски продукт 0612606
mc-0612607,https://www.b2bmarkt.gr/img/prd/o/73856/-1.jpg,1,- снимка 1,Детски продукт 0612607
mc-0612607,https://www.b2bmarkt.gr/img/prd/o/73856/-2.jpg,2,- снимка 3,Детски продукт 0612607
mc-0612607,https://www.b2bmarkt.gr/img/prd/o/73856/-3.jpg,3,- снимка 4,Детски продукт 0612607
mc-0612607,https://www.b2bmarkt.gr/img/prd/o/73856/-4.jpg,4,- снимка 5,Детски продукт 0612607
mc-0612607,https://www.b2bmarkt.gr/img/prd/o/73856/-5.jpg,5,- снимка 6,Детски продукт 0612607
mc-0612607,https://www.b2bmarkt.gr/img/prd/o/73856/-6.jpg,6,- снимка 7,Детски продукт 0612607
mc-0612607,https://www.b2bmarkt.gr/img/prd/o/73856/-7.jpg,7,- снимка 8,Детски продукт 0612607
mc-0612608,https://www.b2bmarkt.gr/img/prd/o/73857/-1.jpg,1,- снимка 1,Детски продукт 0612608
mc-0612608,https://www.b2bmarkt.gr/img/prd/o/73857/-2.jpg,2,- снимка 3,Детски продукт 0612608
mc-0612608,https://www.b2bmarkt.gr/img/prd/o/73857/-3.jpg,3,- снимка 4,Детски продукт 0612608
mc-0612608,https://www.b2bmarkt.gr/img/prd/o/73857/-4.jpg,4,- снимка 5,Детски продукт 0612608
mc-0612608,https://www.b2bmarkt.gr/img/prd/o/73857/-5.jpg,5,- снимка 6,Детски продукт 0612608
mc-0612608,https://www.b2bmarkt.gr/img/prd/o/73857/-6.jpg,6,- снимка 7,Детски продукт 0612608
mc-0612609,https://www.b2bmarkt.gr/img/prd/o/73858/trapezi-stroggylo-seira-eternity-sm6177-.jpg,1,- снимка 1,Детски продукт 0612609
mc-0612609,https://www.b2bmarkt.gr/img/prd/o/73858/trapezi-stroggylo-seira-eternity-sm6177--1.jpg,2,- снимка 2,Детски продукт 0612609
mc-0612609,https://www.b2bmarkt.gr/img/prd/o/73858/trapezi-stroggylo-seira-eternity-sm6177--2.jpg,3,- снимка 3,Детски продукт 0612609
mc-0612609,https://www.b2bmarkt.gr/img/prd/o/73858/trapezi-stroggylo-seira-eternity-sm6177--3.jpg,4,- снимка 4,Детски продукт 0612609
mc-0612609,https://www.b2bmarkt.gr/img/prd/o/73858/trapezi-stroggylo-seira-eternity-sm6177--4.jpg,5,- снимка 5,Детски продукт 0612609
mc-0612609,https://www.b2bmarkt.gr/img/prd/o/73858/trapezi-stroggylo-seira-eternity-sm6177--5.jpg,6,- снимка 6,Детски продукт 0612609
mc-0612610,https://www.b2bmarkt.gr/img/prd/o/73859/-1.jpg,1,- снимка 1,Детски продукт 0612610
mc-0612610,https://www.b2bmarkt.gr/img/prd/o/73859/-2.jpg,2,- снимка 3,Детски продукт 0612610
mc-0612610,https://www.b2bmarkt.gr/img/prd/o/73859/-3.jpg,3,- снимка 4,Детски продукт 0612610
mc-0612610,https://www.b2bmarkt.gr/img/prd/o/73859/-4.jpg,4,- снимка 5,Детски продукт 0612610
mc-0612610,https://www.b2bmarkt.gr/img/prd/o/73859/-5.jpg,5,- снимка 6,Детски продукт 0612610
mc-0612610,https://www.b2bmarkt.gr/img/prd/o/73859/-6.jpg,6,- снимка 7,Детски продукт 0612610
mc-0612610,https://www.b2bmarkt.gr/img/prd/o/73859/-7.jpg,7,- снимка 8,Детски продукт 0612610
mc-0612610,https://www.b2bmarkt.gr/img/prd/o/73859/-8.jpg,8,- снимка 9,Детски продукт 0612610
mc-0612610,https://www.b2bmarkt.gr/img/prd/o/73859/-9.jpg,9,- снимка 10,Детски продукт 0612610
mc-0612611,https://www.b2bmarkt.gr/img/prd/o/73860/-1.jpg,1,- снимка 1,Детски продукт 0612611
mc-0612611,https://www.b2bmarkt.gr/img/prd/o/73860/-2.jpg,2,- снимка 3,Детски продукт 0612611
mc-0612611,https://www.b2bmarkt.gr/img/prd/o/73860/-3.jpg,3,- снимка 4,Детски продукт 0612611
mc-0612611,https://www.b2bmarkt.gr/img/prd/o/73860/-4.jpg,4,- снимка 5,Детски продукт 0612611
mc-0612611,https://www.b2bmarkt.gr/img/prd/o/73860/-5.jpg,5,- снимка 6,Детски продукт 0612611
mc-0612611,https://www.b2bmarkt.gr/img/prd/o/73860/-6.jpg,6,- снимка 7,Детски продукт 0612611
mc-0612611,https://www.b2bmarkt.gr/img/prd/o/73860/-7.jpg,7,- снимка 8,Детски продукт 0612611
mc-0612611,https://www.b2bmarkt.gr/img/prd/o/73860/-8.jpg,8,- снимка 9,Детски продукт 0612611
mc-0612611,https://www.b2bmarkt.gr/img/prd/o/73860/-9.jpg,9,- снимка 10,Детски продукт 0612611
mc-0615322,https://www.b2bmarkt.gr/img/prd/o/73861/polythrona-aloyminioy-seiras-ethereal-sm.jpg,1,- снимка 1,Детски продукт 0615322
mc-0615322,https://www.b2bmarkt.gr/img/prd/o/73861/polythrona-aloyminioy-seiras-ethereal-sm-1.jpg,2,- снимка 2,Детски продукт 0615322
mc-0615322,https://www.b2bmarkt.gr/img/prd/o/73861/polythrona-aloyminioy-seiras-ethereal-sm-2.jpg,3,- снимка 3,Детски продукт 0615322
mc-0615322,https://www.b2bmarkt.gr/img/prd/o/73861/polythrona-aloyminioy-seiras-ethereal-sm-3.jpg,4,- снимка 4,Детски продукт 0615322
mc-0615322,https://www.b2bmarkt.gr/img/prd/o/73861/polythrona-aloyminioy-seiras-ethereal-sm-4.jpg,5,- снимка 5,Детски продукт 0615322
mc-0615322,https://www.b2bmarkt.gr/img/prd/o/73861/polythrona-aloyminioy-seiras-ethereal-sm-5.jpg,6,- снимка 6,Детски продукт 0615322
mc-0615322,https://www.b2bmarkt.gr/img/prd/o/73861/polythrona-aloyminioy-seiras-ethereal-sm-6.jpg,7,- снимка 7,Детски продукт 0615322
mc-0615322,https://www.b2bmarkt.gr/img/prd/o/73861/polythrona-aloyminioy-seiras-ethereal-sm-7.jpg,8,- снимка 8,Детски продукт 0615322
mc-0615322,https://www.b2bmarkt.gr/img/prd/o/73861/polythrona-aloyminioy-seiras-ethereal-sm-8.jpg,9,- снимка 9,Детски продукт 0615322
mc-0615322,https://www.b2bmarkt.gr/img/prd/o/73861/polythrona-aloyminioy-seiras-ethereal-sm-9.jpg,10,- снимка 10,Детски продукт 0615322
mc-0615323,https://www.b2bmarkt.gr/img/prd/o/73862/polythrona-seira-destiny-sm6168-ekroy-al.jpg,1,- снимка 1,Детски продукт 0615323
mc-0615323,https://www.b2bmarkt.gr/img/prd/o/73862/polythrona-seira-destiny-sm6168-ekroy-al-1.jpg,2,- снимка 2,Детски продукт 0615323
mc-0615323,https://www.b2bmarkt.gr/img/prd/o/73862/polythrona-seira-destiny-sm6168-ekroy-al-2.jpg,3,- снимка 3,Детски продукт 0615323
mc-0615323,https://www.b2bmarkt.gr/img/prd/o/73862/polythrona-seira-destiny-sm6168-ekroy-al-3.jpg,4,- снимка 4,Детски продукт 0615323
mc-0615323,https://www.b2bmarkt.gr/img/prd/o/73862/polythrona-seira-destiny-sm6168-ekroy-al-4.jpg,5,- снимка 5,Детски продукт 0615323
mc-0615323,https://www.b2bmarkt.gr/img/prd/o/73862/polythrona-seira-destiny-sm6168-ekroy-al-5.jpg,6,- снимка 6,Детски продукт 0615323
mc-0615323,https://www.b2bmarkt.gr/img/prd/o/73862/polythrona-seira-destiny-sm6168-ekroy-al-6.jpg,7,- снимка 7,Детски продукт 0615323
mc-0615323,https://www.b2bmarkt.gr/img/prd/o/73862/polythrona-seira-destiny-sm6168-ekroy-al-7.jpg,8,- снимка 8,Детски продукт 0615323
mc-0615323,https://www.b2bmarkt.gr/img/prd/o/73862/polythrona-seira-destiny-sm6168-ekroy-al-8.jpg,9,- снимка 9,Детски продукт 0615323
mc-0615323,https://www.b2bmarkt.gr/img/prd/o/73862/polythrona-seira-destiny-sm6168-ekroy-al-9.jpg,10,- снимка 10,Детски продукт 0615323
mc-0615325,https://www.b2bmarkt.gr/img/prd/o/73864/polythrona-aloyminioy-seira-eternity-sm6.jpg,1,- снимка 1,Детски продукт 0615325
mc-0615325,https://www.b2bmarkt.gr/img/prd/o/73864/polythrona-aloyminioy-seira-eternity-sm6-1.jpg,2,- снимка 2,Детски продукт 0615325
mc-0615325,https://www.b2bmarkt.gr/img/prd/o/73864/polythrona-aloyminioy-seira-eternity-sm6-2.jpg,3,- снимка 3,Детски продукт 0615325
mc-0615325,https://www.b2bmarkt.gr/img/prd/o/73864/polythrona-aloyminioy-seira-eternity-sm6-3.jpg,4,- снимка 4,Детски продукт 0615325
mc-0615325,https://www.b2bmarkt.gr/img/prd/o/73864/polythrona-aloyminioy-seira-eternity-sm6-4.jpg,5,- снимка 5,Детски продукт 0615325
mc-0615325,https://www.b2bmarkt.gr/img/prd/o/73864/polythrona-aloyminioy-seira-eternity-sm6-5.jpg,6,- снимка 6,Детски продукт 0615325
mc-0615325,https://www.b2bmarkt.gr/img/prd/o/73864/polythrona-aloyminioy-seira-eternity-sm6-6.jpg,7,- снимка 7,Детски продукт 0615325
mc-0615325,https://www.b2bmarkt.gr/img/prd/o/73864/polythrona-aloyminioy-seira-eternity-sm6-7.jpg,8,- снимка 8,Детски продукт 0615325
mc-0615325,https://www.b2bmarkt.gr/img/prd/o/73864/polythrona-aloyminioy-seira-eternity-sm6-8.jpg,9,- снимка 9,Детски продукт 0615325
mc-0615325,https://www.b2bmarkt.gr/img/prd/o/73864/polythrona-aloyminioy-seira-eternity-sm6-9.jpg,10,- снимка 10,Детски продукт 0615325
mc-0615326,https://www.b2bmarkt.gr/img/prd/o/73865/polythrona-aloyminioy-seira-eternity-sm6.jpg,1,- снимка 1,Детски продукт 0615326
mc-0615326,https://www.b2bmarkt.gr/img/prd/o/73865/polythrona-aloyminioy-seira-eternity-sm6-1.jpg,2,- снимка 2,Детски продукт 0615326
mc-0615326,https://www.b2bmarkt.gr/img/prd/o/73865/polythrona-aloyminioy-seira-eternity-sm6-2.jpg,3,- снимка 3,Детски продукт 0615326
mc-0615326,https://www.b2bmarkt.gr/img/prd/o/73865/polythrona-aloyminioy-seira-eternity-sm6-3.jpg,4,- снимка 4,Детски продукт 0615326
mc-0615326,https://www.b2bmarkt.gr/img/prd/o/73865/polythrona-aloyminioy-seira-eternity-sm6-4.jpg,5,- снимка 5,Детски продукт 0615326
mc-0615326,https://www.b2bmarkt.gr/img/prd/o/73865/polythrona-aloyminioy-seira-eternity-sm6-5.jpg,6,- снимка 6,Детски продукт 0615326
mc-0615326,https://www.b2bmarkt.gr/img/prd/o/73865/polythrona-aloyminioy-seira-eternity-sm6-6.jpg,7,- снимка 7,Детски продукт 0615326
mc-0615326,https://www.b2bmarkt.gr/img/prd/o/73865/polythrona-aloyminioy-seira-eternity-sm6-7.jpg,8,- снимка 8,Детски продукт 0615326
mc-0615326,https://www.b2bmarkt.gr/img/prd/o/73865/polythrona-aloyminioy-seira-eternity-sm6-8.jpg,9,- снимка 9,Детски продукт 0615326
mc-0615326,https://www.b2bmarkt.gr/img/prd/o/73865/polythrona-aloyminioy-seira-eternity-sm6-9.jpg,10,- снимка 10,Детски продукт 0615326
mc-0615327,https://www.b2bmarkt.gr/img/prd/o/73866/xaplostra-seira-destiny-sm6182-aloyminio.jpg,1,- снимка 1,Детски продукт 0615327
mc-0615327,https://www.b2bmarkt.gr/img/prd/o/73866/xaplostra-seira-destiny-sm6182-aloyminio-1.jpg,2,- снимка 2,Детски продукт 0615327
mc-0615327,https://www.b2bmarkt.gr/img/prd/o/73866/xaplostra-seira-destiny-sm6182-aloyminio-2.jpg,3,- снимка 3,Детски продукт 0615327
mc-0615327,https://www.b2bmarkt.gr/img/prd/o/73866/xaplostra-seira-destiny-sm6182-aloyminio-3.jpg,4,- снимка 4,Детски продукт 0615327
mc-0615327,https://www.b2bmarkt.gr/img/prd/o/73866/xaplostra-seira-destiny-sm6182-aloyminio-4.jpg,5,- снимка 5,Детски продукт 0615327
mc-0615327,https://www.b2bmarkt.gr/img/prd/o/73866/xaplostra-seira-destiny-sm6182-aloyminio-5.jpg,6,- снимка 6,Детски продукт 0615327
mc-0615327,https://www.b2bmarkt.gr/img/prd/o/73866/xaplostra-seira-destiny-sm6182-aloyminio-6.jpg,7,- снимка 7,Детски продукт 0615327
mc-0615327,https://www.b2bmarkt.gr/img/prd/o/73866/xaplostra-seira-destiny-sm6182-aloyminio-7.jpg,8,- снимка 8,Детски продукт 0615327
mc-0615327,https://www.b2bmarkt.gr/img/prd/o/73866/xaplostra-seira-destiny-sm6182-aloyminio-8.jpg,9,- снимка 9,Детски продукт 0615327
mc-0615327,https://www.b2bmarkt.gr/img/prd/o/73866/xaplostra-seira-destiny-sm6182-aloyminio-9.jpg,10,- снимка 10,Детски продукт 0615327
mc-0615328,https://www.b2bmarkt.gr/img/prd/o/73867/paraban-aloyminioy-komorabi-l-sm6180-ant.jpg,1,- снимка 1,Детски продукт 0615328
mc-0615328,https://www.b2bmarkt.gr/img/prd/o/73867/paraban-aloyminioy-komorabi-l-sm6180-ant-1.jpg,2,- снимка 2,Детски продукт 0615328
mc-0615328,https://www.b2bmarkt.gr/img/prd/o/73867/paraban-aloyminioy-komorabi-l-sm6180-ant-2.jpg,3,- снимка 3,Детски продукт 0615328
mc-0615328,https://www.b2bmarkt.gr/img/prd/o/73867/paraban-aloyminioy-komorabi-l-sm6180-ant-3.jpg,4,- снимка 4,Детски продукт 0615328
mc-0615328,https://www.b2bmarkt.gr/img/prd/o/73867/paraban-aloyminioy-komorabi-l-sm6180-ant-4.jpg,5,- снимка 5,Детски продукт 0615328
mc-0615328,https://www.b2bmarkt.gr/img/prd/o/73867/paraban-aloyminioy-komorabi-l-sm6180-ant-5.jpg,6,- снимка 6,Детски продукт 0615328
mc-0615328,https://www.b2bmarkt.gr/img/prd/o/73867/paraban-aloyminioy-komorabi-l-sm6180-ant-6.jpg,7,- снимка 7,Детски продукт 0615328
mc-0615328,https://www.b2bmarkt.gr/img/prd/o/73867/paraban-aloyminioy-komorabi-l-sm6180-ant-7.jpg,8,- снимка 8,Детски продукт 0615328
mc-0615329,https://www.b2bmarkt.gr/img/prd/o/73868/-1.jpg,1,- снимка 1,Детски продукт 0615329
mc-0615329,https://www.b2bmarkt.gr/img/prd/o/73868/-2.jpg,2,- снимка 3,Детски продукт 0615329
mc-0615329,https://www.b2bmarkt.gr/img/prd/o/73868/-3.jpg,3,- снимка 4,Детски продукт 0615329
mc-0615329,https://www.b2bmarkt.gr/img/prd/o/73868/-4.jpg,4,- снимка 5,Детски продукт 0615329
mc-0615329,https://www.b2bmarkt.gr/img/prd/o/73868/-5.jpg,5,- снимка 6,Детски продукт 0615329
mc-0615329,https://www.b2bmarkt.gr/img/prd/o/73868/-6.jpg,6,- снимка 7,Детски продукт 0615329
mc-0612613,https://www.b2bmarkt.gr/img/prd/o/73869/-1.jpg,1,- снимка 1,Детски продукт 0612613
mc-0612613,https://www.b2bmarkt.gr/img/prd/o/73869/-2.jpg,2,- снимка 3,Детски продукт 0612613
mc-0612613,https://www.b2bmarkt.gr/img/prd/o/73869/-3.jpg,3,- снимка 4,Детски продукт 0612613
mc-0612613,https://www.b2bmarkt.gr/img/prd/o/73869/-4.jpg,4,- снимка 5,Детски продукт 0612613
mc-0612613,https://www.b2bmarkt.gr/img/prd/o/73869/-5.jpg,5,- снимка 6,Детски продукт 0612613
mc-0612613,https://www.b2bmarkt.gr/img/prd/o/73869/-6.jpg,6,- снимка 7,Детски продукт 0612613
mc-0612613,https://www.b2bmarkt.gr/img/prd/o/73869/-7.jpg,7,- снимка 8,Детски продукт 0612613
mc-0612613,https://www.b2bmarkt.gr/img/prd/o/73869/-8.jpg,8,- снимка 9,Детски продукт 0612613
mc-0612613,https://www.b2bmarkt.gr/img/prd/o/73869/-9.jpg,9,- снимка 10,Детски продукт 0612613
mc-0612614,https://www.b2bmarkt.gr/img/prd/o/73870/-1.jpg,1,- снимка 1,Детски продукт 0612614
mc-0612614,https://www.b2bmarkt.gr/img/prd/o/73870/-2.jpg,2,- снимка 3,Детски продукт 0612614
mc-0612614,https://www.b2bmarkt.gr/img/prd/o/73870/-3.jpg,3,- снимка 4,Детски продукт 0612614
mc-0612614,https://www.b2bmarkt.gr/img/prd/o/73870/-4.jpg,4,- снимка 5,Детски продукт 0612614
mc-0612614,https://www.b2bmarkt.gr/img/prd/o/73870/-5.jpg,5,- снимка 6,Детски продукт 0612614
mc-0612614,https://www.b2bmarkt.gr/img/prd/o/73870/-6.jpg,6,- снимка 7,Детски продукт 0612614
mc-0612614,https://www.b2bmarkt.gr/img/prd/o/73870/-7.jpg,7,- снимка 8,Детски продукт 0612614
mc-0612614,https://www.b2bmarkt.gr/img/prd/o/73870/-8.jpg,8,- снимка 9,Детски продукт 0612614
mc-0612622,https://www.b2bmarkt.gr/img/prd/o/73871/set-saloni-exchoroy-4tmch-pegasus-sm6199.jpg,1,- снимка 1,Детски продукт 0612622
mc-0612622,https://www.b2bmarkt.gr/img/prd/o/73871/set-saloni-exchoroy-4tmch-pegasus-sm6199-1.jpg,2,- снимка 2,Детски продукт 0612622
mc-0612622,https://www.b2bmarkt.gr/img/prd/o/73871/set-saloni-exchoroy-4tmch-pegasus-sm6199-2.jpg,3,- снимка 3,Детски продукт 0612622
mc-0612622,https://www.b2bmarkt.gr/img/prd/o/73871/set-saloni-exchoroy-4tmch-pegasus-sm6199-3.jpg,4,- снимка 4,Детски продукт 0612622
mc-0612622,https://www.b2bmarkt.gr/img/prd/o/73871/set-saloni-exchoroy-4tmch-pegasus-sm6199-4.jpg,5,- снимка 5,Детски продукт 0612622
mc-0612622,https://www.b2bmarkt.gr/img/prd/o/73871/set-saloni-exchoroy-4tmch-pegasus-sm6199-5.jpg,6,- снимка 6,Детски продукт 0612622
mc-0612622,https://www.b2bmarkt.gr/img/prd/o/73871/set-saloni-exchoroy-4tmch-pegasus-sm6199-6.jpg,7,- снимка 7,Детски продукт 0612622
mc-0612622,https://www.b2bmarkt.gr/img/prd/o/73871/set-saloni-exchoroy-4tmch-pegasus-sm6199-7.jpg,8,- снимка 8,Детски продукт 0612622
mc-0612623,https://www.b2bmarkt.gr/img/prd/o/73872/-1.jpg,1,- снимка 1,Детски продукт 0612623
mc-0612623,https://www.b2bmarkt.gr/img/prd/o/73872/-2.jpg,2,- снимка 3,Детски продукт 0612623
mc-0612623,https://www.b2bmarkt.gr/img/prd/o/73872/-3.jpg,3,- снимка 4,Детски продукт 0612623
mc-0612623,https://www.b2bmarkt.gr/img/prd/o/73872/-4.jpg,4,- снимка 5,Детски продукт 0612623
mc-0612623,https://www.b2bmarkt.gr/img/prd/o/73872/-5.jpg,5,- снимка 6,Детски продукт 0612623
mc-0612623,https://www.b2bmarkt.gr/img/prd/o/73872/-6.jpg,6,- снимка 7,Детски продукт 0612623
mc-0612623,https://www.b2bmarkt.gr/img/prd/o/73872/-7.jpg,7,- снимка 8,Детски продукт 0612623
mc-0612658,https://www.b2bmarkt.gr/img/prd/o/73873/-1.jpg,1,- снимка 1,Детски продукт 0612658
mc-0612628,https://www.b2bmarkt.gr/img/prd/o/73874/-1.jpg,1,- снимка 1,Детски продукт 0612628
mc-0612628,https://www.b2bmarkt.gr/img/prd/o/73874/-2.jpg,2,- снимка 3,Детски продукт 0612628
mc-0612628,https://www.b2bmarkt.gr/img/prd/o/73874/-3.jpg,3,- снимка 4,Детски продукт 0612628
mc-0612628,https://www.b2bmarkt.gr/img/prd/o/73874/-4.jpg,4,- снимка 5,Детски продукт 0612628
mc-0612634,https://www.b2bmarkt.gr/img/prd/o/73875/-1.jpg,1,- снимка 1,Детски продукт 0612634
mc-0612634,https://www.b2bmarkt.gr/img/prd/o/73875/-2.jpg,2,- снимка 3,Детски продукт 0612634
mc-0612634,https://www.b2bmarkt.gr/img/prd/o/73875/-3.jpg,3,- снимка 4,Детски продукт 0612634
mc-0612634,https://www.b2bmarkt.gr/img/prd/o/73875/-4.jpg,4,- снимка 5,Детски продукт 0612634
mc-0612634,https://www.b2bmarkt.gr/img/prd/o/73875/-5.jpg,5,- снимка 6,Детски продукт 0612634
mc-0612634,https://www.b2bmarkt.gr/img/prd/o/73875/-6.jpg,6,- снимка 7,Детски продукт 0612634
mc-0612635,https://www.b2bmarkt.gr/img/prd/o/73876/-1.jpg,1,- снимка 1,Детски продукт 0612635
mc-0612635,https://www.b2bmarkt.gr/img/prd/o/73876/-2.jpg,2,- снимка 3,Детски продукт 0612635
mc-0612635,https://www.b2bmarkt.gr/img/prd/o/73876/-3.jpg,3,- снимка 4,Детски продукт 0612635
mc-0612635,https://www.b2bmarkt.gr/img/prd/o/73876/-4.jpg,4,- снимка 5,Детски продукт 0612635
mc-0612635,https://www.b2bmarkt.gr/img/prd/o/73876/-5.jpg,5,- снимка 6,Детски продукт 0612635
mc-0612635,https://www.b2bmarkt.gr/img/prd/o/73876/-6.jpg,6,- снимка 7,Детски продукт 0612635
mc-0612636,https://www.b2bmarkt.gr/img/prd/o/73877/-1.jpg,1,- снимка 1,Детски продукт 0612636
mc-0612636,https://www.b2bmarkt.gr/img/prd/o/73877/-2.jpg,2,- снимка 3,Детски продукт 0612636
mc-0612636,https://www.b2bmarkt.gr/img/prd/o/73877/-3.jpg,3,- снимка 4,Детски продукт 0612636
mc-0612636,https://www.b2bmarkt.gr/img/prd/o/73877/-4.jpg,4,- снимка 5,Детски продукт 0612636
mc-0612636,https://www.b2bmarkt.gr/img/prd/o/73877/-5.jpg,5,- снимка 6,Детски продукт 0612636
mc-0612636,https://www.b2bmarkt.gr/img/prd/o/73877/-6.jpg,6,- снимка 7,Детски продукт 0612636
mc-0612637,https://www.b2bmarkt.gr/img/prd/o/73878/-1.jpg,1,- снимка 1,Детски продукт 0612637
mc-0612637,https://www.b2bmarkt.gr/img/prd/o/73878/-2.jpg,2,- снимка 3,Детски продукт 0612637
mc-0612637,https://www.b2bmarkt.gr/img/prd/o/73878/-3.jpg,3,- снимка 4,Детски продукт 0612637
mc-0612637,https://www.b2bmarkt.gr/img/prd/o/73878/-4.jpg,4,- снимка 5,Детски продукт 0612637
mc-0612637,https://www.b2bmarkt.gr/img/prd/o/73878/-5.jpg,5,- снимка 6,Детски продукт 0612637
mc-0612637,https://www.b2bmarkt.gr/img/prd/o/73878/-6.jpg,6,- снимка 7,Детски продукт 0612637
mc-0612637,https://www.b2bmarkt.gr/img/prd/o/73878/-7.jpg,7,- снимка 8,Детски продукт 0612637
mc-0612638,https://www.b2bmarkt.gr/img/prd/o/73879/-1.jpg,1,- снимка 1,Детски продукт 0612638
mc-0612638,https://www.b2bmarkt.gr/img/prd/o/73879/-2.jpg,2,- снимка 3,Детски продукт 0612638
mc-0612638,https://www.b2bmarkt.gr/img/prd/o/73879/-3.jpg,3,- снимка 4,Детски продукт 0612638
mc-0612638,https://www.b2bmarkt.gr/img/prd/o/73879/-4.jpg,4,- снимка 5,Детски продукт 0612638
mc-0612638,https://www.b2bmarkt.gr/img/prd/o/73879/-5.jpg,5,- снимка 6,Детски продукт 0612638
mc-0612638,https://www.b2bmarkt.gr/img/prd/o/73879/-6.jpg,6,- снимка 7,Детски продукт 0612638
mc-0612638,https://www.b2bmarkt.gr/img/prd/o/73879/-7.jpg,7,- снимка 8,Детски продукт 0612638
mc-0612638,https://www.b2bmarkt.gr/img/prd/o/73879/-8.jpg,8,- снимка 9,Детски продукт 0612638
mc-0612638,https://www.b2bmarkt.gr/img/prd/o/73879/-9.jpg,9,- снимка 10,Детски продукт 0612638
mc-0612639,https://www.b2bmarkt.gr/img/prd/o/73880/-1.jpg,1,- снимка 1,Детски продукт 0612639
mc-0612639,https://www.b2bmarkt.gr/img/prd/o/73880/-2.jpg,2,- снимка 3,Детски продукт 0612639
mc-0612639,https://www.b2bmarkt.gr/img/prd/o/73880/-3.jpg,3,- снимка 4,Детски продукт 0612639
mc-0612639,https://www.b2bmarkt.gr/img/prd/o/73880/-4.jpg,4,- снимка 5,Детски продукт 0612639
mc-0612639,https://www.b2bmarkt.gr/img/prd/o/73880/-5.jpg,5,- снимка 6,Детски продукт 0612639
mc-0612639,https://www.b2bmarkt.gr/img/prd/o/73880/-6.jpg,6,- снимка 7,Детски продукт 0612639
mc-0612639,https://www.b2bmarkt.gr/img/prd/o/73880/-7.jpg,7,- снимка 8,Детски продукт 0612639
mc-0612639,https://www.b2bmarkt.gr/img/prd/o/73880/-8.jpg,8,- снимка 9,Детски продукт 0612639
mc-0612639,https://www.b2bmarkt.gr/img/prd/o/73880/-9.jpg,9,- снимка 10,Детски продукт 0612639
mc-0612646,https://www.b2bmarkt.gr/img/prd/o/73881/-1.jpg,1,- снимка 1,Детски продукт 0612646
mc-0612646,https://www.b2bmarkt.gr/img/prd/o/73881/-2.jpg,2,- снимка 3,Детски продукт 0612646
mc-0612646,https://www.b2bmarkt.gr/img/prd/o/73881/-3.jpg,3,- снимка 4,Детски продукт 0612646
mc-0612646,https://www.b2bmarkt.gr/img/prd/o/73881/-4.jpg,4,- снимка 5,Детски продукт 0612646
mc-0612646,https://www.b2bmarkt.gr/img/prd/o/73881/-5.jpg,5,- снимка 6,Детски продукт 0612646
mc-0612646,https://www.b2bmarkt.gr/img/prd/o/73881/-6.jpg,6,- снимка 7,Детски продукт 0612646
mc-0612646,https://www.b2bmarkt.gr/img/prd/o/73881/-7.jpg,7,- снимка 8,Детски продукт 0612646
mc-0612646,https://www.b2bmarkt.gr/img/prd/o/73881/-8.jpg,8,- снимка 9,Детски продукт 0612646
mc-0612647,https://www.b2bmarkt.gr/img/prd/o/73882/-1.jpg,1,- снимка 1,Детски продукт 0612647
mc-0612647,https://www.b2bmarkt.gr/img/prd/o/73882/-2.jpg,2,- снимка 3,Детски продукт 0612647
mc-0612647,https://www.b2bmarkt.gr/img/prd/o/73882/-3.jpg,3,- снимка 4,Детски продукт 0612647
mc-0612647,https://www.b2bmarkt.gr/img/prd/o/73882/-4.jpg,4,- снимка 5,Детски продукт 0612647
mc-0612647,https://www.b2bmarkt.gr/img/prd/o/73882/-5.jpg,5,- снимка 6,Детски продукт 0612647
mc-0612647,https://www.b2bmarkt.gr/img/prd/o/73882/-6.jpg,6,- снимка 7,Детски продукт 0612647
mc-0612647,https://www.b2bmarkt.gr/img/prd/o/73882/-7.jpg,7,- снимка 8,Детски продукт 0612647
mc-0612648,https://www.b2bmarkt.gr/img/prd/o/73883/-1.jpg,1,- снимка 1,Детски продукт 0612648
mc-0612648,https://www.b2bmarkt.gr/img/prd/o/73883/-2.jpg,2,- снимка 3,Детски продукт 0612648
mc-0612648,https://www.b2bmarkt.gr/img/prd/o/73883/-3.jpg,3,- снимка 4,Детски продукт 0612648
mc-0612648,https://www.b2bmarkt.gr/img/prd/o/73883/-4.jpg,4,- снимка 5,Детски продукт 0612648
mc-0612648,https://www.b2bmarkt.gr/img/prd/o/73883/-5.jpg,5,- снимка 6,Детски продукт 0612648
mc-0612648,https://www.b2bmarkt.gr/img/prd/o/73883/-6.jpg,6,- снимка 7,Детски продукт 0612648
mc-0612648,https://www.b2bmarkt.gr/img/prd/o/73883/-7.jpg,7,- снимка 8,Детски продукт 0612648
mc-0612648,https://www.b2bmarkt.gr/img/prd/o/73883/-8.jpg,8,- снимка 9,Детски продукт 0612648
mc-0612648,https://www.b2bmarkt.gr/img/prd/o/73883/-9.jpg,9,- снимка 10,Детски продукт 0612648
mc-0612649,https://www.b2bmarkt.gr/img/prd/o/73884/-1.jpg,1,- снимка 1,Детски продукт 0612649
mc-0612649,https://www.b2bmarkt.gr/img/prd/o/73884/-2.jpg,2,- снимка 3,Детски продукт 0612649
mc-0612649,https://www.b2bmarkt.gr/img/prd/o/73884/-3.jpg,3,- снимка 4,Детски продукт 0612649
mc-0612649,https://www.b2bmarkt.gr/img/prd/o/73884/-4.jpg,4,- снимка 5,Детски продукт 0612649
mc-0612649,https://www.b2bmarkt.gr/img/prd/o/73884/-5.jpg,5,- снимка 6,Детски продукт 0612649
mc-0612649,https://www.b2bmarkt.gr/img/prd/o/73884/-6.jpg,6,- снимка 7,Детски продукт 0612649
mc-0612649,https://www.b2bmarkt.gr/img/prd/o/73884/-7.jpg,7,- снимка 8,Детски продукт 0612649
mc-0612649,https://www.b2bmarkt.gr/img/prd/o/73884/-8.jpg,8,- снимка 9,Детски продукт 0612649
mc-0612649,https://www.b2bmarkt.gr/img/prd/o/73884/-9.jpg,9,- снимка 10,Детски продукт 0612649
mc-0612650,https://www.b2bmarkt.gr/img/prd/o/73885/-1.jpg,1,- снимка 1,Детски продукт 0612650
mc-0612650,https://www.b2bmarkt.gr/img/prd/o/73885/-2.jpg,2,- снимка 3,Детски продукт 0612650
mc-0612650,https://www.b2bmarkt.gr/img/prd/o/73885/-3.jpg,3,- снимка 4,Детски продукт 0612650
mc-0612650,https://www.b2bmarkt.gr/img/prd/o/73885/-4.jpg,4,- снимка 5,Детски продукт 0612650
mc-0612650,https://www.b2bmarkt.gr/img/prd/o/73885/-5.jpg,5,- снимка 6,Детски продукт 0612650
mc-0612650,https://www.b2bmarkt.gr/img/prd/o/73885/-6.jpg,6,- снимка 7,Детски продукт 0612650
mc-0612650,https://www.b2bmarkt.gr/img/prd/o/73885/-7.jpg,7,- снимка 8,Детски продукт 0612650
mc-0612650,https://www.b2bmarkt.gr/img/prd/o/73885/-8.jpg,8,- снимка 9,Детски продукт 0612650
mc-0612650,https://www.b2bmarkt.gr/img/prd/o/73885/-9.jpg,9,- снимка 10,Детски продукт 0612650
mc-0612652,https://www.b2bmarkt.gr/img/prd/o/73886/-1.jpg,1,- снимка 1,Детски продукт 0612652
mc-0612652,https://www.b2bmarkt.gr/img/prd/o/73886/-2.jpg,2,- снимка 3,Детски продукт 0612652
mc-0612652,https://www.b2bmarkt.gr/img/prd/o/73886/-3.jpg,3,- снимка 4,Детски продукт 0612652
mc-0612652,https://www.b2bmarkt.gr/img/prd/o/73886/-4.jpg,4,- снимка 5,Детски продукт 0612652
mc-0612652,https://www.b2bmarkt.gr/img/prd/o/73886/-5.jpg,5,- снимка 6,Детски продукт 0612652
mc-0612652,https://www.b2bmarkt.gr/img/prd/o/73886/-6.jpg,6,- снимка 7,Детски продукт 0612652
mc-0612652,https://www.b2bmarkt.gr/img/prd/o/73886/-7.jpg,7,- снимка 8,Детски продукт 0612652
mc-0612652,https://www.b2bmarkt.gr/img/prd/o/73886/-8.jpg,8,- снимка 9,Детски продукт 0612652
mc-0612652,https://www.b2bmarkt.gr/img/prd/o/73886/-9.jpg,9,- снимка 10,Детски продукт 0612652
mc-0612653,https://www.b2bmarkt.gr/img/prd/o/73887/-1.jpg,1,- снимка 1,Детски продукт 0612653
mc-0612653,https://www.b2bmarkt.gr/img/prd/o/73887/-2.jpg,2,- снимка 3,Детски продукт 0612653
mc-0612653,https://www.b2bmarkt.gr/img/prd/o/73887/-3.jpg,3,- снимка 4,Детски продукт 0612653
mc-0612653,https://www.b2bmarkt.gr/img/prd/o/73887/-4.jpg,4,- снимка 5,Детски продукт 0612653
mc-0612653,https://www.b2bmarkt.gr/img/prd/o/73887/-5.jpg,5,- снимка 6,Детски продукт 0612653
mc-0612653,https://www.b2bmarkt.gr/img/prd/o/73887/-6.jpg,6,- снимка 7,Детски продукт 0612653
mc-0612653,https://www.b2bmarkt.gr/img/prd/o/73887/-7.jpg,7,- снимка 8,Детски продукт 0612653
mc-0612653,https://www.b2bmarkt.gr/img/prd/o/73887/-8.jpg,8,- снимка 9,Детски продукт 0612653
mc-0612654,https://www.b2bmarkt.gr/img/prd/o/73888/-1.jpg,1,- снимка 1,Детски продукт 0612654
mc-0612654,https://www.b2bmarkt.gr/img/prd/o/73888/-2.jpg,2,- снимка 3,Детски продукт 0612654
mc-0612654,https://www.b2bmarkt.gr/img/prd/o/73888/-3.jpg,3,- снимка 4,Детски продукт 0612654
mc-0612654,https://www.b2bmarkt.gr/img/prd/o/73888/-4.jpg,4,- снимка 5,Детски продукт 0612654
mc-0612654,https://www.b2bmarkt.gr/img/prd/o/73888/-5.jpg,5,- снимка 6,Детски продукт 0612654
mc-0612654,https://www.b2bmarkt.gr/img/prd/o/73888/-6.jpg,6,- снимка 7,Детски продукт 0612654
mc-0612654,https://www.b2bmarkt.gr/img/prd/o/73888/-7.jpg,7,- снимка 8,Детски продукт 0612654
mc-0612654,https://www.b2bmarkt.gr/img/prd/o/73888/-8.jpg,8,- снимка 9,Детски продукт 0612654
mc-0612654,https://www.b2bmarkt.gr/img/prd/o/73888/-9.jpg,9,- снимка 10,Детски продукт 0612654
mc-0612660,https://www.b2bmarkt.gr/img/prd/o/73892/-1.jpg,1,- снимка 1,Детски продукт 0612660
mc-0612660,https://www.b2bmarkt.gr/img/prd/o/73892/-2.jpg,2,- снимка 3,Детски продукт 0612660
mc-0612660,https://www.b2bmarkt.gr/img/prd/o/73892/-3.jpg,3,- снимка 4,Детски продукт 0612660
mc-0612660,https://www.b2bmarkt.gr/img/prd/o/73892/-4.jpg,4,- снимка 5,Детски продукт 0612660
mc-0612660,https://www.b2bmarkt.gr/img/prd/o/73892/-5.jpg,5,- снимка 6,Детски продукт 0612660
mc-0612660,https://www.b2bmarkt.gr/img/prd/o/73892/-6.jpg,6,- снимка 7,Детски продукт 0612660
mc-0612660,https://www.b2bmarkt.gr/img/prd/o/73892/-7.jpg,7,- снимка 8,Детски продукт 0612660
mc-0612660,https://www.b2bmarkt.gr/img/prd/o/73892/-8.jpg,8,- снимка 9,Детски продукт 0612660
mc-0612660,https://www.b2bmarkt.gr/img/prd/o/73892/-9.jpg,9,- снимка 10,Детски продукт 0612660
mc-0612677,https://www.b2bmarkt.gr/img/prd/o/73893/-1.jpg,1,- снимка 1,Детски продукт 0612677
mc-0612677,https://www.b2bmarkt.gr/img/prd/o/73893/-2.jpg,2,- снимка 3,Детски продукт 0612677
mc-0612677,https://www.b2bmarkt.gr/img/prd/o/73893/-3.jpg,3,- снимка 4,Детски продукт 0612677
mc-0612677,https://www.b2bmarkt.gr/img/prd/o/73893/-4.jpg,4,- снимка 5,Детски продукт 0612677
mc-0612677,https://www.b2bmarkt.gr/img/prd/o/73893/-5.jpg,5,- снимка 6,Детски продукт 0612677
mc-0612677,https://www.b2bmarkt.gr/img/prd/o/73893/-6.jpg,6,- снимка 7,Детски продукт 0612677
mc-0612677,https://www.b2bmarkt.gr/img/prd/o/73893/-7.jpg,7,- снимка 8,Детски продукт 0612677
mc-0612677,https://www.b2bmarkt.gr/img/prd/o/73893/-8.jpg,8,- снимка 9,Детски продукт 0612677
mc-0612678,https://www.b2bmarkt.gr/img/prd/o/73894/-1.jpg,1,- снимка 1,Детски продукт 0612678
mc-0612678,https://www.b2bmarkt.gr/img/prd/o/73894/-2.jpg,2,- снимка 3,Детски продукт 0612678
mc-0612678,https://www.b2bmarkt.gr/img/prd/o/73894/-3.jpg,3,- снимка 4,Детски продукт 0612678
mc-0612678,https://www.b2bmarkt.gr/img/prd/o/73894/-4.jpg,4,- снимка 5,Детски продукт 0612678
mc-0612678,https://www.b2bmarkt.gr/img/prd/o/73894/-5.jpg,5,- снимка 6,Детски продукт 0612678
mc-0612678,https://www.b2bmarkt.gr/img/prd/o/73894/-6.jpg,6,- снимка 7,Детски продукт 0612678
mc-0612678,https://www.b2bmarkt.gr/img/prd/o/73894/-7.jpg,7,- снимка 8,Детски продукт 0612678
mc-0612678,https://www.b2bmarkt.gr/img/prd/o/73894/-8.jpg,8,- снимка 9,Детски продукт 0612678
mc-0612678,https://www.b2bmarkt.gr/img/prd/o/73894/-9.jpg,9,- снимка 10,Детски продукт 0612678
mc-0612679,https://www.b2bmarkt.gr/img/prd/o/73895/-1.jpg,1,- снимка 1,Детски продукт 0612679
mc-0612679,https://www.b2bmarkt.gr/img/prd/o/73895/-2.jpg,2,- снимка 3,Детски продукт 0612679
mc-0612679,https://www.b2bmarkt.gr/img/prd/o/73895/-3.jpg,3,- снимка 4,Детски продукт 0612679
mc-0612679,https://www.b2bmarkt.gr/img/prd/o/73895/-4.jpg,4,- снимка 5,Детски продукт 0612679
mc-0612679,https://www.b2bmarkt.gr/img/prd/o/73895/-5.jpg,5,- снимка 6,Детски продукт 0612679
mc-0612679,https://www.b2bmarkt.gr/img/prd/o/73895/-6.jpg,6,- снимка 7,Детски продукт 0612679
mc-0612679,https://www.b2bmarkt.gr/img/prd/o/73895/-7.jpg,7,- снимка 8,Детски продукт 0612679
mc-0612679,https://www.b2bmarkt.gr/img/prd/o/73895/-8.jpg,8,- снимка 9,Детски продукт 0612679
mc-0612679,https://www.b2bmarkt.gr/img/prd/o/73895/-9.jpg,9,- снимка 10,Детски продукт 0612679
mc-0612682,https://www.b2bmarkt.gr/img/prd/o/73896/-1.jpg,1,- снимка 1,Детски продукт 0612682
mc-0612682,https://www.b2bmarkt.gr/img/prd/o/73896/-2.jpg,2,- снимка 3,Детски продукт 0612682
mc-0612682,https://www.b2bmarkt.gr/img/prd/o/73896/-3.jpg,3,- снимка 4,Детски продукт 0612682
mc-0612682,https://www.b2bmarkt.gr/img/prd/o/73896/-4.jpg,4,- снимка 5,Детски продукт 0612682
mc-0612682,https://www.b2bmarkt.gr/img/prd/o/73896/-5.jpg,5,- снимка 6,Детски продукт 0612682
mc-0612682,https://www.b2bmarkt.gr/img/prd/o/73896/-6.jpg,6,- снимка 7,Детски продукт 0612682
mc-0612682,https://www.b2bmarkt.gr/img/prd/o/73896/-7.jpg,7,- снимка 8,Детски продукт 0612682
mc-0612682,https://www.b2bmarkt.gr/img/prd/o/73896/-8.jpg,8,- снимка 9,Детски продукт 0612682
mc-0612686,https://www.b2bmarkt.gr/img/prd/o/73897/-1.jpg,1,- снимка 1,Детски продукт 0612686
mc-0612686,https://www.b2bmarkt.gr/img/prd/o/73897/-2.jpg,2,- снимка 3,Детски продукт 0612686
mc-0612686,https://www.b2bmarkt.gr/img/prd/o/73897/-3.jpg,3,- снимка 4,Детски продукт 0612686
mc-0612686,https://www.b2bmarkt.gr/img/prd/o/73897/-4.jpg,4,- снимка 5,Детски продукт 0612686
mc-0612686,https://www.b2bmarkt.gr/img/prd/o/73897/-5.jpg,5,- снимка 6,Детски продукт 0612686
mc-0612686,https://www.b2bmarkt.gr/img/prd/o/73897/-6.jpg,6,- снимка 7,Детски продукт 0612686
mc-0612686,https://www.b2bmarkt.gr/img/prd/o/73897/-7.jpg,7,- снимка 8,Детски продукт 0612686
mc-0612686,https://www.b2bmarkt.gr/img/prd/o/73897/-8.jpg,8,- снимка 9,Детски продукт 0612686
mc-0612686,https://www.b2bmarkt.gr/img/prd/o/73897/-9.jpg,9,- снимка 10,Детски продукт 0612686
mc-0612687,https://www.b2bmarkt.gr/img/prd/o/73898/-1.jpg,1,- снимка 1,Детски продукт 0612687
mc-0612687,https://www.b2bmarkt.gr/img/prd/o/73898/-2.jpg,2,- снимка 3,Детски продукт 0612687
mc-0612687,https://www.b2bmarkt.gr/img/prd/o/73898/-3.jpg,3,- снимка 4,Детски продукт 0612687
mc-0612687,https://www.b2bmarkt.gr/img/prd/o/73898/-4.jpg,4,- снимка 5,Детски продукт 0612687
mc-0612687,https://www.b2bmarkt.gr/img/prd/o/73898/-5.jpg,5,- снимка 6,Детски продукт 0612687
mc-0612687,https://www.b2bmarkt.gr/img/prd/o/73898/-6.jpg,6,- снимка 7,Детски продукт 0612687
mc-0612687,https://www.b2bmarkt.gr/img/prd/o/73898/-7.jpg,7,- снимка 8,Детски продукт 0612687
mc-0612687,https://www.b2bmarkt.gr/img/prd/o/73898/-8.jpg,8,- снимка 9,Детски продукт 0612687
mc-0612687,https://www.b2bmarkt.gr/img/prd/o/73898/-9.jpg,9,- снимка 10,Детски продукт 0612687
mc-0612688,https://www.b2bmarkt.gr/img/prd/o/73899/-1.jpg,1,- снимка 1,Детски продукт 0612688
mc-0612688,https://www.b2bmarkt.gr/img/prd/o/73899/-2.jpg,2,- снимка 3,Детски продукт 0612688
mc-0612688,https://www.b2bmarkt.gr/img/prd/o/73899/-3.jpg,3,- снимка 4,Детски продукт 0612688
mc-0612688,https://www.b2bmarkt.gr/img/prd/o/73899/-4.jpg,4,- снимка 5,Детски продукт 0612688
mc-0612688,https://www.b2bmarkt.gr/img/prd/o/73899/-5.jpg,5,- снимка 6,Детски продукт 0612688
mc-0612688,https://www.b2bmarkt.gr/img/prd/o/73899/-6.jpg,6,- снимка 7,Детски продукт 0612688
mc-0612688,https://www.b2bmarkt.gr/img/prd/o/73899/-7.jpg,7,- снимка 8,Детски продукт 0612688
mc-0612688,https://www.b2bmarkt.gr/img/prd/o/73899/-8.jpg,8,- снимка 9,Детски продукт 0612688
mc-0612688,https://www.b2bmarkt.gr/img/prd/o/73899/-9.jpg,9,- снимка 10,Детски продукт 0612688
mc-0612692,https://www.b2bmarkt.gr/img/prd/o/73903/-1.jpg,1,- снимка 1,Детски продукт 0612692
mc-0612692,https://www.b2bmarkt.gr/img/prd/o/73903/-2.jpg,2,- снимка 3,Детски продукт 0612692
mc-0612692,https://www.b2bmarkt.gr/img/prd/o/73903/-3.jpg,3,- снимка 4,Детски продукт 0612692
mc-0612692,https://www.b2bmarkt.gr/img/prd/o/73903/-4.jpg,4,- снимка 5,Детски продукт 0612692
mc-0612692,https://www.b2bmarkt.gr/img/prd/o/73903/-5.jpg,5,- снимка 6,Детски продукт 0612692
mc-0612692,https://www.b2bmarkt.gr/img/prd/o/73903/-6.jpg,6,- снимка 7,Детски продукт 0612692
mc-0612692,https://www.b2bmarkt.gr/img/prd/o/73903/-7.jpg,7,- снимка 8,Детски продукт 0612692
mc-0612692,https://www.b2bmarkt.gr/img/prd/o/73903/-8.jpg,8,- снимка 9,Детски продукт 0612692
mc-0612692,https://www.b2bmarkt.gr/img/prd/o/73903/-9.jpg,9,- снимка 10,Детски продукт 0612692
mc-0612693,https://www.b2bmarkt.gr/img/prd/o/73904/-1.jpg,1,- снимка 1,Детски продукт 0612693
mc-0612693,https://www.b2bmarkt.gr/img/prd/o/73904/-2.jpg,2,- снимка 3,Детски продукт 0612693
mc-0612693,https://www.b2bmarkt.gr/img/prd/o/73904/-3.jpg,3,- снимка 4,Детски продукт 0612693
mc-0612693,https://www.b2bmarkt.gr/img/prd/o/73904/-4.jpg,4,- снимка 5,Детски продукт 0612693
mc-0612693,https://www.b2bmarkt.gr/img/prd/o/73904/-5.jpg,5,- снимка 6,Детски продукт 0612693
mc-0612693,https://www.b2bmarkt.gr/img/prd/o/73904/-6.jpg,6,- снимка 7,Детски продукт 0612693
mc-0612693,https://www.b2bmarkt.gr/img/prd/o/73904/-7.jpg,7,- снимка 8,Детски продукт 0612693
mc-0612693,https://www.b2bmarkt.gr/img/prd/o/73904/-8.jpg,8,- снимка 9,Детски продукт 0612693
mc-0612693,https://www.b2bmarkt.gr/img/prd/o/73904/-9.jpg,9,- снимка 10,Детски продукт 0612693
mc-0612694,https://www.b2bmarkt.gr/img/prd/o/73905/-1.jpg,1,- снимка 1,Детски продукт 0612694
mc-0612694,https://www.b2bmarkt.gr/img/prd/o/73905/-2.jpg,2,- снимка 3,Детски продукт 0612694
mc-0612694,https://www.b2bmarkt.gr/img/prd/o/73905/-3.jpg,3,- снимка 4,Детски продукт 0612694
mc-0612694,https://www.b2bmarkt.gr/img/prd/o/73905/-4.jpg,4,- снимка 5,Детски продукт 0612694
mc-0612694,https://www.b2bmarkt.gr/img/prd/o/73905/-5.jpg,5,- снимка 6,Детски продукт 0612694
mc-0612694,https://www.b2bmarkt.gr/img/prd/o/73905/-6.jpg,6,- снимка 7,Детски продукт 0612694
mc-0612694,https://www.b2bmarkt.gr/img/prd/o/73905/-7.jpg,7,- снимка 8,Детски продукт 0612694
mc-0612694,https://www.b2bmarkt.gr/img/prd/o/73905/-8.jpg,8,- снимка 9,Детски продукт 0612694
mc-0612694,https://www.b2bmarkt.gr/img/prd/o/73905/-9.jpg,9,- снимка 10,Детски продукт 0612694
mc-0612695,https://www.b2bmarkt.gr/img/prd/o/73906/-1.jpg,1,- снимка 1,Детски продукт 0612695
mc-0612695,https://www.b2bmarkt.gr/img/prd/o/73906/-2.jpg,2,- снимка 3,Детски продукт 0612695
mc-0612695,https://www.b2bmarkt.gr/img/prd/o/73906/-3.jpg,3,- снимка 4,Детски продукт 0612695
mc-0612695,https://www.b2bmarkt.gr/img/prd/o/73906/-4.jpg,4,- снимка 5,Детски продукт 0612695
mc-0612695,https://www.b2bmarkt.gr/img/prd/o/73906/-5.jpg,5,- снимка 6,Детски продукт 0612695
mc-0612695,https://www.b2bmarkt.gr/img/prd/o/73906/-6.jpg,6,- снимка 7,Детски продукт 0612695
mc-0612695,https://www.b2bmarkt.gr/img/prd/o/73906/-7.jpg,7,- снимка 8,Детски продукт 0612695
mc-0612706,https://www.b2bmarkt.gr/img/prd/o/73907/-1.jpg,1,- снимка 1,Детски продукт 0612706
mc-0612706,https://www.b2bmarkt.gr/img/prd/o/73907/-2.jpg,2,- снимка 3,Детски продукт 0612706
mc-0612706,https://www.b2bmarkt.gr/img/prd/o/73907/-3.jpg,3,- снимка 4,Детски продукт 0612706
mc-0612706,https://www.b2bmarkt.gr/img/prd/o/73907/-4.jpg,4,- снимка 5,Детски продукт 0612706
mc-0612706,https://www.b2bmarkt.gr/img/prd/o/73907/-5.jpg,5,- снимка 6,Детски продукт 0612706
mc-0612706,https://www.b2bmarkt.gr/img/prd/o/73907/-6.jpg,6,- снимка 7,Детски продукт 0612706
mc-0612706,https://www.b2bmarkt.gr/img/prd/o/73907/-7.jpg,7,- снимка 8,Детски продукт 0612706
mc-0612706,https://www.b2bmarkt.gr/img/prd/o/73907/-8.jpg,8,- снимка 9,Детски продукт 0612706
mc-0612706,https://www.b2bmarkt.gr/img/prd/o/73907/-9.jpg,9,- снимка 10,Детски продукт 0612706
mc-0612707,https://www.b2bmarkt.gr/img/prd/o/73908/-1.jpg,1,- снимка 1,Детски продукт 0612707
mc-0612707,https://www.b2bmarkt.gr/img/prd/o/73908/-2.jpg,2,- снимка 3,Детски продукт 0612707
mc-0612707,https://www.b2bmarkt.gr/img/prd/o/73908/-3.jpg,3,- снимка 4,Детски продукт 0612707
mc-0612707,https://www.b2bmarkt.gr/img/prd/o/73908/-4.jpg,4,- снимка 5,Детски продукт 0612707
mc-0612707,https://www.b2bmarkt.gr/img/prd/o/73908/-5.jpg,5,- снимка 6,Детски продукт 0612707
mc-0612707,https://www.b2bmarkt.gr/img/prd/o/73908/-6.jpg,6,- снимка 7,Детски продукт 0612707
mc-0612707,https://www.b2bmarkt.gr/img/prd/o/73908/-7.jpg,7,- снимка 8,Детски продукт 0612707
mc-0612707,https://www.b2bmarkt.gr/img/prd/o/73908/-8.jpg,8,- снимка 9,Детски продукт 0612707
mc-0612718,https://www.b2bmarkt.gr/img/prd/o/73910/-1.jpg,1,- снимка 1,Детски продукт 0612718
mc-0612718,https://www.b2bmarkt.gr/img/prd/o/73910/-2.jpg,2,- снимка 3,Детски продукт 0612718
mc-0612718,https://www.b2bmarkt.gr/img/prd/o/73910/-3.jpg,3,- снимка 4,Детски продукт 0612718
mc-0612718,https://www.b2bmarkt.gr/img/prd/o/73910/-4.jpg,4,- снимка 5,Детски продукт 0612718
mc-0612718,https://www.b2bmarkt.gr/img/prd/o/73910/-5.jpg,5,- снимка 6,Детски продукт 0612718
mc-0612718,https://www.b2bmarkt.gr/img/prd/o/73910/-6.jpg,6,- снимка 7,Детски продукт 0612718
mc-0612720,https://www.b2bmarkt.gr/img/prd/o/73911/-1.jpg,1,- снимка 1,Детски продукт 0612720
mc-0612720,https://www.b2bmarkt.gr/img/prd/o/73911/-2.jpg,2,- снимка 3,Детски продукт 0612720
mc-0612720,https://www.b2bmarkt.gr/img/prd/o/73911/-3.jpg,3,- снимка 4,Детски продукт 0612720
mc-0612720,https://www.b2bmarkt.gr/img/prd/o/73911/-4.jpg,4,- снимка 5,Детски продукт 0612720
mc-0612720,https://www.b2bmarkt.gr/img/prd/o/73911/-5.jpg,5,- снимка 6,Детски продукт 0612720
mc-0612720,https://www.b2bmarkt.gr/img/prd/o/73911/-6.jpg,6,- снимка 7,Детски продукт 0612720
mc-0612720,https://www.b2bmarkt.gr/img/prd/o/73911/-7.jpg,7,- снимка 8,Детски продукт 0612720
mc-0612721,https://www.b2bmarkt.gr/img/prd/o/73912/-1.jpg,1,- снимка 1,Детски продукт 0612721
mc-0612721,https://www.b2bmarkt.gr/img/prd/o/73912/-2.jpg,2,- снимка 3,Детски продукт 0612721
mc-0612721,https://www.b2bmarkt.gr/img/prd/o/73912/-3.jpg,3,- снимка 4,Детски продукт 0612721
mc-0612721,https://www.b2bmarkt.gr/img/prd/o/73912/-4.jpg,4,- снимка 5,Детски продукт 0612721
mc-0612721,https://www.b2bmarkt.gr/img/prd/o/73912/-5.jpg,5,- снимка 6,Детски продукт 0612721
mc-0612721,https://www.b2bmarkt.gr/img/prd/o/73912/-6.jpg,6,- снимка 7,Детски продукт 0612721
mc-0612721,https://www.b2bmarkt.gr/img/prd/o/73912/-7.jpg,7,- снимка 8,Детски продукт 0612721
mc-0612721,https://www.b2bmarkt.gr/img/prd/o/73912/-8.jpg,8,- снимка 9,Детски продукт 0612721
mc-0612721,https://www.b2bmarkt.gr/img/prd/o/73912/-9.jpg,9,- снимка 10,Детски продукт 0612721
mc-0612853,https://www.b2bmarkt.gr/img/prd/o/73914/-1.jpg,1,- снимка 1,Детски продукт 0612853
mc-0612853,https://www.b2bmarkt.gr/img/prd/o/73914/-2.jpg,2,- снимка 3,Детски продукт 0612853
mc-0612853,https://www.b2bmarkt.gr/img/prd/o/73914/-3.jpg,3,- снимка 4,Детски продукт 0612853
mc-0612853,https://www.b2bmarkt.gr/img/prd/o/73914/-4.jpg,4,- снимка 5,Детски продукт 0612853
mc-0612853,https://www.b2bmarkt.gr/img/prd/o/73914/-5.jpg,5,- снимка 6,Детски продукт 0612853
mc-0612853,https://www.b2bmarkt.gr/img/prd/o/73914/-6.jpg,6,- снимка 7,Детски продукт 0612853
mc-0612853,https://www.b2bmarkt.gr/img/prd/o/73914/-7.jpg,7,- снимка 8,Детски продукт 0612853
mc-0612855,https://www.b2bmarkt.gr/img/prd/o/73917/-1.jpg,1,- снимка 1,Детски продукт 0612855
mc-0612855,https://www.b2bmarkt.gr/img/prd/o/73917/-2.jpg,2,- снимка 3,Детски продукт 0612855
mc-0612855,https://www.b2bmarkt.gr/img/prd/o/73917/-3.jpg,3,- снимка 4,Детски продукт 0612855
mc-0612855,https://www.b2bmarkt.gr/img/prd/o/73917/-4.jpg,4,- снимка 5,Детски продукт 0612855
mc-0612855,https://www.b2bmarkt.gr/img/prd/o/73917/-5.jpg,5,- снимка 6,Детски продукт 0612855
mc-0612855,https://www.b2bmarkt.gr/img/prd/o/73917/-6.jpg,6,- снимка 7,Детски продукт 0612855
mc-0612855,https://www.b2bmarkt.gr/img/prd/o/73917/-7.jpg,7,- снимка 8,Детски продукт 0612855
mc-0612855,https://www.b2bmarkt.gr/img/prd/o/73917/-8.jpg,8,- снимка 9,Детски продукт 0612855
mc-0612855,https://www.b2bmarkt.gr/img/prd/o/73917/-9.jpg,9,- снимка 10,Детски продукт 0612855
mc-0612856,https://www.b2bmarkt.gr/img/prd/o/73918/-1.jpg,1,- снимка 1,Детски продукт 0612856
mc-0612856,https://www.b2bmarkt.gr/img/prd/o/73918/-2.jpg,2,- снимка 3,Детски продукт 0612856
mc-0612856,https://www.b2bmarkt.gr/img/prd/o/73918/-3.jpg,3,- снимка 4,Детски продукт 0612856
mc-0612856,https://www.b2bmarkt.gr/img/prd/o/73918/-4.jpg,4,- снимка 5,Детски продукт 0612856
mc-0612856,https://www.b2bmarkt.gr/img/prd/o/73918/-5.jpg,5,- снимка 6,Детски продукт 0612856
mc-0612856,https://www.b2bmarkt.gr/img/prd/o/73918/-6.jpg,6,- снимка 7,Детски продукт 0612856
mc-0612857,https://www.b2bmarkt.gr/img/prd/o/73919/-1.jpg,1,- снимка 1,Детски продукт 0612857
mc-0612857,https://www.b2bmarkt.gr/img/prd/o/73919/-2.jpg,2,- снимка 3,Детски продукт 0612857
mc-0612857,https://www.b2bmarkt.gr/img/prd/o/73919/-3.jpg,3,- снимка 4,Детски продукт 0612857
mc-0612857,https://www.b2bmarkt.gr/img/prd/o/73919/-4.jpg,4,- снимка 5,Детски продукт 0612857
mc-0612857,https://www.b2bmarkt.gr/img/prd/o/73919/-5.jpg,5,- снимка 6,Детски продукт 0612857
mc-0612857,https://www.b2bmarkt.gr/img/prd/o/73919/-6.jpg,6,- снимка 7,Детски продукт 0612857
mc-0612857,https://www.b2bmarkt.gr/img/prd/o/73919/-7.jpg,7,- снимка 8,Детски продукт 0612857
mc-0612857,https://www.b2bmarkt.gr/img/prd/o/73919/-8.jpg,8,- снимка 9,Детски продукт 0612857
mc-0612857,https://www.b2bmarkt.gr/img/prd/o/73919/-9.jpg,9,- снимка 10,Детски продукт 0612857
mc-0612858,https://www.b2bmarkt.gr/img/prd/o/73920/-1.jpg,1,- снимка 1,Детски продукт 0612858
mc-0612858,https://www.b2bmarkt.gr/img/prd/o/73920/-2.jpg,2,- снимка 3,Детски продукт 0612858
mc-0612858,https://www.b2bmarkt.gr/img/prd/o/73920/-3.jpg,3,- снимка 4,Детски продукт 0612858
mc-0612858,https://www.b2bmarkt.gr/img/prd/o/73920/-4.jpg,4,- снимка 5,Детски продукт 0612858
mc-0612858,https://www.b2bmarkt.gr/img/prd/o/73920/-5.jpg,5,- снимка 6,Детски продукт 0612858
mc-0612858,https://www.b2bmarkt.gr/img/prd/o/73920/-6.jpg,6,- снимка 7,Детски продукт 0612858
mc-0612858,https://www.b2bmarkt.gr/img/prd/o/73920/-7.jpg,7,- снимка 8,Детски продукт 0612858
mc-0612858,https://www.b2bmarkt.gr/img/prd/o/73920/-8.jpg,8,- снимка 9,Детски продукт 0612858
mc-0612858,https://www.b2bmarkt.gr/img/prd/o/73920/-9.jpg,9,- снимка 10,Детски продукт 0612858
mc-0612859,https://www.b2bmarkt.gr/img/prd/o/73921/-1.jpg,1,- снимка 1,Детски продукт 0612859
mc-0612859,https://www.b2bmarkt.gr/img/prd/o/73921/-2.jpg,2,- снимка 3,Детски продукт 0612859
mc-0612859,https://www.b2bmarkt.gr/img/prd/o/73921/-3.jpg,3,- снимка 4,Детски продукт 0612859
mc-0612859,https://www.b2bmarkt.gr/img/prd/o/73921/-4.jpg,4,- снимка 5,Детски продукт 0612859
mc-0612859,https://www.b2bmarkt.gr/img/prd/o/73921/-5.jpg,5,- снимка 6,Детски продукт 0612859
mc-0612859,https://www.b2bmarkt.gr/img/prd/o/73921/-6.jpg,6,- снимка 7,Детски продукт 0612859
mc-0612859,https://www.b2bmarkt.gr/img/prd/o/73921/-7.jpg,7,- снимка 8,Детски продукт 0612859
mc-0612859,https://www.b2bmarkt.gr/img/prd/o/73921/-8.jpg,8,- снимка 9,Детски продукт 0612859
mc-0612859,https://www.b2bmarkt.gr/img/prd/o/73921/-9.jpg,9,- снимка 10,Детски продукт 0612859
mc-0612860,https://www.b2bmarkt.gr/img/prd/o/73922/-1.jpg,1,- снимка 1,Детски продукт 0612860
mc-0612860,https://www.b2bmarkt.gr/img/prd/o/73922/-2.jpg,2,- снимка 3,Детски продукт 0612860
mc-0612860,https://www.b2bmarkt.gr/img/prd/o/73922/-3.jpg,3,- снимка 4,Детски продукт 0612860
mc-0612860,https://www.b2bmarkt.gr/img/prd/o/73922/-4.jpg,4,- снимка 5,Детски продукт 0612860
mc-0612860,https://www.b2bmarkt.gr/img/prd/o/73922/-5.jpg,5,- снимка 6,Детски продукт 0612860
mc-0612860,https://www.b2bmarkt.gr/img/prd/o/73922/-6.jpg,6,- снимка 7,Детски продукт 0612860
mc-0612860,https://www.b2bmarkt.gr/img/prd/o/73922/-7.jpg,7,- снимка 8,Детски продукт 0612860
mc-0612860,https://www.b2bmarkt.gr/img/prd/o/73922/-8.jpg,8,- снимка 9,Детски продукт 0612860
mc-0612860,https://www.b2bmarkt.gr/img/prd/o/73922/-9.jpg,9,- снимка 10,Детски продукт 0612860
mc-0612861,https://www.b2bmarkt.gr/img/prd/o/73923/-1.jpg,1,- снимка 1,Детски продукт 0612861
mc-0612861,https://www.b2bmarkt.gr/img/prd/o/73923/-2.jpg,2,- снимка 3,Детски продукт 0612861
mc-0612861,https://www.b2bmarkt.gr/img/prd/o/73923/-3.jpg,3,- снимка 4,Детски продукт 0612861
mc-0612861,https://www.b2bmarkt.gr/img/prd/o/73923/-4.jpg,4,- снимка 5,Детски продукт 0612861
mc-0612861,https://www.b2bmarkt.gr/img/prd/o/73923/-5.jpg,5,- снимка 6,Детски продукт 0612861
mc-0612861,https://www.b2bmarkt.gr/img/prd/o/73923/-6.jpg,6,- снимка 7,Детски продукт 0612861
mc-0612861,https://www.b2bmarkt.gr/img/prd/o/73923/-7.jpg,7,- снимка 8,Детски продукт 0612861
mc-0612861,https://www.b2bmarkt.gr/img/prd/o/73923/-8.jpg,8,- снимка 9,Детски продукт 0612861
mc-0612861,https://www.b2bmarkt.gr/img/prd/o/73923/-9.jpg,9,- снимка 10,Детски продукт 0612861
mc-0612862,https://www.b2bmarkt.gr/img/prd/o/73924/-1.jpg,1,- снимка 1,Детски продукт 0612862
mc-0612862,https://www.b2bmarkt.gr/img/prd/o/73924/-2.jpg,2,- снимка 3,Детски продукт 0612862
mc-0612862,https://www.b2bmarkt.gr/img/prd/o/73924/-3.jpg,3,- снимка 4,Детски продукт 0612862
mc-0612862,https://www.b2bmarkt.gr/img/prd/o/73924/-4.jpg,4,- снимка 5,Детски продукт 0612862
mc-0612862,https://www.b2bmarkt.gr/img/prd/o/73924/-5.jpg,5,- снимка 6,Детски продукт 0612862
mc-0612862,https://www.b2bmarkt.gr/img/prd/o/73924/-6.jpg,6,- снимка 7,Детски продукт 0612862
mc-0612862,https://www.b2bmarkt.gr/img/prd/o/73924/-7.jpg,7,- снимка 8,Детски продукт 0612862
mc-0612862,https://www.b2bmarkt.gr/img/prd/o/73924/-8.jpg,8,- снимка 9,Детски продукт 0612862
mc-0612862,https://www.b2bmarkt.gr/img/prd/o/73924/-9.jpg,9,- снимка 10,Детски продукт 0612862
mc-0612863,https://www.b2bmarkt.gr/img/prd/o/73925/-1.jpg,1,- снимка 1,Детски продукт 0612863
mc-0612863,https://www.b2bmarkt.gr/img/prd/o/73925/-2.jpg,2,- снимка 3,Детски продукт 0612863
mc-0612863,https://www.b2bmarkt.gr/img/prd/o/73925/-3.jpg,3,- снимка 4,Детски продукт 0612863
mc-0612863,https://www.b2bmarkt.gr/img/prd/o/73925/-4.jpg,4,- снимка 5,Детски продукт 0612863
mc-0612863,https://www.b2bmarkt.gr/img/prd/o/73925/-5.jpg,5,- снимка 6,Детски продукт 0612863
mc-0612863,https://www.b2bmarkt.gr/img/prd/o/73925/-6.jpg,6,- снимка 7,Детски продукт 0612863
mc-0612863,https://www.b2bmarkt.gr/img/prd/o/73925/-7.jpg,7,- снимка 8,Детски продукт 0612863
mc-0612863,https://www.b2bmarkt.gr/img/prd/o/73925/-8.jpg,8,- снимка 9,Детски продукт 0612863
mc-0612863,https://www.b2bmarkt.gr/img/prd/o/73925/-9.jpg,9,- снимка 10,Детски продукт 0612863
mc-0612864,https://www.b2bmarkt.gr/img/prd/o/73926/-1.jpg,1,- снимка 1,Детски продукт 0612864
mc-0612864,https://www.b2bmarkt.gr/img/prd/o/73926/-2.jpg,2,- снимка 3,Детски продукт 0612864
mc-0612864,https://www.b2bmarkt.gr/img/prd/o/73926/-3.jpg,3,- снимка 4,Детски продукт 0612864
mc-0612864,https://www.b2bmarkt.gr/img/prd/o/73926/-4.jpg,4,- снимка 5,Детски продукт 0612864
mc-0612864,https://www.b2bmarkt.gr/img/prd/o/73926/-5.jpg,5,- снимка 6,Детски продукт 0612864
mc-0612864,https://www.b2bmarkt.gr/img/prd/o/73926/-6.jpg,6,- снимка 7,Детски продукт 0612864
mc-0612864,https://www.b2bmarkt.gr/img/prd/o/73926/-7.jpg,7,- снимка 8,Детски продукт 0612864
mc-0612864,https://www.b2bmarkt.gr/img/prd/o/73926/-8.jpg,8,- снимка 9,Детски продукт 0612864
mc-0612864,https://www.b2bmarkt.gr/img/prd/o/73926/-9.jpg,9,- снимка 10,Детски продукт 0612864
mc-0612865,https://www.b2bmarkt.gr/img/prd/o/73927/-1.jpg,1,- снимка 1,Детски продукт 0612865
mc-0612865,https://www.b2bmarkt.gr/img/prd/o/73927/-2.jpg,2,- снимка 3,Детски продукт 0612865
mc-9996834,https://www.b2bmarkt.gr/img/prd/o/73928/-1.jpg,1,- снимка 1,Детски продукт 9996834
mc-9996834,https://www.b2bmarkt.gr/img/prd/o/73928/-2.jpg,2,- снимка 3,Детски продукт 9996834
mc-9996834,https://www.b2bmarkt.gr/img/prd/o/73928/-3.jpg,3,- снимка 4,Детски продукт 9996834
mc-9996834,https://www.b2bmarkt.gr/img/prd/o/73928/-4.jpg,4,- снимка 5,Детски продукт 9996834
mc-9996834,https://www.b2bmarkt.gr/img/prd/o/73928/-5.jpg,5,- снимка 6,Детски продукт 9996834
mc-9996834,https://www.b2bmarkt.gr/img/prd/o/73928/-6.jpg,6,- снимка 7,Детски продукт 9996834
mc-9996834,https://www.b2bmarkt.gr/img/prd/o/73928/-7.jpg,7,- снимка 8,Детски продукт 9996834
mc-9996834,https://www.b2bmarkt.gr/img/prd/o/73928/-8.jpg,8,- снимка 9,Детски продукт 9996834
mc-9996834,https://www.b2bmarkt.gr/img/prd/o/73928/-9.jpg,9,- снимка 10,Детски продукт 9996834
mc-0612890,https://www.b2bmarkt.gr/img/prd/o/73929/-1.jpg,1,- снимка 1,Детски продукт 0612890
mc-0612890,https://www.b2bmarkt.gr/img/prd/o/73929/-2.jpg,2,- снимка 3,Детски продукт 0612890
mc-0612890,https://www.b2bmarkt.gr/img/prd/o/73929/-3.jpg,3,- снимка 4,Детски продукт 0612890
mc-0612890,https://www.b2bmarkt.gr/img/prd/o/73929/-4.jpg,4,- снимка 5,Детски продукт 0612890
mc-0612890,https://www.b2bmarkt.gr/img/prd/o/73929/-5.jpg,5,- снимка 6,Детски продукт 0612890
mc-0612890,https://www.b2bmarkt.gr/img/prd/o/73929/-6.jpg,6,- снимка 7,Детски продукт 0612890
mc-0612890,https://www.b2bmarkt.gr/img/prd/o/73929/-7.jpg,7,- снимка 8,Детски продукт 0612890
mc-0612890,https://www.b2bmarkt.gr/img/prd/o/73929/-8.jpg,8,- снимка 9,Детски продукт 0612890
mc-0612890,https://www.b2bmarkt.gr/img/prd/o/73929/-9.jpg,9,- снимка 10,Детски продукт 0612890
mc-0612891,https://www.b2bmarkt.gr/img/prd/o/73930/-1.jpg,1,- снимка 1,Детски продукт 0612891
mc-0612891,https://www.b2bmarkt.gr/img/prd/o/73930/-2.jpg,2,- снимка 3,Детски продукт 0612891
mc-0612891,https://www.b2bmarkt.gr/img/prd/o/73930/-3.jpg,3,- снимка 4,Детски продукт 0612891
mc-0612891,https://www.b2bmarkt.gr/img/prd/o/73930/-4.jpg,4,- снимка 5,Детски продукт 0612891
mc-0612891,https://www.b2bmarkt.gr/img/prd/o/73930/-5.jpg,5,- снимка 6,Детски продукт 0612891
mc-0612891,https://www.b2bmarkt.gr/img/prd/o/73930/-6.jpg,6,- снимка 7,Детски продукт 0612891
mc-0612891,https://www.b2bmarkt.gr/img/prd/o/73930/-7.jpg,7,- снимка 8,Детски продукт 0612891
mc-0612891,https://www.b2bmarkt.gr/img/prd/o/73930/-8.jpg,8,- снимка 9,Детски продукт 0612891
mc-0612891,https://www.b2bmarkt.gr/img/prd/o/73930/-9.jpg,9,- снимка 10,Детски продукт 0612891
mc-0525835,https://www.b2bmarkt.gr/img/prd/o/73938/-1.jpg,1,- снимка 1,Детски продукт 0525835
mc-0525835,https://www.b2bmarkt.gr/img/prd/o/73938/-2.jpg,2,- снимка 3,Детски продукт 0525835
mc-0525835,https://www.b2bmarkt.gr/img/prd/o/73938/-3.jpg,3,- снимка 4,Детски продукт 0525835
mc-0525835,https://www.b2bmarkt.gr/img/prd/o/73938/-4.jpg,4,- снимка 5,Детски продукт 0525835
mc-0525835,https://www.b2bmarkt.gr/img/prd/o/73938/-5.jpg,5,- снимка 6,Детски продукт 0525835
mc-0525835,https://www.b2bmarkt.gr/img/prd/o/73938/-6.jpg,6,- снимка 7,Детски продукт 0525835
mc-0525835,https://www.b2bmarkt.gr/img/prd/o/73938/-7.jpg,7,- снимка 8,Детски продукт 0525835
mc-0525835,https://www.b2bmarkt.gr/img/prd/o/73938/-8.jpg,8,- снимка 9,Детски продукт 0525835
mc-0525836,https://www.b2bmarkt.gr/img/prd/o/73939/-1.jpg,1,- снимка 1,Детски продукт 0525836
mc-0525836,https://www.b2bmarkt.gr/img/prd/o/73939/-2.jpg,2,- снимка 3,Детски продукт 0525836
mc-0525836,https://www.b2bmarkt.gr/img/prd/o/73939/-3.jpg,3,- снимка 4,Детски продукт 0525836
mc-0525836,https://www.b2bmarkt.gr/img/prd/o/73939/-4.jpg,4,- снимка 5,Детски продукт 0525836
mc-0525836,https://www.b2bmarkt.gr/img/prd/o/73939/-5.jpg,5,- снимка 6,Детски продукт 0525836
mc-0525836,https://www.b2bmarkt.gr/img/prd/o/73939/-6.jpg,6,- снимка 7,Детски продукт 0525836
mc-0525836,https://www.b2bmarkt.gr/img/prd/o/73939/-7.jpg,7,- снимка 8,Детски продукт 0525836
mc-0525836,https://www.b2bmarkt.gr/img/prd/o/73939/-8.jpg,8,- снимка 9,Детски продукт 0525836
mc-0525837,https://www.b2bmarkt.gr/img/prd/o/73940/-1.jpg,1,- снимка 1,Детски продукт 0525837
mc-0525837,https://www.b2bmarkt.gr/img/prd/o/73940/-2.jpg,2,- снимка 3,Детски продукт 0525837
mc-0525837,https://www.b2bmarkt.gr/img/prd/o/73940/-3.jpg,3,- снимка 4,Детски продукт 0525837
mc-0525837,https://www.b2bmarkt.gr/img/prd/o/73940/-4.jpg,4,- снимка 5,Детски продукт 0525837
mc-0525837,https://www.b2bmarkt.gr/img/prd/o/73940/-5.jpg,5,- снимка 6,Детски продукт 0525837
mc-0525837,https://www.b2bmarkt.gr/img/prd/o/73940/-6.jpg,6,- снимка 7,Детски продукт 0525837
mc-0525837,https://www.b2bmarkt.gr/img/prd/o/73940/-7.jpg,7,- снимка 8,Детски продукт 0525837
mc-0525837,https://www.b2bmarkt.gr/img/prd/o/73940/-8.jpg,8,- снимка 9,Детски продукт 0525837
mc-0525837,https://www.b2bmarkt.gr/img/prd/o/73940/-9.jpg,9,- снимка 10,Детски продукт 0525837
mc-0525838,https://www.b2bmarkt.gr/img/prd/o/73941/-1.jpg,1,- снимка 1,Детски продукт 0525838
mc-0525838,https://www.b2bmarkt.gr/img/prd/o/73941/-2.jpg,2,- снимка 3,Детски продукт 0525838
mc-0525838,https://www.b2bmarkt.gr/img/prd/o/73941/-3.jpg,3,- снимка 4,Детски продукт 0525838
mc-0525838,https://www.b2bmarkt.gr/img/prd/o/73941/-4.jpg,4,- снимка 5,Детски продукт 0525838
mc-0525838,https://www.b2bmarkt.gr/img/prd/o/73941/-5.jpg,5,- снимка 6,Детски продукт 0525838
mc-0525838,https://www.b2bmarkt.gr/img/prd/o/73941/-6.jpg,6,- снимка 7,Детски продукт 0525838
mc-0525838,https://www.b2bmarkt.gr/img/prd/o/73941/-7.jpg,7,- снимка 8,Детски продукт 0525838
mc-0525838,https://www.b2bmarkt.gr/img/prd/o/73941/-8.jpg,8,- снимка 9,Детски продукт 0525838
mc-0525838,https://www.b2bmarkt.gr/img/prd/o/73941/-9.jpg,9,- снимка 10,Детски продукт 0525838
mc-0615302,https://www.b2bmarkt.gr/img/prd/o/73969/-1.jpg,1,- снимка 1,Детски продукт 0615302
mc-0615302,https://www.b2bmarkt.gr/img/prd/o/73969/-2.jpg,2,- снимка 3,Детски продукт 0615302
mc-0615302,https://www.b2bmarkt.gr/img/prd/o/73969/-3.jpg,3,- снимка 4,Детски продукт 0615302
mc-0615302,https://www.b2bmarkt.gr/img/prd/o/73969/-4.jpg,4,- снимка 5,Детски продукт 0615302
mc-0615302,https://www.b2bmarkt.gr/img/prd/o/73969/-5.jpg,5,- снимка 6,Детски продукт 0615302
mc-0615302,https://www.b2bmarkt.gr/img/prd/o/73969/-6.jpg,6,- снимка 7,Детски продукт 0615302
mc-0615302,https://www.b2bmarkt.gr/img/prd/o/73969/-7.jpg,7,- снимка 8,Детски продукт 0615302
mc-0615302,https://www.b2bmarkt.gr/img/prd/o/73969/-8.jpg,8,- снимка 9,Детски продукт 0615302
mc-0615304,https://www.b2bmarkt.gr/img/prd/o/73971/-1.jpg,1,- снимка 1,Детски продукт 0615304
mc-0615304,https://www.b2bmarkt.gr/img/prd/o/73971/-2.jpg,2,- снимка 3,Детски продукт 0615304
mc-0615304,https://www.b2bmarkt.gr/img/prd/o/73971/-3.jpg,3,- снимка 4,Детски продукт 0615304
mc-0615304,https://www.b2bmarkt.gr/img/prd/o/73971/-4.jpg,4,- снимка 5,Детски продукт 0615304
mc-0615304,https://www.b2bmarkt.gr/img/prd/o/73971/-5.jpg,5,- снимка 6,Детски продукт 0615304
mc-0615304,https://www.b2bmarkt.gr/img/prd/o/73971/-6.jpg,6,- снимка 7,Детски продукт 0615304
mc-0615304,https://www.b2bmarkt.gr/img/prd/o/73971/-7.jpg,7,- снимка 8,Детски продукт 0615304
mc-0615304,https://www.b2bmarkt.gr/img/prd/o/73971/-8.jpg,8,- снимка 9,Детски продукт 0615304
mc-0615304,https://www.b2bmarkt.gr/img/prd/o/73971/-9.jpg,9,- снимка 10,Детски продукт 0615304
mc-0615305,https://www.b2bmarkt.gr/img/prd/o/73972/-1.jpg,1,- снимка 1,Детски продукт 0615305
mc-0615305,https://www.b2bmarkt.gr/img/prd/o/73972/-2.jpg,2,- снимка 3,Детски продукт 0615305
mc-0615305,https://www.b2bmarkt.gr/img/prd/o/73972/-3.jpg,3,- снимка 4,Детски продукт 0615305
mc-0615305,https://www.b2bmarkt.gr/img/prd/o/73972/-4.jpg,4,- снимка 5,Детски продукт 0615305
mc-0615305,https://www.b2bmarkt.gr/img/prd/o/73972/-5.jpg,5,- снимка 6,Детски продукт 0615305
mc-0615305,https://www.b2bmarkt.gr/img/prd/o/73972/-6.jpg,6,- снимка 7,Детски продукт 0615305
mc-0615305,https://www.b2bmarkt.gr/img/prd/o/73972/-7.jpg,7,- снимка 8,Детски продукт 0615305
mc-0615305,https://www.b2bmarkt.gr/img/prd/o/73972/-8.jpg,8,- снимка 9,Детски продукт 0615305
mc-0615305,https://www.b2bmarkt.gr/img/prd/o/73972/-9.jpg,9,- снимка 10,Детски продукт 0615305
mc-0615306,https://www.b2bmarkt.gr/img/prd/o/74314/-1.jpg,1,- снимка 1,Детски продукт 0615306
mc-0615306,https://www.b2bmarkt.gr/img/prd/o/74314/-2.jpg,2,- снимка 3,Детски продукт 0615306
mc-0615306,https://www.b2bmarkt.gr/img/prd/o/74314/-3.jpg,3,- снимка 4,Детски продукт 0615306
mc-0615306,https://www.b2bmarkt.gr/img/prd/o/74314/-4.jpg,4,- снимка 5,Детски продукт 0615306
mc-0615306,https://www.b2bmarkt.gr/img/prd/o/74314/-5.jpg,5,- снимка 6,Детски продукт 0615306
mc-0615306,https://www.b2bmarkt.gr/img/prd/o/74314/-6.jpg,6,- снимка 7,Детски продукт 0615306
mc-0615306,https://www.b2bmarkt.gr/img/prd/o/74314/-7.jpg,7,- снимка 8,Детски продукт 0615306
mc-0615306,https://www.b2bmarkt.gr/img/prd/o/74314/-8.jpg,8,- снимка 9,Детски продукт 0615306
mc-0615307,https://www.b2bmarkt.gr/img/prd/o/74315/-1.jpg,1,- снимка 1,Детски продукт 0615307
mc-0615307,https://www.b2bmarkt.gr/img/prd/o/74315/-2.jpg,2,- снимка 3,Детски продукт 0615307
mc-0615307,https://www.b2bmarkt.gr/img/prd/o/74315/-3.jpg,3,- снимка 4,Детски продукт 0615307
mc-0615307,https://www.b2bmarkt.gr/img/prd/o/74315/-4.jpg,4,- снимка 5,Детски продукт 0615307
mc-0615307,https://www.b2bmarkt.gr/img/prd/o/74315/-5.jpg,5,- снимка 6,Детски продукт 0615307
mc-0615307,https://www.b2bmarkt.gr/img/prd/o/74315/-6.jpg,6,- снимка 7,Детски продукт 0615307
mc-0615307,https://www.b2bmarkt.gr/img/prd/o/74315/-7.jpg,7,- снимка 8,Детски продукт 0615307
mc-0615307,https://www.b2bmarkt.gr/img/prd/o/74315/-8.jpg,8,- снимка 9,Детски продукт 0615307
mc-0612664,https://www.b2bmarkt.gr/img/prd/o/74321/-1.jpg,1,- снимка 1,Детски продукт 0612664
mc-0612664,https://www.b2bmarkt.gr/img/prd/o/74321/-2.jpg,2,- снимка 3,Детски продукт 0612664
mc-0612664,https://www.b2bmarkt.gr/img/prd/o/74321/-3.jpg,3,- снимка 4,Детски продукт 0612664
mc-0612664,https://www.b2bmarkt.gr/img/prd/o/74321/-4.jpg,4,- снимка 5,Детски продукт 0612664
mc-0612664,https://www.b2bmarkt.gr/img/prd/o/74321/-5.jpg,5,- снимка 6,Детски продукт 0612664
mc-0612664,https://www.b2bmarkt.gr/img/prd/o/74321/-6.jpg,6,- снимка 7,Детски продукт 0612664
mc-0612664,https://www.b2bmarkt.gr/img/prd/o/74321/-7.jpg,7,- снимка 8,Детски продукт 0612664
mc-0612664,https://www.b2bmarkt.gr/img/prd/o/74321/-8.jpg,8,- снимка 9,Детски продукт 0612664
mc-0612664,https://www.b2bmarkt.gr/img/prd/o/74321/-9.jpg,9,- снимка 10,Детски продукт 0612664
mc-0612671,https://www.b2bmarkt.gr/img/prd/o/74322/-1.jpg,1,- снимка 1,Детски продукт 0612671
mc-0612671,https://www.b2bmarkt.gr/img/prd/o/74322/-2.jpg,2,- снимка 3,Детски продукт 0612671
mc-0612671,https://www.b2bmarkt.gr/img/prd/o/74322/-3.jpg,3,- снимка 4,Детски продукт 0612671
mc-0612671,https://www.b2bmarkt.gr/img/prd/o/74322/-4.jpg,4,- снимка 5,Детски продукт 0612671
mc-0612671,https://www.b2bmarkt.gr/img/prd/o/74322/-5.jpg,5,- снимка 6,Детски продукт 0612671
mc-0612671,https://www.b2bmarkt.gr/img/prd/o/74322/-6.jpg,6,- снимка 7,Детски продукт 0612671
mc-0612671,https://www.b2bmarkt.gr/img/prd/o/74322/-7.jpg,7,- снимка 8,Детски продукт 0612671
mc-0612671,https://www.b2bmarkt.gr/img/prd/o/74322/-8.jpg,8,- снимка 9,Детски продукт 0612671
mc-0612671,https://www.b2bmarkt.gr/img/prd/o/74322/-9.jpg,9,- снимка 10,Детски продукт 0612671
mc-0612667,https://www.b2bmarkt.gr/img/prd/o/74323/-1.jpg,1,- снимка 1,Детски продукт 0612667
mc-0612667,https://www.b2bmarkt.gr/img/prd/o/74323/-2.jpg,2,- снимка 3,Детски продукт 0612667
mc-0612667,https://www.b2bmarkt.gr/img/prd/o/74323/-3.jpg,3,- снимка 4,Детски продукт 0612667
mc-0612667,https://www.b2bmarkt.gr/img/prd/o/74323/-4.jpg,4,- снимка 5,Детски продукт 0612667
mc-0612667,https://www.b2bmarkt.gr/img/prd/o/74323/-5.jpg,5,- снимка 6,Детски продукт 0612667
mc-0612667,https://www.b2bmarkt.gr/img/prd/o/74323/-6.jpg,6,- снимка 7,Детски продукт 0612667
mc-0612667,https://www.b2bmarkt.gr/img/prd/o/74323/-7.jpg,7,- снимка 8,Детски продукт 0612667
mc-0612667,https://www.b2bmarkt.gr/img/prd/o/74323/-8.jpg,8,- снимка 9,Детски продукт 0612667
mc-0525842,https://www.b2bmarkt.gr/img/prd/o/74510/-1.jpg,1,- снимка 1,Детски продукт 0525842
mc-0525842,https://www.b2bmarkt.gr/img/prd/o/74510/-2.jpg,2,- снимка 3,Детски продукт 0525842
mc-0525842,https://www.b2bmarkt.gr/img/prd/o/74510/-3.jpg,3,- снимка 4,Детски продукт 0525842
mc-0525842,https://www.b2bmarkt.gr/img/prd/o/74510/-4.jpg,4,- снимка 5,Детски продукт 0525842
mc-0525842,https://www.b2bmarkt.gr/img/prd/o/74510/-5.jpg,5,- снимка 6,Детски продукт 0525842
mc-0525842,https://www.b2bmarkt.gr/img/prd/o/74510/-6.jpg,6,- снимка 7,Детски продукт 0525842
mc-0525842,https://www.b2bmarkt.gr/img/prd/o/74510/-7.jpg,7,- снимка 8,Детски продукт 0525842
mc-0525842,https://www.b2bmarkt.gr/img/prd/o/74510/-8.jpg,8,- снимка 9,Детски продукт 0525842
mc-9996930,https://www.b2bmarkt.gr/img/prd/o/74666/-1.jpg,1,- снимка 1,Детски продукт 9996930
mc-9996930,https://www.b2bmarkt.gr/img/prd/o/74666/-2.jpg,2,- снимка 3,Детски продукт 9996930
mc-9996930,https://www.b2bmarkt.gr/img/prd/o/74666/-3.jpg,3,- снимка 4,Детски продукт 9996930
mc-9996930,https://www.b2bmarkt.gr/img/prd/o/74666/-4.jpg,4,- снимка 5,Детски продукт 9996930
mc-9996930,https://www.b2bmarkt.gr/img/prd/o/74666/-5.jpg,5,- снимка 6,Детски продукт 9996930
mc-9996930,https://www.b2bmarkt.gr/img/prd/o/74666/-6.jpg,6,- снимка 7,Детски продукт 9996930
mc-9996930,https://www.b2bmarkt.gr/img/prd/o/74666/-7.jpg,7,- снимка 8,Детски продукт 9996930
mc-9996930,https://www.b2bmarkt.gr/img/prd/o/74666/-8.jpg,8,- снимка 9,Детски продукт 9996930
mc-9996930,https://www.b2bmarkt.gr/img/prd/o/74666/-9.jpg,9,- снимка 10,Детски продукт 9996930
mc-9996931,https://www.b2bmarkt.gr/img/prd/o/74685/-1.jpg,1,- снимка 1,Детски продукт 9996931
mc-9996931,https://www.b2bmarkt.gr/img/prd/o/74685/-2.jpg,2,- снимка 3,Детски продукт 9996931
mc-9996931,https://www.b2bmarkt.gr/img/prd/o/74685/-3.jpg,3,- снимка 4,Детски продукт 9996931
mc-9996931,https://www.b2bmarkt.gr/img/prd/o/74685/-4.jpg,4,- снимка 5,Детски продукт 9996931
mc-9996931,https://www.b2bmarkt.gr/img/prd/o/74685/-5.jpg,5,- снимка 6,Детски продукт 9996931
mc-9996931,https://www.b2bmarkt.gr/img/prd/o/74685/-6.jpg,6,- снимка 7,Детски продукт 9996931
mc-9996931,https://www.b2bmarkt.gr/img/prd/o/74685/-7.jpg,7,- снимка 8,Детски продукт 9996931
mc-9996931,https://www.b2bmarkt.gr/img/prd/o/74685/-8.jpg,8,- снимка 9,Детски продукт 9996931
mc-9996931,https://www.b2bmarkt.gr/img/prd/o/74685/-9.jpg,9,- снимка 10,Детски продукт 9996931
mc-9996932,https://www.b2bmarkt.gr/img/prd/o/74687/-1.jpg,1,- снимка 1,Детски продукт 9996932
mc-9996932,https://www.b2bmarkt.gr/img/prd/o/74687/-2.jpg,2,- снимка 3,Детски продукт 9996932
mc-9996932,https://www.b2bmarkt.gr/img/prd/o/74687/-3.jpg,3,- снимка 4,Детски продукт 9996932
mc-9996932,https://www.b2bmarkt.gr/img/prd/o/74687/-4.jpg,4,- снимка 5,Детски продукт 9996932
mc-9996932,https://www.b2bmarkt.gr/img/prd/o/74687/-5.jpg,5,- снимка 6,Детски продукт 9996932
mc-9996932,https://www.b2bmarkt.gr/img/prd/o/74687/-6.jpg,6,- снимка 7,Детски продукт 9996932
mc-9996932,https://www.b2bmarkt.gr/img/prd/o/74687/-7.jpg,7,- снимка 8,Детски продукт 9996932
mc-9996932,https://www.b2bmarkt.gr/img/prd/o/74687/-8.jpg,8,- снимка 9,Детски продукт 9996932
mc-9996932,https://www.b2bmarkt.gr/img/prd/o/74687/-9.jpg,9,- снимка 10,Детски продукт 9996932
mc-9996933,https://www.b2bmarkt.gr/img/prd/o/74695/-1.jpg,1,- снимка 1,Детски продукт 9996933
mc-9996933,https://www.b2bmarkt.gr/img/prd/o/74695/-2.jpg,2,- снимка 3,Детски продукт 9996933
mc-9996933,https://www.b2bmarkt.gr/img/prd/o/74695/-3.jpg,3,- снимка 4,Детски продукт 9996933
mc-9996933,https://www.b2bmarkt.gr/img/prd/o/74695/-4.jpg,4,- снимка 5,Детски продукт 9996933
mc-9996933,https://www.b2bmarkt.gr/img/prd/o/74695/-5.jpg,5,- снимка 6,Детски продукт 9996933
mc-9996933,https://www.b2bmarkt.gr/img/prd/o/74695/-6.jpg,6,- снимка 7,Детски продукт 9996933
mc-9996933,https://www.b2bmarkt.gr/img/prd/o/74695/-7.jpg,7,- снимка 8,Детски продукт 9996933
mc-9996933,https://www.b2bmarkt.gr/img/prd/o/74695/-8.jpg,8,- снимка 9,Детски продукт 9996933
mc-9996933,https://www.b2bmarkt.gr/img/prd/o/74695/-9.jpg,9,- снимка 10,Детски продукт 9996933
mc-9996934,https://www.b2bmarkt.gr/img/prd/o/74708/-1.jpg,1,- снимка 1,Детски продукт 9996934
mc-9996934,https://www.b2bmarkt.gr/img/prd/o/74708/-2.jpg,2,- снимка 3,Детски продукт 9996934
mc-9996934,https://www.b2bmarkt.gr/img/prd/o/74708/-3.jpg,3,- снимка 4,Детски продукт 9996934
mc-9996934,https://www.b2bmarkt.gr/img/prd/o/74708/-4.jpg,4,- снимка 5,Детски продукт 9996934
mc-9996934,https://www.b2bmarkt.gr/img/prd/o/74708/-5.jpg,5,- снимка 6,Детски продукт 9996934
mc-9996934,https://www.b2bmarkt.gr/img/prd/o/74708/-6.jpg,6,- снимка 7,Детски продукт 9996934
mc-9996934,https://www.b2bmarkt.gr/img/prd/o/74708/-7.jpg,7,- снимка 8,Детски продукт 9996934
mc-9996934,https://www.b2bmarkt.gr/img/prd/o/74708/-8.jpg,8,- снимка 9,Детски продукт 9996934
mc-9996934,https://www.b2bmarkt.gr/img/prd/o/74708/-9.jpg,9,- снимка 10,Детски продукт 9996934
mc-9996935,https://www.b2bmarkt.gr/img/prd/o/74709/-1.jpg,1,- снимка 1,Детски продукт 9996935
mc-9996935,https://www.b2bmarkt.gr/img/prd/o/74709/-2.jpg,2,- снимка 3,Детски продукт 9996935
mc-9996935,https://www.b2bmarkt.gr/img/prd/o/74709/-3.jpg,3,- снимка 4,Детски продукт 9996935
mc-9996935,https://www.b2bmarkt.gr/img/prd/o/74709/-4.jpg,4,- снимка 5,Детски продукт 9996935
mc-9996935,https://www.b2bmarkt.gr/img/prd/o/74709/-5.jpg,5,- снимка 6,Детски продукт 9996935
mc-9996935,https://www.b2bmarkt.gr/img/prd/o/74709/-6.jpg,6,- снимка 7,Детски продукт 9996935
mc-9996935,https://www.b2bmarkt.gr/img/prd/o/74709/-7.jpg,7,- снимка 8,Детски продукт 9996935
mc-9996935,https://www.b2bmarkt.gr/img/prd/o/74709/-8.jpg,8,- снимка 9,Детски продукт 9996935
mc-9996935,https://www.b2bmarkt.gr/img/prd/o/74709/-9.jpg,9,- снимка 10,Детски продукт 9996935
mc-9996936,https://www.b2bmarkt.gr/img/prd/o/74710/-1.jpg,1,- снимка 1,Детски продукт 9996936
mc-9996936,https://www.b2bmarkt.gr/img/prd/o/74710/-2.jpg,2,- снимка 3,Детски продукт 9996936
mc-9996936,https://www.b2bmarkt.gr/img/prd/o/74710/-3.jpg,3,- снимка 4,Детски продукт 9996936
mc-9996936,https://www.b2bmarkt.gr/img/prd/o/74710/-4.jpg,4,- снимка 5,Детски продукт 9996936
mc-9996936,https://www.b2bmarkt.gr/img/prd/o/74710/-5.jpg,5,- снимка 6,Детски продукт 9996936
mc-9996936,https://www.b2bmarkt.gr/img/prd/o/74710/-6.jpg,6,- снимка 7,Детски продукт 9996936
mc-9996936,https://www.b2bmarkt.gr/img/prd/o/74710/-7.jpg,7,- снимка 8,Детски продукт 9996936
mc-9996936,https://www.b2bmarkt.gr/img/prd/o/74710/-8.jpg,8,- снимка 9,Детски продукт 9996936
mc-9996936,https://www.b2bmarkt.gr/img/prd/o/74710/-9.jpg,9,- снимка 10,Детски продукт 9996936
mc-9996937,https://www.b2bmarkt.gr/img/prd/o/74713/-1.jpg,1,- снимка 1,Детски продукт 9996937
mc-9996937,https://www.b2bmarkt.gr/img/prd/o/74713/-2.jpg,2,- снимка 3,Детски продукт 9996937
mc-9996937,https://www.b2bmarkt.gr/img/prd/o/74713/-3.jpg,3,- снимка 4,Детски продукт 9996937
mc-9996937,https://www.b2bmarkt.gr/img/prd/o/74713/-4.jpg,4,- снимка 5,Детски продукт 9996937
mc-9996937,https://www.b2bmarkt.gr/img/prd/o/74713/-5.jpg,5,- снимка 6,Детски продукт 9996937
mc-9996937,https://www.b2bmarkt.gr/img/prd/o/74713/-6.jpg,6,- снимка 7,Детски продукт 9996937
mc-9996937,https://www.b2bmarkt.gr/img/prd/o/74713/-7.jpg,7,- снимка 8,Детски продукт 9996937
mc-9996937,https://www.b2bmarkt.gr/img/prd/o/74713/-8.jpg,8,- снимка 9,Детски продукт 9996937
mc-9996937,https://www.b2bmarkt.gr/img/prd/o/74713/-9.jpg,9,- снимка 10,Детски продукт 9996937
mc-9996938,https://www.b2bmarkt.gr/img/prd/o/74773/-1.jpg,1,- снимка 1,Детски продукт 9996938
mc-9996938,https://www.b2bmarkt.gr/img/prd/o/74773/-2.jpg,2,- снимка 3,Детски продукт 9996938
mc-9996938,https://www.b2bmarkt.gr/img/prd/o/74773/-3.jpg,3,- снимка 4,Детски продукт 9996938
mc-9996938,https://www.b2bmarkt.gr/img/prd/o/74773/-4.jpg,4,- снимка 5,Детски продукт 9996938
mc-9996938,https://www.b2bmarkt.gr/img/prd/o/74773/-5.jpg,5,- снимка 6,Детски продукт 9996938
mc-9996938,https://www.b2bmarkt.gr/img/prd/o/74773/-6.jpg,6,- снимка 7,Детски продукт 9996938
mc-9996938,https://www.b2bmarkt.gr/img/prd/o/74773/-7.jpg,7,- снимка 8,Детски продукт 9996938
mc-9996938,https://www.b2bmarkt.gr/img/prd/o/74773/-8.jpg,8,- снимка 9,Детски продукт 9996938
mc-9996938,https://www.b2bmarkt.gr/img/prd/o/74773/-9.jpg,9,- снимка 10,Детски продукт 9996938
mc-9996939,https://www.b2bmarkt.gr/img/prd/o/74774/-1.jpg,1,- снимка 1,Детски продукт 9996939
mc-9996939,https://www.b2bmarkt.gr/img/prd/o/74774/-2.jpg,2,- снимка 3,Детски продукт 9996939
mc-9996939,https://www.b2bmarkt.gr/img/prd/o/74774/-3.jpg,3,- снимка 4,Детски продукт 9996939
mc-9996939,https://www.b2bmarkt.gr/img/prd/o/74774/-4.jpg,4,- снимка 5,Детски продукт 9996939
mc-9996939,https://www.b2bmarkt.gr/img/prd/o/74774/-5.jpg,5,- снимка 6,Детски продукт 9996939
mc-9996939,https://www.b2bmarkt.gr/img/prd/o/74774/-6.jpg,6,- снимка 7,Детски продукт 9996939
mc-9996939,https://www.b2bmarkt.gr/img/prd/o/74774/-7.jpg,7,- снимка 8,Детски продукт 9996939
mc-9996939,https://www.b2bmarkt.gr/img/prd/o/74774/-8.jpg,8,- снимка 9,Детски продукт 9996939
mc-9996939,https://www.b2bmarkt.gr/img/prd/o/74774/-9.jpg,9,- снимка 10,Детски продукт 9996939
mc-0612954,https://www.b2bmarkt.gr/img/prd/o/74898/-1.jpg,1,- снимка 1,Детски продукт 0612954
mc-0612954,https://www.b2bmarkt.gr/img/prd/o/74898/-2.jpg,2,- снимка 3,Детски продукт 0612954
mc-0612954,https://www.b2bmarkt.gr/img/prd/o/74898/-3.jpg,3,- снимка 4,Детски продукт 0612954
mc-0612954,https://www.b2bmarkt.gr/img/prd/o/74898/-4.jpg,4,- снимка 5,Детски продукт 0612954
mc-0612954,https://www.b2bmarkt.gr/img/prd/o/74898/-5.jpg,5,- снимка 6,Детски продукт 0612954
mc-0612961,https://www.b2bmarkt.gr/img/prd/o/74977/-1.jpg,1,- снимка 1,Детски продукт 0612961
mc-0612961,https://www.b2bmarkt.gr/img/prd/o/74977/-2.jpg,2,- снимка 3,Детски продукт 0612961
mc-0612961,https://www.b2bmarkt.gr/img/prd/o/74977/-3.jpg,3,- снимка 4,Детски продукт 0612961
mc-0612961,https://www.b2bmarkt.gr/img/prd/o/74977/-4.jpg,4,- снимка 5,Детски продукт 0612961
mc-0612957,https://www.b2bmarkt.gr/img/prd/o/74979/-1.jpg,1,- снимка 1,Детски продукт 0612957
mc-0612957,https://www.b2bmarkt.gr/img/prd/o/74979/-2.jpg,2,- снимка 3,Детски продукт 0612957
mc-0612957,https://www.b2bmarkt.gr/img/prd/o/74979/-3.jpg,3,- снимка 4,Детски продукт 0612957
mc-0612957,https://www.b2bmarkt.gr/img/prd/o/74979/-4.jpg,4,- снимка 5,Детски продукт 0612957
mc-0612960,https://www.b2bmarkt.gr/img/prd/o/74980/-1.jpg,1,- снимка 1,Детски продукт 0612960
mc-0612960,https://www.b2bmarkt.gr/img/prd/o/74980/-2.jpg,2,- снимка 3,Детски продукт 0612960
mc-0612960,https://www.b2bmarkt.gr/img/prd/o/74980/-3.jpg,3,- снимка 4,Детски продукт 0612960
mc-0612960,https://www.b2bmarkt.gr/img/prd/o/74980/-4.jpg,4,- снимка 5,Детски продукт 0612960
mc-0612908,https://www.b2bmarkt.gr/img/prd/o/75083/-1.jpg,1,- снимка 1,Детски продукт 0612908
mc-0612908,https://www.b2bmarkt.gr/img/prd/o/75083/-2.jpg,2,- снимка 3,Детски продукт 0612908
mc-0612908,https://www.b2bmarkt.gr/img/prd/o/75083/-3.jpg,3,- снимка 4,Детски продукт 0612908
mc-0612908,https://www.b2bmarkt.gr/img/prd/o/75083/-4.jpg,4,- снимка 5,Детски продукт 0612908
mc-0612908,https://www.b2bmarkt.gr/img/prd/o/75083/-5.jpg,5,- снимка 6,Детски продукт 0612908
mc-0612907,https://www.b2bmarkt.gr/img/prd/o/75090/-1.jpg,1,- снимка 1,Детски продукт 0612907
mc-0612907,https://www.b2bmarkt.gr/img/prd/o/75090/-2.jpg,2,- снимка 3,Детски продукт 0612907
mc-0612907,https://www.b2bmarkt.gr/img/prd/o/75090/-3.jpg,3,- снимка 4,Детски продукт 0612907
mc-0612907,https://www.b2bmarkt.gr/img/prd/o/75090/-4.jpg,4,- снимка 5,Детски продукт 0612907
mc-0612907,https://www.b2bmarkt.gr/img/prd/o/75090/-5.jpg,5,- снимка 6,Детски продукт 0612907
mc-0612907,https://www.b2bmarkt.gr/img/prd/o/75090/-6.jpg,6,- снимка 7,Детски продукт 0612907
mc-0612937,https://www.b2bmarkt.gr/img/prd/o/75100/-1.jpg,1,- снимка 1,Детски продукт 0612937
mc-0612937,https://www.b2bmarkt.gr/img/prd/o/75100/-2.jpg,2,- снимка 3,Детски продукт 0612937
mc-0612937,https://www.b2bmarkt.gr/img/prd/o/75100/-3.jpg,3,- снимка 4,Детски продукт 0612937
mc-0612937,https://www.b2bmarkt.gr/img/prd/o/75100/-4.jpg,4,- снимка 5,Детски продукт 0612937
mc-0612937,https://www.b2bmarkt.gr/img/prd/o/75100/-5.jpg,5,- снимка 6,Детски продукт 0612937
mc-0612937,https://www.b2bmarkt.gr/img/prd/o/75100/-6.jpg,6,- снимка 7,Детски продукт 0612937
mc-0612903,https://www.b2bmarkt.gr/img/prd/o/75121/-1.jpg,1,- снимка 1,Детски продукт 0612903
mc-0612936,https://www.b2bmarkt.gr/img/prd/o/75135/-1.jpg,1,- снимка 1,Детски продукт 0612936
mc-0612936,https://www.b2bmarkt.gr/img/prd/o/75135/-2.jpg,2,- снимка 3,Детски продукт 0612936
mc-0612936,https://www.b2bmarkt.gr/img/prd/o/75135/-3.jpg,3,- снимка 4,Детски продукт 0612936
mc-0612936,https://www.b2bmarkt.gr/img/prd/o/75135/-4.jpg,4,- снимка 5,Детски продукт 0612936
mc-0612936,https://www.b2bmarkt.gr/img/prd/o/75135/-5.jpg,5,- снимка 6,Детски продукт 0612936
mc-0612936,https://www.b2bmarkt.gr/img/prd/o/75135/-6.jpg,6,- снимка 7,Детски продукт 0612936
mc-0612938,https://www.b2bmarkt.gr/img/prd/o/75136/-1.jpg,1,- снимка 1,Детски продукт 0612938
mc-0612938,https://www.b2bmarkt.gr/img/prd/o/75136/-2.jpg,2,- снимка 3,Детски продукт 0612938
mc-0612938,https://www.b2bmarkt.gr/img/prd/o/75136/-3.jpg,3,- снимка 4,Детски продукт 0612938
mc-0612938,https://www.b2bmarkt.gr/img/prd/o/75136/-4.jpg,4,- снимка 5,Детски продукт 0612938
mc-0612938,https://www.b2bmarkt.gr/img/prd/o/75136/-5.jpg,5,- снимка 6,Детски продукт 0612938
mc-0612938,https://www.b2bmarkt.gr/img/prd/o/75136/-6.jpg,6,- снимка 7,Детски продукт 0612938
mc-0612939,https://www.b2bmarkt.gr/img/prd/o/75137/-1.jpg,1,- снимка 1,Детски продукт 0612939
mc-0612939,https://www.b2bmarkt.gr/img/prd/o/75137/-2.jpg,2,- снимка 3,Детски продукт 0612939
mc-0612939,https://www.b2bmarkt.gr/img/prd/o/75137/-3.jpg,3,- снимка 4,Детски продукт 0612939
mc-0612939,https://www.b2bmarkt.gr/img/prd/o/75137/-4.jpg,4,- снимка 5,Детски продукт 0612939
mc-0612939,https://www.b2bmarkt.gr/img/prd/o/75137/-5.jpg,5,- снимка 6,Детски продукт 0612939
mc-0612939,https://www.b2bmarkt.gr/img/prd/o/75137/-6.jpg,6,- снимка 7,Детски продукт 0612939
mc-0612940,https://www.b2bmarkt.gr/img/prd/o/75138/-1.jpg,1,- снимка 1,Детски продукт 0612940
mc-0612940,https://www.b2bmarkt.gr/img/prd/o/75138/-2.jpg,2,- снимка 3,Детски продукт 0612940
mc-0612940,https://www.b2bmarkt.gr/img/prd/o/75138/-3.jpg,3,- снимка 4,Детски продукт 0612940
mc-0612940,https://www.b2bmarkt.gr/img/prd/o/75138/-4.jpg,4,- снимка 5,Детски продукт 0612940
mc-0612940,https://www.b2bmarkt.gr/img/prd/o/75138/-5.jpg,5,- снимка 6,Детски продукт 0612940
mc-0612940,https://www.b2bmarkt.gr/img/prd/o/75138/-6.jpg,6,- снимка 7,Детски продукт 0612940
mc-0612942,https://www.b2bmarkt.gr/img/prd/o/75139/-1.jpg,1,- снимка 1,Детски продукт 0612942
mc-0612942,https://www.b2bmarkt.gr/img/prd/o/75139/-2.jpg,2,- снимка 3,Детски продукт 0612942
mc-0612942,https://www.b2bmarkt.gr/img/prd/o/75139/-3.jpg,3,- снимка 4,Детски продукт 0612942
mc-0612942,https://www.b2bmarkt.gr/img/prd/o/75139/-4.jpg,4,- снимка 5,Детски продукт 0612942
mc-0612942,https://www.b2bmarkt.gr/img/prd/o/75139/-5.jpg,5,- снимка 6,Детски продукт 0612942
mc-0612942,https://www.b2bmarkt.gr/img/prd/o/75139/-6.jpg,6,- снимка 7,Детски продукт 0612942
mc-0612941,https://www.b2bmarkt.gr/img/prd/o/75140/-1.jpg,1,- снимка 1,Детски продукт 0612941
mc-0612941,https://www.b2bmarkt.gr/img/prd/o/75140/-2.jpg,2,- снимка 3,Детски продукт 0612941
mc-0612941,https://www.b2bmarkt.gr/img/prd/o/75140/-3.jpg,3,- снимка 4,Детски продукт 0612941
mc-0612941,https://www.b2bmarkt.gr/img/prd/o/75140/-4.jpg,4,- снимка 5,Детски продукт 0612941
mc-0612941,https://www.b2bmarkt.gr/img/prd/o/75140/-5.jpg,5,- снимка 6,Детски продукт 0612941
mc-0612941,https://www.b2bmarkt.gr/img/prd/o/75140/-6.jpg,6,- снимка 7,Детски продукт 0612941
mc-0612943,https://www.b2bmarkt.gr/img/prd/o/75141/-1.jpg,1,- снимка 1,Детски продукт 0612943
mc-0612943,https://www.b2bmarkt.gr/img/prd/o/75141/-2.jpg,2,- снимка 3,Детски продукт 0612943
mc-0612943,https://www.b2bmarkt.gr/img/prd/o/75141/-3.jpg,3,- снимка 4,Детски продукт 0612943
mc-0612943,https://www.b2bmarkt.gr/img/prd/o/75141/-4.jpg,4,- снимка 5,Детски продукт 0612943
mc-0612943,https://www.b2bmarkt.gr/img/prd/o/75141/-5.jpg,5,- снимка 6,Детски продукт 0612943
mc-0612943,https://www.b2bmarkt.gr/img/prd/o/75141/-6.jpg,6,- снимка 7,Детски продукт 0612943
mc-0612943,https://www.b2bmarkt.gr/img/prd/o/75141/-7.jpg,7,- снимка 8,Детски продукт 0612943
mc-0612943,https://www.b2bmarkt.gr/img/prd/o/75141/-8.jpg,8,- снимка 9,Детски продукт 0612943
mc-0612943,https://www.b2bmarkt.gr/img/prd/o/75141/-9.jpg,9,- снимка 10,Детски продукт 0612943
mc-0612944,https://www.b2bmarkt.gr/img/prd/o/75142/-1.jpg,1,- снимка 1,Детски продукт 0612944
mc-0612944,https://www.b2bmarkt.gr/img/prd/o/75142/-2.jpg,2,- снимка 3,Детски продукт 0612944
mc-0612944,https://www.b2bmarkt.gr/img/prd/o/75142/-3.jpg,3,- снимка 4,Детски продукт 0612944
mc-0612944,https://www.b2bmarkt.gr/img/prd/o/75142/-4.jpg,4,- снимка 5,Детски продукт 0612944
mc-0612944,https://www.b2bmarkt.gr/img/prd/o/75142/-5.jpg,5,- снимка 6,Детски продукт 0612944
mc-0612944,https://www.b2bmarkt.gr/img/prd/o/75142/-6.jpg,6,- снимка 7,Детски продукт 0612944
mc-0612944,https://www.b2bmarkt.gr/img/prd/o/75142/-7.jpg,7,- снимка 8,Детски продукт 0612944
mc-0612944,https://www.b2bmarkt.gr/img/prd/o/75142/-8.jpg,8,- снимка 9,Детски продукт 0612944
mc-0612944,https://www.b2bmarkt.gr/img/prd/o/75142/-9.jpg,9,- снимка 10,Детски продукт 0612944
mc-0612904,https://www.b2bmarkt.gr/img/prd/o/75157/-1.jpg,1,- снимка 1,Детски продукт 0612904
mc-0612904,https://www.b2bmarkt.gr/img/prd/o/75157/-2.jpg,2,- снимка 3,Детски продукт 0612904
mc-0612904,https://www.b2bmarkt.gr/img/prd/o/75157/-3.jpg,3,- снимка 4,Детски продукт 0612904
mc-0612904,https://www.b2bmarkt.gr/img/prd/o/75157/-4.jpg,4,- снимка 5,Детски продукт 0612904
mc-0612904,https://www.b2bmarkt.gr/img/prd/o/75157/-5.jpg,5,- снимка 6,Детски продукт 0612904
mc-0612904,https://www.b2bmarkt.gr/img/prd/o/75157/-6.jpg,6,- снимка 7,Детски продукт 0612904
mc-0612904,https://www.b2bmarkt.gr/img/prd/o/75157/-7.jpg,7,- снимка 8,Детски продукт 0612904
mc-0612904,https://www.b2bmarkt.gr/img/prd/o/75157/-8.jpg,8,- снимка 9,Детски продукт 0612904
mc-0612953,https://www.b2bmarkt.gr/img/prd/o/75181/-1.jpg,1,- снимка 1,Детски продукт 0612953
mc-0612953,https://www.b2bmarkt.gr/img/prd/o/75181/-2.jpg,2,- снимка 3,Детски продукт 0612953
mc-0612953,https://www.b2bmarkt.gr/img/prd/o/75181/-3.jpg,3,- снимка 4,Детски продукт 0612953
mc-0612953,https://www.b2bmarkt.gr/img/prd/o/75181/-4.jpg,4,- снимка 5,Детски продукт 0612953
mc-0612953,https://www.b2bmarkt.gr/img/prd/o/75181/-5.jpg,5,- снимка 6,Детски продукт 0612953
mc-0612955,https://www.b2bmarkt.gr/img/prd/o/75182/-1.jpg,1,- снимка 1,Детски продукт 0612955
mc-0612955,https://www.b2bmarkt.gr/img/prd/o/75182/-2.jpg,2,- снимка 3,Детски продукт 0612955
mc-0612955,https://www.b2bmarkt.gr/img/prd/o/75182/-3.jpg,3,- снимка 4,Детски продукт 0612955
mc-0612955,https://www.b2bmarkt.gr/img/prd/o/75182/-4.jpg,4,- снимка 5,Детски продукт 0612955
mc-0612955,https://www.b2bmarkt.gr/img/prd/o/75182/-5.jpg,5,- снимка 6,Детски продукт 0612955
mc-0612955,https://www.b2bmarkt.gr/img/prd/o/75182/-6.jpg,6,- снимка 7,Детски продукт 0612955
mc-0612958,https://www.b2bmarkt.gr/img/prd/o/75183/-1.jpg,1,- снимка 1,Детски продукт 0612958
mc-0612958,https://www.b2bmarkt.gr/img/prd/o/75183/-2.jpg,2,- снимка 3,Детски продукт 0612958
mc-0612958,https://www.b2bmarkt.gr/img/prd/o/75183/-3.jpg,3,- снимка 4,Детски продукт 0612958
mc-0612958,https://www.b2bmarkt.gr/img/prd/o/75183/-4.jpg,4,- снимка 5,Детски продукт 0612958
mc-9995054,https://www.b2bmarkt.gr/img/prd/o/75220/-1.jpg,1,- снимка 1,Детски продукт 9995054
mc-9995054,https://www.b2bmarkt.gr/img/prd/o/75220/-2.jpg,2,- снимка 3,Детски продукт 9995054
mc-9995054,https://www.b2bmarkt.gr/img/prd/o/75220/-3.jpg,3,- снимка 4,Детски продукт 9995054
mc-9995054,https://www.b2bmarkt.gr/img/prd/o/75220/-4.jpg,4,- снимка 5,Детски продукт 9995054
mc-9995054,https://www.b2bmarkt.gr/img/prd/o/75220/-5.jpg,5,- снимка 6,Детски продукт 9995054
mc-9995054,https://www.b2bmarkt.gr/img/prd/o/75220/-6.jpg,6,- снимка 7,Детски продукт 9995054
mc-9995054,https://www.b2bmarkt.gr/img/prd/o/75220/-7.jpg,7,- снимка 8,Детски продукт 9995054
mc-9995054,https://www.b2bmarkt.gr/img/prd/o/75220/-8.jpg,8,- снимка 9,Детски продукт 9995054
mc-9995054,https://www.b2bmarkt.gr/img/prd/o/75220/-9.jpg,9,- снимка 10,Детски продукт 9995054
mc-0612905,https://www.b2bmarkt.gr/img/prd/o/75279/trapezi-sterlin-sm6356-krem-aloyminio-si.jpg,1,- снимка 1,Детски продукт 0612905
mc-0612905,https://www.b2bmarkt.gr/img/prd/o/75279/trapezi-sterlin-sm6356-krem-aloyminio-si-1.jpg,2,- снимка 2,Детски продукт 0612905
mc-0612905,https://www.b2bmarkt.gr/img/prd/o/75279/trapezi-sterlin-sm6356-krem-aloyminio-si-2.jpg,3,- снимка 3,Детски продукт 0612905
mc-0612905,https://www.b2bmarkt.gr/img/prd/o/75279/trapezi-sterlin-sm6356-krem-aloyminio-si-3.jpg,4,- снимка 4,Детски продукт 0612905
mc-0612905,https://www.b2bmarkt.gr/img/prd/o/75279/trapezi-sterlin-sm6356-krem-aloyminio-si-4.jpg,5,- снимка 5,Детски продукт 0612905
mc-0612905,https://www.b2bmarkt.gr/img/prd/o/75279/trapezi-sterlin-sm6356-krem-aloyminio-si-5.jpg,6,- снимка 6,Детски продукт 0612905
mc-0612905,https://www.b2bmarkt.gr/img/prd/o/75279/trapezi-sterlin-sm6356-krem-aloyminio-si-6.jpg,7,- снимка 7,Детски продукт 0612905
mc-0612905,https://www.b2bmarkt.gr/img/prd/o/75279/trapezi-sterlin-sm6356-krem-aloyminio-si-7.jpg,8,- снимка 8,Детски продукт 0612905
mc-0612906,https://www.b2bmarkt.gr/img/prd/o/75280/-1.jpg,1,- снимка 1,Детски продукт 0612906
mc-0612906,https://www.b2bmarkt.gr/img/prd/o/75280/-2.jpg,2,- снимка 3,Детски продукт 0612906
mc-0612906,https://www.b2bmarkt.gr/img/prd/o/75280/-3.jpg,3,- снимка 4,Детски продукт 0612906
mc-0612906,https://www.b2bmarkt.gr/img/prd/o/75280/-4.jpg,4,- снимка 5,Детски продукт 0612906
mc-0612906,https://www.b2bmarkt.gr/img/prd/o/75280/-5.jpg,5,- снимка 6,Детски продукт 0612906
mc-0612906,https://www.b2bmarkt.gr/img/prd/o/75280/-6.jpg,6,- снимка 7,Детски продукт 0612906
mc-0612906,https://www.b2bmarkt.gr/img/prd/o/75280/-7.jpg,7,- снимка 8,Детски продукт 0612906
mc-9995074,https://www.b2bmarkt.gr/img/prd/o/75281/-1.jpg,1,- снимка 1,Детски продукт 9995074
mc-9995074,https://www.b2bmarkt.gr/img/prd/o/75281/-2.jpg,2,- снимка 3,Детски продукт 9995074
mc-9995074,https://www.b2bmarkt.gr/img/prd/o/75281/-3.jpg,3,- снимка 4,Детски продукт 9995074
mc-9995074,https://www.b2bmarkt.gr/img/prd/o/75281/-4.jpg,4,- снимка 5,Детски продукт 9995074
mc-9995074,https://www.b2bmarkt.gr/img/prd/o/75281/-5.jpg,5,- снимка 6,Детски продукт 9995074
mc-9995074,https://www.b2bmarkt.gr/img/prd/o/75281/-6.jpg,6,- снимка 7,Детски продукт 9995074
mc-9995074,https://www.b2bmarkt.gr/img/prd/o/75281/-7.jpg,7,- снимка 8,Детски продукт 9995074
mc-9995074,https://www.b2bmarkt.gr/img/prd/o/75281/-8.jpg,8,- снимка 9,Детски продукт 9995074
mc-9995074,https://www.b2bmarkt.gr/img/prd/o/75281/-9.jpg,9,- снимка 10,Детски продукт 9995074
mc-9995071,https://www.b2bmarkt.gr/img/prd/o/75282/-1.jpg,1,- снимка 1,Детски продукт 9995071
mc-9995071,https://www.b2bmarkt.gr/img/prd/o/75282/-2.jpg,2,- снимка 3,Детски продукт 9995071
mc-9995071,https://www.b2bmarkt.gr/img/prd/o/75282/-3.jpg,3,- снимка 4,Детски продукт 9995071
mc-9995071,https://www.b2bmarkt.gr/img/prd/o/75282/-4.jpg,4,- снимка 5,Детски продукт 9995071
mc-9995071,https://www.b2bmarkt.gr/img/prd/o/75282/-5.jpg,5,- снимка 6,Детски продукт 9995071
mc-9995071,https://www.b2bmarkt.gr/img/prd/o/75282/-6.jpg,6,- снимка 7,Детски продукт 9995071
mc-9995071,https://www.b2bmarkt.gr/img/prd/o/75282/-7.jpg,7,- снимка 8,Детски продукт 9995071
mc-9995071,https://www.b2bmarkt.gr/img/prd/o/75282/-8.jpg,8,- снимка 9,Детски продукт 9995071
mc-9995070,https://www.b2bmarkt.gr/img/prd/o/75283/-1.jpg,1,- снимка 1,Детски продукт 9995070
mc-9995070,https://www.b2bmarkt.gr/img/prd/o/75283/-2.jpg,2,- снимка 3,Детски продукт 9995070
mc-9995070,https://www.b2bmarkt.gr/img/prd/o/75283/-3.jpg,3,- снимка 4,Детски продукт 9995070
mc-9995070,https://www.b2bmarkt.gr/img/prd/o/75283/-4.jpg,4,- снимка 5,Детски продукт 9995070
mc-9995070,https://www.b2bmarkt.gr/img/prd/o/75283/-5.jpg,5,- снимка 6,Детски продукт 9995070
mc-9995070,https://www.b2bmarkt.gr/img/prd/o/75283/-6.jpg,6,- снимка 7,Детски продукт 9995070
mc-9995070,https://www.b2bmarkt.gr/img/prd/o/75283/-7.jpg,7,- снимка 8,Детски продукт 9995070
mc-9995070,https://www.b2bmarkt.gr/img/prd/o/75283/-8.jpg,8,- снимка 9,Детски продукт 9995070
mc-9995070,https://www.b2bmarkt.gr/img/prd/o/75283/-9.jpg,9,- снимка 10,Детски продукт 9995070
mc-9995072,https://www.b2bmarkt.gr/img/prd/o/75284/-1.jpg,1,- снимка 1,Детски продукт 9995072
mc-9995072,https://www.b2bmarkt.gr/img/prd/o/75284/-2.jpg,2,- снимка 3,Детски продукт 9995072
mc-9995072,https://www.b2bmarkt.gr/img/prd/o/75284/-3.jpg,3,- снимка 4,Детски продукт 9995072
mc-9995072,https://www.b2bmarkt.gr/img/prd/o/75284/-4.jpg,4,- снимка 5,Детски продукт 9995072
mc-9995072,https://www.b2bmarkt.gr/img/prd/o/75284/-5.jpg,5,- снимка 6,Детски продукт 9995072
mc-9995072,https://www.b2bmarkt.gr/img/prd/o/75284/-6.jpg,6,- снимка 7,Детски продукт 9995072
mc-9995072,https://www.b2bmarkt.gr/img/prd/o/75284/-7.jpg,7,- снимка 8,Детски продукт 9995072
mc-9995072,https://www.b2bmarkt.gr/img/prd/o/75284/-8.jpg,8,- снимка 9,Детски продукт 9995072
mc-9995072,https://www.b2bmarkt.gr/img/prd/o/75284/-9.jpg,9,- снимка 10,Детски продукт 9995072
mc-9995073,https://www.b2bmarkt.gr/img/prd/o/75285/-1.jpg,1,- снимка 1,Детски продукт 9995073
mc-9995073,https://www.b2bmarkt.gr/img/prd/o/75285/-2.jpg,2,- снимка 3,Детски продукт 9995073
mc-9995073,https://www.b2bmarkt.gr/img/prd/o/75285/-3.jpg,3,- снимка 4,Детски продукт 9995073
mc-9995073,https://www.b2bmarkt.gr/img/prd/o/75285/-4.jpg,4,- снимка 5,Детски продукт 9995073
mc-9995073,https://www.b2bmarkt.gr/img/prd/o/75285/-5.jpg,5,- снимка 6,Детски продукт 9995073
mc-9995073,https://www.b2bmarkt.gr/img/prd/o/75285/-6.jpg,6,- снимка 7,Детски продукт 9995073
mc-9995073,https://www.b2bmarkt.gr/img/prd/o/75285/-7.jpg,7,- снимка 8,Детски продукт 9995073
mc-9995073,https://www.b2bmarkt.gr/img/prd/o/75285/-8.jpg,8,- снимка 9,Детски продукт 9995073
mc-9995075,https://www.b2bmarkt.gr/img/prd/o/75286/-1.jpg,1,- снимка 1,Детски продукт 9995075
mc-9995075,https://www.b2bmarkt.gr/img/prd/o/75286/-2.jpg,2,- снимка 3,Детски продукт 9995075
mc-9995075,https://www.b2bmarkt.gr/img/prd/o/75286/-3.jpg,3,- снимка 4,Детски продукт 9995075
mc-9995075,https://www.b2bmarkt.gr/img/prd/o/75286/-4.jpg,4,- снимка 5,Детски продукт 9995075
mc-9995075,https://www.b2bmarkt.gr/img/prd/o/75286/-5.jpg,5,- снимка 6,Детски продукт 9995075
mc-9995075,https://www.b2bmarkt.gr/img/prd/o/75286/-6.jpg,6,- снимка 7,Детски продукт 9995075
mc-9995075,https://www.b2bmarkt.gr/img/prd/o/75286/-7.jpg,7,- снимка 8,Детски продукт 9995075
mc-9995075,https://www.b2bmarkt.gr/img/prd/o/75286/-8.jpg,8,- снимка 9,Детски продукт 9995075
mc-9995075,https://www.b2bmarkt.gr/img/prd/o/75286/-9.jpg,9,- снимка 10,Детски продукт 9995075
mc-9995077,https://www.b2bmarkt.gr/img/prd/o/75287/-1.jpg,1,- снимка 1,Детски продукт 9995077
mc-9995077,https://www.b2bmarkt.gr/img/prd/o/75287/-2.jpg,2,- снимка 3,Детски продукт 9995077
mc-9995077,https://www.b2bmarkt.gr/img/prd/o/75287/-3.jpg,3,- снимка 4,Детски продукт 9995077
mc-9995077,https://www.b2bmarkt.gr/img/prd/o/75287/-4.jpg,4,- снимка 5,Детски продукт 9995077
mc-9995077,https://www.b2bmarkt.gr/img/prd/o/75287/-5.jpg,5,- снимка 6,Детски продукт 9995077
mc-9995077,https://www.b2bmarkt.gr/img/prd/o/75287/-6.jpg,6,- снимка 7,Детски продукт 9995077
mc-9995077,https://www.b2bmarkt.gr/img/prd/o/75287/-7.jpg,7,- снимка 8,Детски продукт 9995077
mc-9995077,https://www.b2bmarkt.gr/img/prd/o/75287/-8.jpg,8,- снимка 9,Детски продукт 9995077
mc-9995077,https://www.b2bmarkt.gr/img/prd/o/75287/-9.jpg,9,- снимка 10,Детски продукт 9995077
mc-9995076,https://www.b2bmarkt.gr/img/prd/o/75288/-1.jpg,1,- снимка 1,Детски продукт 9995076
mc-9995076,https://www.b2bmarkt.gr/img/prd/o/75288/-2.jpg,2,- снимка 3,Детски продукт 9995076
mc-9995076,https://www.b2bmarkt.gr/img/prd/o/75288/-3.jpg,3,- снимка 4,Детски продукт 9995076
mc-9995076,https://www.b2bmarkt.gr/img/prd/o/75288/-4.jpg,4,- снимка 5,Детски продукт 9995076
mc-9995076,https://www.b2bmarkt.gr/img/prd/o/75288/-5.jpg,5,- снимка 6,Детски продукт 9995076
mc-9995076,https://www.b2bmarkt.gr/img/prd/o/75288/-6.jpg,6,- снимка 7,Детски продукт 9995076
mc-9995076,https://www.b2bmarkt.gr/img/prd/o/75288/-7.jpg,7,- снимка 8,Детски продукт 9995076
mc-9995076,https://www.b2bmarkt.gr/img/prd/o/75288/-8.jpg,8,- снимка 9,Детски продукт 9995076
mc-9995076,https://www.b2bmarkt.gr/img/prd/o/75288/-9.jpg,9,- снимка 10,Детски продукт 9995076
mc-9995078,https://www.b2bmarkt.gr/img/prd/o/75289/-1.jpg,1,- снимка 1,Детски продукт 9995078
mc-9995078,https://www.b2bmarkt.gr/img/prd/o/75289/-2.jpg,2,- снимка 3,Детски продукт 9995078
mc-9995078,https://www.b2bmarkt.gr/img/prd/o/75289/-3.jpg,3,- снимка 4,Детски продукт 9995078
mc-9995078,https://www.b2bmarkt.gr/img/prd/o/75289/-4.jpg,4,- снимка 5,Детски продукт 9995078
mc-9995078,https://www.b2bmarkt.gr/img/prd/o/75289/-5.jpg,5,- снимка 6,Детски продукт 9995078
mc-9995078,https://www.b2bmarkt.gr/img/prd/o/75289/-6.jpg,6,- снимка 7,Детски продукт 9995078
mc-9995078,https://www.b2bmarkt.gr/img/prd/o/75289/-7.jpg,7,- снимка 8,Детски продукт 9995078
mc-9995078,https://www.b2bmarkt.gr/img/prd/o/75289/-8.jpg,8,- снимка 9,Детски продукт 9995078
mc-9995078,https://www.b2bmarkt.gr/img/prd/o/75289/-9.jpg,9,- снимка 10,Детски продукт 9995078
mc-9995087,https://www.b2bmarkt.gr/img/prd/o/75290/-1.jpg,1,- снимка 1,Детски продукт 9995087
mc-9995087,https://www.b2bmarkt.gr/img/prd/o/75290/-2.jpg,2,- снимка 3,Детски продукт 9995087
mc-9995087,https://www.b2bmarkt.gr/img/prd/o/75290/-3.jpg,3,- снимка 4,Детски продукт 9995087
mc-9995087,https://www.b2bmarkt.gr/img/prd/o/75290/-4.jpg,4,- снимка 5,Детски продукт 9995087
mc-9995087,https://www.b2bmarkt.gr/img/prd/o/75290/-5.jpg,5,- снимка 6,Детски продукт 9995087
mc-9995087,https://www.b2bmarkt.gr/img/prd/o/75290/-6.jpg,6,- снимка 7,Детски продукт 9995087
mc-9995087,https://www.b2bmarkt.gr/img/prd/o/75290/-7.jpg,7,- снимка 8,Детски продукт 9995087
mc-9995087,https://www.b2bmarkt.gr/img/prd/o/75290/-8.jpg,8,- снимка 9,Детски продукт 9995087
mc-9995087,https://www.b2bmarkt.gr/img/prd/o/75290/-9.jpg,9,- снимка 10,Детски продукт 9995087
mc-9995088,https://www.b2bmarkt.gr/img/prd/o/75291/-1.jpg,1,- снимка 1,Детски продукт 9995088
mc-9995088,https://www.b2bmarkt.gr/img/prd/o/75291/-2.jpg,2,- снимка 3,Детски продукт 9995088
mc-9995088,https://www.b2bmarkt.gr/img/prd/o/75291/-3.jpg,3,- снимка 4,Детски продукт 9995088
mc-9995088,https://www.b2bmarkt.gr/img/prd/o/75291/-4.jpg,4,- снимка 5,Детски продукт 9995088
mc-9995088,https://www.b2bmarkt.gr/img/prd/o/75291/-5.jpg,5,- снимка 6,Детски продукт 9995088
mc-9995088,https://www.b2bmarkt.gr/img/prd/o/75291/-6.jpg,6,- снимка 7,Детски продукт 9995088
mc-9995088,https://www.b2bmarkt.gr/img/prd/o/75291/-7.jpg,7,- снимка 8,Детски продукт 9995088
mc-9995088,https://www.b2bmarkt.gr/img/prd/o/75291/-8.jpg,8,- снимка 9,Детски продукт 9995088
mc-9995088,https://www.b2bmarkt.gr/img/prd/o/75291/-9.jpg,9,- снимка 10,Детски продукт 9995088
mc-9995089,https://www.b2bmarkt.gr/img/prd/o/75292/-1.jpg,1,- снимка 1,Детски продукт 9995089
mc-9995089,https://www.b2bmarkt.gr/img/prd/o/75292/-2.jpg,2,- снимка 3,Детски продукт 9995089
mc-9995089,https://www.b2bmarkt.gr/img/prd/o/75292/-3.jpg,3,- снимка 4,Детски продукт 9995089
mc-9995089,https://www.b2bmarkt.gr/img/prd/o/75292/-4.jpg,4,- снимка 5,Детски продукт 9995089
mc-9995089,https://www.b2bmarkt.gr/img/prd/o/75292/-5.jpg,5,- снимка 6,Детски продукт 9995089
mc-9995089,https://www.b2bmarkt.gr/img/prd/o/75292/-6.jpg,6,- снимка 7,Детски продукт 9995089
mc-9995089,https://www.b2bmarkt.gr/img/prd/o/75292/-7.jpg,7,- снимка 8,Детски продукт 9995089
mc-9995089,https://www.b2bmarkt.gr/img/prd/o/75292/-8.jpg,8,- снимка 9,Детски продукт 9995089
mc-9995089,https://www.b2bmarkt.gr/img/prd/o/75292/-9.jpg,9,- снимка 10,Детски продукт 9995089
mc-9995090,https://www.b2bmarkt.gr/img/prd/o/75293/-1.jpg,1,- снимка 1,Детски продукт 9995090
mc-9995090,https://www.b2bmarkt.gr/img/prd/o/75293/-2.jpg,2,- снимка 3,Детски продукт 9995090
mc-9995090,https://www.b2bmarkt.gr/img/prd/o/75293/-3.jpg,3,- снимка 4,Детски продукт 9995090
mc-9995090,https://www.b2bmarkt.gr/img/prd/o/75293/-4.jpg,4,- снимка 5,Детски продукт 9995090
mc-9995090,https://www.b2bmarkt.gr/img/prd/o/75293/-5.jpg,5,- снимка 6,Детски продукт 9995090
mc-9995090,https://www.b2bmarkt.gr/img/prd/o/75293/-6.jpg,6,- снимка 7,Детски продукт 9995090
mc-9995090,https://www.b2bmarkt.gr/img/prd/o/75293/-7.jpg,7,- снимка 8,Детски продукт 9995090
mc-9995090,https://www.b2bmarkt.gr/img/prd/o/75293/-8.jpg,8,- снимка 9,Детски продукт 9995090
mc-9995090,https://www.b2bmarkt.gr/img/prd/o/75293/-9.jpg,9,- снимка 10,Детски продукт 9995090
mc-9995091,https://www.b2bmarkt.gr/img/prd/o/75294/-1.jpg,1,- снимка 1,Детски продукт 9995091
mc-9995091,https://www.b2bmarkt.gr/img/prd/o/75294/-2.jpg,2,- снимка 3,Детски продукт 9995091
mc-9995091,https://www.b2bmarkt.gr/img/prd/o/75294/-3.jpg,3,- снимка 4,Детски продукт 9995091
mc-9995091,https://www.b2bmarkt.gr/img/prd/o/75294/-4.jpg,4,- снимка 5,Детски продукт 9995091
mc-9995091,https://www.b2bmarkt.gr/img/prd/o/75294/-5.jpg,5,- снимка 6,Детски продукт 9995091
mc-9995091,https://www.b2bmarkt.gr/img/prd/o/75294/-6.jpg,6,- снимка 7,Детски продукт 9995091
mc-9995091,https://www.b2bmarkt.gr/img/prd/o/75294/-7.jpg,7,- снимка 8,Детски продукт 9995091
mc-9995091,https://www.b2bmarkt.gr/img/prd/o/75294/-8.jpg,8,- снимка 9,Детски продукт 9995091
mc-9995091,https://www.b2bmarkt.gr/img/prd/o/75294/-9.jpg,9,- снимка 10,Детски продукт 9995091
mc-9995092,https://www.b2bmarkt.gr/img/prd/o/75295/-1.jpg,1,- снимка 1,Детски продукт 9995092
mc-9995092,https://www.b2bmarkt.gr/img/prd/o/75295/-2.jpg,2,- снимка 3,Детски продукт 9995092
mc-9995092,https://www.b2bmarkt.gr/img/prd/o/75295/-3.jpg,3,- снимка 4,Детски продукт 9995092
mc-9995092,https://www.b2bmarkt.gr/img/prd/o/75295/-4.jpg,4,- снимка 5,Детски продукт 9995092
mc-9995092,https://www.b2bmarkt.gr/img/prd/o/75295/-5.jpg,5,- снимка 6,Детски продукт 9995092
mc-9995092,https://www.b2bmarkt.gr/img/prd/o/75295/-6.jpg,6,- снимка 7,Детски продукт 9995092
mc-9995092,https://www.b2bmarkt.gr/img/prd/o/75295/-7.jpg,7,- снимка 8,Детски продукт 9995092
mc-9995092,https://www.b2bmarkt.gr/img/prd/o/75295/-8.jpg,8,- снимка 9,Детски продукт 9995092
mc-9995092,https://www.b2bmarkt.gr/img/prd/o/75295/-9.jpg,9,- снимка 10,Детски продукт 9995092
mc-9995093,https://www.b2bmarkt.gr/img/prd/o/75296/-1.jpg,1,- снимка 1,Детски продукт 9995093
mc-9995093,https://www.b2bmarkt.gr/img/prd/o/75296/-2.jpg,2,- снимка 3,Детски продукт 9995093
mc-9995093,https://www.b2bmarkt.gr/img/prd/o/75296/-3.jpg,3,- снимка 4,Детски продукт 9995093
mc-9995093,https://www.b2bmarkt.gr/img/prd/o/75296/-4.jpg,4,- снимка 5,Детски продукт 9995093
mc-9995093,https://www.b2bmarkt.gr/img/prd/o/75296/-5.jpg,5,- снимка 6,Детски продукт 9995093
mc-9995093,https://www.b2bmarkt.gr/img/prd/o/75296/-6.jpg,6,- снимка 7,Детски продукт 9995093
mc-9995093,https://www.b2bmarkt.gr/img/prd/o/75296/-7.jpg,7,- снимка 8,Детски продукт 9995093
mc-9995093,https://www.b2bmarkt.gr/img/prd/o/75296/-8.jpg,8,- снимка 9,Детски продукт 9995093
mc-9995093,https://www.b2bmarkt.gr/img/prd/o/75296/-9.jpg,9,- снимка 10,Детски продукт 9995093
mc-9995094,https://www.b2bmarkt.gr/img/prd/o/75297/-1.jpg,1,- снимка 1,Детски продукт 9995094
mc-9995094,https://www.b2bmarkt.gr/img/prd/o/75297/-2.jpg,2,- снимка 3,Детски продукт 9995094
mc-9995094,https://www.b2bmarkt.gr/img/prd/o/75297/-3.jpg,3,- снимка 4,Детски продукт 9995094
mc-9995094,https://www.b2bmarkt.gr/img/prd/o/75297/-4.jpg,4,- снимка 5,Детски продукт 9995094
mc-9995094,https://www.b2bmarkt.gr/img/prd/o/75297/-5.jpg,5,- снимка 6,Детски продукт 9995094
mc-9995094,https://www.b2bmarkt.gr/img/prd/o/75297/-6.jpg,6,- снимка 7,Детски продукт 9995094
mc-9995094,https://www.b2bmarkt.gr/img/prd/o/75297/-7.jpg,7,- снимка 8,Детски продукт 9995094
mc-9995094,https://www.b2bmarkt.gr/img/prd/o/75297/-8.jpg,8,- снимка 9,Детски продукт 9995094
mc-9995094,https://www.b2bmarkt.gr/img/prd/o/75297/-9.jpg,9,- снимка 10,Детски продукт 9995094
mc-9995095,https://www.b2bmarkt.gr/img/prd/o/75298/-1.jpg,1,- снимка 1,Детски продукт 9995095
mc-9995095,https://www.b2bmarkt.gr/img/prd/o/75298/-2.jpg,2,- снимка 3,Детски продукт 9995095
mc-9995095,https://www.b2bmarkt.gr/img/prd/o/75298/-3.jpg,3,- снимка 4,Детски продукт 9995095
mc-9995095,https://www.b2bmarkt.gr/img/prd/o/75298/-4.jpg,4,- снимка 5,Детски продукт 9995095
mc-9995095,https://www.b2bmarkt.gr/img/prd/o/75298/-5.jpg,5,- снимка 6,Детски продукт 9995095
mc-9995095,https://www.b2bmarkt.gr/img/prd/o/75298/-6.jpg,6,- снимка 7,Детски продукт 9995095
mc-9995095,https://www.b2bmarkt.gr/img/prd/o/75298/-7.jpg,7,- снимка 8,Детски продукт 9995095
mc-9995095,https://www.b2bmarkt.gr/img/prd/o/75298/-8.jpg,8,- снимка 9,Детски продукт 9995095
mc-9995095,https://www.b2bmarkt.gr/img/prd/o/75298/-9.jpg,9,- снимка 10,Детски продукт 9995095
mc-9995096,https://www.b2bmarkt.gr/img/prd/o/75299/-1.jpg,1,- снимка 1,Детски продукт 9995096
mc-9995096,https://www.b2bmarkt.gr/img/prd/o/75299/-2.jpg,2,- снимка 3,Детски продукт 9995096
mc-9995096,https://www.b2bmarkt.gr/img/prd/o/75299/-3.jpg,3,- снимка 4,Детски продукт 9995096
mc-9995096,https://www.b2bmarkt.gr/img/prd/o/75299/-4.jpg,4,- снимка 5,Детски продукт 9995096
mc-9995096,https://www.b2bmarkt.gr/img/prd/o/75299/-5.jpg,5,- снимка 6,Детски продукт 9995096
mc-9995096,https://www.b2bmarkt.gr/img/prd/o/75299/-6.jpg,6,- снимка 7,Детски продукт 9995096
mc-9995096,https://www.b2bmarkt.gr/img/prd/o/75299/-7.jpg,7,- снимка 8,Детски продукт 9995096
mc-9995096,https://www.b2bmarkt.gr/img/prd/o/75299/-8.jpg,8,- снимка 9,Детски продукт 9995096
mc-9995096,https://www.b2bmarkt.gr/img/prd/o/75299/-9.jpg,9,- снимка 10,Детски продукт 9995096
mc-9995097,https://www.b2bmarkt.gr/img/prd/o/75300/-1.jpg,1,- снимка 1,Детски продукт 9995097
mc-9995097,https://www.b2bmarkt.gr/img/prd/o/75300/-2.jpg,2,- снимка 3,Детски продукт 9995097
mc-9995097,https://www.b2bmarkt.gr/img/prd/o/75300/-3.jpg,3,- снимка 4,Детски продукт 9995097
mc-9995097,https://www.b2bmarkt.gr/img/prd/o/75300/-4.jpg,4,- снимка 5,Детски продукт 9995097
mc-9995097,https://www.b2bmarkt.gr/img/prd/o/75300/-5.jpg,5,- снимка 6,Детски продукт 9995097
mc-9995097,https://www.b2bmarkt.gr/img/prd/o/75300/-6.jpg,6,- снимка 7,Детски продукт 9995097
mc-9995097,https://www.b2bmarkt.gr/img/prd/o/75300/-7.jpg,7,- снимка 8,Детски продукт 9995097
mc-9995097,https://www.b2bmarkt.gr/img/prd/o/75300/-8.jpg,8,- снимка 9,Детски продукт 9995097
mc-9995097,https://www.b2bmarkt.gr/img/prd/o/75300/-9.jpg,9,- снимка 10,Детски продукт 9995097
mc-9995098,https://www.b2bmarkt.gr/img/prd/o/75301/-1.jpg,1,- снимка 1,Детски продукт 9995098
mc-9995098,https://www.b2bmarkt.gr/img/prd/o/75301/-2.jpg,2,- снимка 3,Детски продукт 9995098
mc-9995098,https://www.b2bmarkt.gr/img/prd/o/75301/-3.jpg,3,- снимка 4,Детски продукт 9995098
mc-9995098,https://www.b2bmarkt.gr/img/prd/o/75301/-4.jpg,4,- снимка 5,Детски продукт 9995098
mc-9995098,https://www.b2bmarkt.gr/img/prd/o/75301/-5.jpg,5,- снимка 6,Детски продукт 9995098
mc-9995098,https://www.b2bmarkt.gr/img/prd/o/75301/-6.jpg,6,- снимка 7,Детски продукт 9995098
mc-9995098,https://www.b2bmarkt.gr/img/prd/o/75301/-7.jpg,7,- снимка 8,Детски продукт 9995098
mc-9995098,https://www.b2bmarkt.gr/img/prd/o/75301/-8.jpg,8,- снимка 9,Детски продукт 9995098
mc-9995098,https://www.b2bmarkt.gr/img/prd/o/75301/-9.jpg,9,- снимка 10,Детски продукт 9995098
mc-9995099,https://www.b2bmarkt.gr/img/prd/o/75302/-1.jpg,1,- снимка 1,Детски продукт 9995099
mc-9995099,https://www.b2bmarkt.gr/img/prd/o/75302/-2.jpg,2,- снимка 3,Детски продукт 9995099
mc-9995099,https://www.b2bmarkt.gr/img/prd/o/75302/-3.jpg,3,- снимка 4,Детски продукт 9995099
mc-9995099,https://www.b2bmarkt.gr/img/prd/o/75302/-4.jpg,4,- снимка 5,Детски продукт 9995099
mc-9995099,https://www.b2bmarkt.gr/img/prd/o/75302/-5.jpg,5,- снимка 6,Детски продукт 9995099
mc-9995099,https://www.b2bmarkt.gr/img/prd/o/75302/-6.jpg,6,- снимка 7,Детски продукт 9995099
mc-9995099,https://www.b2bmarkt.gr/img/prd/o/75302/-7.jpg,7,- снимка 8,Детски продукт 9995099
mc-9995099,https://www.b2bmarkt.gr/img/prd/o/75302/-8.jpg,8,- снимка 9,Детски продукт 9995099
mc-9995099,https://www.b2bmarkt.gr/img/prd/o/75302/-9.jpg,9,- снимка 10,Детски продукт 9995099
mc-9995100,https://www.b2bmarkt.gr/img/prd/o/75303/-1.jpg,1,- снимка 1,Детски продукт 9995100
mc-9995100,https://www.b2bmarkt.gr/img/prd/o/75303/-2.jpg,2,- снимка 3,Детски продукт 9995100
mc-9995100,https://www.b2bmarkt.gr/img/prd/o/75303/-3.jpg,3,- снимка 4,Детски продукт 9995100
mc-9995100,https://www.b2bmarkt.gr/img/prd/o/75303/-4.jpg,4,- снимка 5,Детски продукт 9995100
mc-9995100,https://www.b2bmarkt.gr/img/prd/o/75303/-5.jpg,5,- снимка 6,Детски продукт 9995100
mc-9995100,https://www.b2bmarkt.gr/img/prd/o/75303/-6.jpg,6,- снимка 7,Детски продукт 9995100
mc-9995100,https://www.b2bmarkt.gr/img/prd/o/75303/-7.jpg,7,- снимка 8,Детски продукт 9995100
mc-9995100,https://www.b2bmarkt.gr/img/prd/o/75303/-8.jpg,8,- снимка 9,Детски продукт 9995100
mc-9995100,https://www.b2bmarkt.gr/img/prd/o/75303/-9.jpg,9,- снимка 10,Детски продукт 9995100
mc-9995101,https://www.b2bmarkt.gr/img/prd/o/75304/-1.jpg,1,- снимка 1,Детски продукт 9995101
mc-9995101,https://www.b2bmarkt.gr/img/prd/o/75304/-2.jpg,2,- снимка 3,Детски продукт 9995101
mc-9995101,https://www.b2bmarkt.gr/img/prd/o/75304/-3.jpg,3,- снимка 4,Детски продукт 9995101
mc-9995101,https://www.b2bmarkt.gr/img/prd/o/75304/-4.jpg,4,- снимка 5,Детски продукт 9995101
mc-9995101,https://www.b2bmarkt.gr/img/prd/o/75304/-5.jpg,5,- снимка 6,Детски продукт 9995101
mc-9995101,https://www.b2bmarkt.gr/img/prd/o/75304/-6.jpg,6,- снимка 7,Детски продукт 9995101
mc-9995101,https://www.b2bmarkt.gr/img/prd/o/75304/-7.jpg,7,- снимка 8,Детски продукт 9995101
mc-9995101,https://www.b2bmarkt.gr/img/prd/o/75304/-8.jpg,8,- снимка 9,Детски продукт 9995101
mc-9995101,https://www.b2bmarkt.gr/img/prd/o/75304/-9.jpg,9,- снимка 10,Детски продукт 9995101
mc-9995102,https://www.b2bmarkt.gr/img/prd/o/75305/-1.jpg,1,- снимка 1,Детски продукт 9995102
mc-9995102,https://www.b2bmarkt.gr/img/prd/o/75305/-2.jpg,2,- снимка 3,Детски продукт 9995102
mc-9995102,https://www.b2bmarkt.gr/img/prd/o/75305/-3.jpg,3,- снимка 4,Детски продукт 9995102
mc-9995102,https://www.b2bmarkt.gr/img/prd/o/75305/-4.jpg,4,- снимка 5,Детски продукт 9995102
mc-9995102,https://www.b2bmarkt.gr/img/prd/o/75305/-5.jpg,5,- снимка 6,Детски продукт 9995102
mc-9995102,https://www.b2bmarkt.gr/img/prd/o/75305/-6.jpg,6,- снимка 7,Детски продукт 9995102
mc-9995102,https://www.b2bmarkt.gr/img/prd/o/75305/-7.jpg,7,- снимка 8,Детски продукт 9995102
mc-9995102,https://www.b2bmarkt.gr/img/prd/o/75305/-8.jpg,8,- снимка 9,Детски продукт 9995102
mc-9995102,https://www.b2bmarkt.gr/img/prd/o/75305/-9.jpg,9,- снимка 10,Детски продукт 9995102
mc-9995104,https://www.b2bmarkt.gr/img/prd/o/75306/-1.jpg,1,- снимка 1,Детски продукт 9995104
mc-9995104,https://www.b2bmarkt.gr/img/prd/o/75306/-2.jpg,2,- снимка 3,Детски продукт 9995104
mc-9995104,https://www.b2bmarkt.gr/img/prd/o/75306/-3.jpg,3,- снимка 4,Детски продукт 9995104
mc-9995104,https://www.b2bmarkt.gr/img/prd/o/75306/-4.jpg,4,- снимка 5,Детски продукт 9995104
mc-9995104,https://www.b2bmarkt.gr/img/prd/o/75306/-5.jpg,5,- снимка 6,Детски продукт 9995104
mc-9995104,https://www.b2bmarkt.gr/img/prd/o/75306/-6.jpg,6,- снимка 7,Детски продукт 9995104
mc-9995104,https://www.b2bmarkt.gr/img/prd/o/75306/-7.jpg,7,- снимка 8,Детски продукт 9995104
mc-9995104,https://www.b2bmarkt.gr/img/prd/o/75306/-8.jpg,8,- снимка 9,Детски продукт 9995104
mc-9995104,https://www.b2bmarkt.gr/img/prd/o/75306/-9.jpg,9,- снимка 10,Детски продукт 9995104
mc-0535860,https://www.b2bmarkt.gr/img/prd/o/75307/trapezi-salonioy-eridano-sm1830902-metal.jpg,1,- снимка 1,Детски продукт 0535860
mc-0535860,https://www.b2bmarkt.gr/img/prd/o/75307/trapezi-salonioy-eridano-sm1830902-metal-1.jpg,2,- снимка 2,Детски продукт 0535860
mc-0535860,https://www.b2bmarkt.gr/img/prd/o/75307/trapezi-salonioy-eridano-sm1830902-metal-2.jpg,3,- снимка 3,Детски продукт 0535860
mc-0535860,https://www.b2bmarkt.gr/img/prd/o/75307/trapezi-salonioy-eridano-sm1830902-metal-3.jpg,4,- снимка 4,Детски продукт 0535860
mc-0535860,https://www.b2bmarkt.gr/img/prd/o/75307/trapezi-salonioy-eridano-sm1830902-metal-4.jpg,5,- снимка 5,Детски продукт 0535860
mc-0535860,https://www.b2bmarkt.gr/img/prd/o/75307/trapezi-salonioy-eridano-sm1830902-metal-5.jpg,6,- снимка 6,Детски продукт 0535860
mc-0535860,https://www.b2bmarkt.gr/img/prd/o/75307/trapezi-salonioy-eridano-sm1830902-metal-6.jpg,7,- снимка 7,Детски продукт 0535860
mc-0535860,https://www.b2bmarkt.gr/img/prd/o/75307/trapezi-salonioy-eridano-sm1830902-metal-7.jpg,8,- снимка 8,Детски продукт 0535860
mc-0535860,https://www.b2bmarkt.gr/img/prd/o/75307/trapezi-salonioy-eridano-sm1830902-metal-8.jpg,9,- снимка 9,Детски продукт 0535860
mc-0535861,https://www.b2bmarkt.gr/img/prd/o/75308/-1.jpg,1,- снимка 1,Детски продукт 0535861
mc-0535861,https://www.b2bmarkt.gr/img/prd/o/75308/-2.jpg,2,- снимка 3,Детски продукт 0535861
mc-0535861,https://www.b2bmarkt.gr/img/prd/o/75308/-3.jpg,3,- снимка 4,Детски продукт 0535861
mc-0535861,https://www.b2bmarkt.gr/img/prd/o/75308/-4.jpg,4,- снимка 5,Детски продукт 0535861
mc-0535861,https://www.b2bmarkt.gr/img/prd/o/75308/-5.jpg,5,- снимка 6,Детски продукт 0535861
mc-0535861,https://www.b2bmarkt.gr/img/prd/o/75308/-6.jpg,6,- снимка 7,Детски продукт 0535861
mc-0535861,https://www.b2bmarkt.gr/img/prd/o/75308/-7.jpg,7,- снимка 8,Детски продукт 0535861
mc-0535862,https://www.b2bmarkt.gr/img/prd/o/75309/-1.jpg,1,- снимка 1,Детски продукт 0535862
mc-0535862,https://www.b2bmarkt.gr/img/prd/o/75309/-2.jpg,2,- снимка 3,Детски продукт 0535862
mc-0535862,https://www.b2bmarkt.gr/img/prd/o/75309/-3.jpg,3,- снимка 4,Детски продукт 0535862
mc-0535862,https://www.b2bmarkt.gr/img/prd/o/75309/-4.jpg,4,- снимка 5,Детски продукт 0535862
mc-0535862,https://www.b2bmarkt.gr/img/prd/o/75309/-5.jpg,5,- снимка 6,Детски продукт 0535862
mc-0535862,https://www.b2bmarkt.gr/img/prd/o/75309/-6.jpg,6,- снимка 7,Детски продукт 0535862
mc-0535862,https://www.b2bmarkt.gr/img/prd/o/75309/-7.jpg,7,- снимка 8,Детски продукт 0535862
mc-0535862,https://www.b2bmarkt.gr/img/prd/o/75309/-8.jpg,8,- снимка 9,Детски продукт 0535862
mc-0535862,https://www.b2bmarkt.gr/img/prd/o/75309/-9.jpg,9,- снимка 10,Детски продукт 0535862
mc-9995053,https://www.b2bmarkt.gr/img/prd/o/75310/-1.jpg,1,- снимка 1,Детски продукт 9995053
mc-9995105,https://www.b2bmarkt.gr/img/prd/o/75475/-1.jpg,1,- снимка 1,Детски продукт 9995105
mc-9995105,https://www.b2bmarkt.gr/img/prd/o/75475/-2.jpg,2,- снимка 3,Детски продукт 9995105
mc-9995105,https://www.b2bmarkt.gr/img/prd/o/75475/-3.jpg,3,- снимка 4,Детски продукт 9995105
mc-9995105,https://www.b2bmarkt.gr/img/prd/o/75475/-4.jpg,4,- снимка 5,Детски продукт 9995105
mc-9995105,https://www.b2bmarkt.gr/img/prd/o/75475/-5.jpg,5,- снимка 6,Детски продукт 9995105
mc-9995105,https://www.b2bmarkt.gr/img/prd/o/75475/-6.jpg,6,- снимка 7,Детски продукт 9995105
mc-9995105,https://www.b2bmarkt.gr/img/prd/o/75475/-7.jpg,7,- снимка 8,Детски продукт 9995105
mc-9995105,https://www.b2bmarkt.gr/img/prd/o/75475/-8.jpg,8,- снимка 9,Детски продукт 9995105
mc-9995105,https://www.b2bmarkt.gr/img/prd/o/75475/-9.jpg,9,- снимка 10,Детски продукт 9995105
mc-0613377,https://www.b2bmarkt.gr/img/prd/o/75570/-1.jpg,1,- снимка 1,Детски продукт 0613377
mc-0613377,https://www.b2bmarkt.gr/img/prd/o/75570/-2.jpg,2,- снимка 3,Детски продукт 0613377
mc-0613377,https://www.b2bmarkt.gr/img/prd/o/75570/-3.jpg,3,- снимка 4,Детски продукт 0613377
mc-0613377,https://www.b2bmarkt.gr/img/prd/o/75570/-4.jpg,4,- снимка 5,Детски продукт 0613377
mc-0613377,https://www.b2bmarkt.gr/img/prd/o/75570/-5.jpg,5,- снимка 6,Детски продукт 0613377
mc-0613377,https://www.b2bmarkt.gr/img/prd/o/75570/-6.jpg,6,- снимка 7,Детски продукт 0613377
mc-0535865,https://www.b2bmarkt.gr/img/prd/o/75607/-1.jpg,1,- снимка 1,Детски продукт 0535865
mc-0535866,https://www.b2bmarkt.gr/img/prd/o/75608/-1.jpg,1,- снимка 1,Детски продукт 0535866
mc-0535866,https://www.b2bmarkt.gr/img/prd/o/75608/-2.jpg,2,- снимка 3,Детски продукт 0535866
mc-0535866,https://www.b2bmarkt.gr/img/prd/o/75608/-3.jpg,3,- снимка 4,Детски продукт 0535866
mc-0535866,https://www.b2bmarkt.gr/img/prd/o/75608/-4.jpg,4,- снимка 5,Детски продукт 0535866
mc-0535866,https://www.b2bmarkt.gr/img/prd/o/75608/-5.jpg,5,- снимка 6,Детски продукт 0535866
mc-0535866,https://www.b2bmarkt.gr/img/prd/o/75608/-6.jpg,6,- снимка 7,Детски продукт 0535866
mc-0535866,https://www.b2bmarkt.gr/img/prd/o/75608/-7.jpg,7,- снимка 8,Детски продукт 0535866
mc-0535866,https://www.b2bmarkt.gr/img/prd/o/75608/-8.jpg,8,- снимка 9,Детски продукт 0535866
mc-0535866,https://www.b2bmarkt.gr/img/prd/o/75608/-9.jpg,9,- снимка 10,Детски продукт 0535866
mc-0535867,https://www.b2bmarkt.gr/img/prd/o/75609/-1.jpg,1,- снимка 1,Детски продукт 0535867
mc-0535867,https://www.b2bmarkt.gr/img/prd/o/75609/-2.jpg,2,- снимка 3,Детски продукт 0535867
mc-0535867,https://www.b2bmarkt.gr/img/prd/o/75609/-3.jpg,3,- снимка 4,Детски продукт 0535867
mc-0535867,https://www.b2bmarkt.gr/img/prd/o/75609/-4.jpg,4,- снимка 5,Детски продукт 0535867
mc-0535867,https://www.b2bmarkt.gr/img/prd/o/75609/-5.jpg,5,- снимка 6,Детски продукт 0535867
mc-0535867,https://www.b2bmarkt.gr/img/prd/o/75609/-6.jpg,6,- снимка 7,Детски продукт 0535867
mc-0535867,https://www.b2bmarkt.gr/img/prd/o/75609/-7.jpg,7,- снимка 8,Детски продукт 0535867
mc-0613090,https://www.b2bmarkt.gr/img/prd/o/75670/-1.jpg,1,- снимка 1,Детски продукт 0613090
mc-0613090,https://www.b2bmarkt.gr/img/prd/o/75670/-2.jpg,2,- снимка 3,Детски продукт 0613090
mc-0613090,https://www.b2bmarkt.gr/img/prd/o/75670/-3.jpg,3,- снимка 4,Детски продукт 0613090
mc-0613090,https://www.b2bmarkt.gr/img/prd/o/75670/-4.jpg,4,- снимка 5,Детски продукт 0613090
mc-0613090,https://www.b2bmarkt.gr/img/prd/o/75670/-5.jpg,5,- снимка 6,Детски продукт 0613090
mc-0613090,https://www.b2bmarkt.gr/img/prd/o/75670/-6.jpg,6,- снимка 7,Детски продукт 0613090
mc-0613088,https://www.b2bmarkt.gr/img/prd/o/75671/-1.jpg,1,- снимка 1,Детски продукт 0613088
mc-0613088,https://www.b2bmarkt.gr/img/prd/o/75671/-2.jpg,2,- снимка 3,Детски продукт 0613088
mc-0613088,https://www.b2bmarkt.gr/img/prd/o/75671/-3.jpg,3,- снимка 4,Детски продукт 0613088
mc-0613088,https://www.b2bmarkt.gr/img/prd/o/75671/-4.jpg,4,- снимка 5,Детски продукт 0613088
mc-0613088,https://www.b2bmarkt.gr/img/prd/o/75671/-5.jpg,5,- снимка 6,Детски продукт 0613088
mc-0613088,https://www.b2bmarkt.gr/img/prd/o/75671/-6.jpg,6,- снимка 7,Детски продукт 0613088
mc-0613088,https://www.b2bmarkt.gr/img/prd/o/75671/-7.jpg,7,- снимка 8,Детски продукт 0613088
mc-0613088,https://www.b2bmarkt.gr/img/prd/o/75671/-8.jpg,8,- снимка 9,Детски продукт 0613088
mc-0613088,https://www.b2bmarkt.gr/img/prd/o/75671/-9.jpg,9,- снимка 10,Детски продукт 0613088
mc-0613089,https://www.b2bmarkt.gr/img/prd/o/75672/-1.jpg,1,- снимка 1,Детски продукт 0613089
mc-0613089,https://www.b2bmarkt.gr/img/prd/o/75672/-2.jpg,2,- снимка 3,Детски продукт 0613089
mc-0613089,https://www.b2bmarkt.gr/img/prd/o/75672/-3.jpg,3,- снимка 4,Детски продукт 0613089
mc-0613089,https://www.b2bmarkt.gr/img/prd/o/75672/-4.jpg,4,- снимка 5,Детски продукт 0613089
mc-0613089,https://www.b2bmarkt.gr/img/prd/o/75672/-5.jpg,5,- снимка 6,Детски продукт 0613089
mc-0613089,https://www.b2bmarkt.gr/img/prd/o/75672/-6.jpg,6,- снимка 7,Детски продукт 0613089
mc-0613089,https://www.b2bmarkt.gr/img/prd/o/75672/-7.jpg,7,- снимка 8,Детски продукт 0613089
mc-0613089,https://www.b2bmarkt.gr/img/prd/o/75672/-8.jpg,8,- снимка 9,Детски продукт 0613089
mc-0613087,https://www.b2bmarkt.gr/img/prd/o/75673/-1.jpg,1,- снимка 1,Детски продукт 0613087
mc-0613087,https://www.b2bmarkt.gr/img/prd/o/75673/-2.jpg,2,- снимка 3,Детски продукт 0613087
mc-0613087,https://www.b2bmarkt.gr/img/prd/o/75673/-3.jpg,3,- снимка 4,Детски продукт 0613087
mc-0613087,https://www.b2bmarkt.gr/img/prd/o/75673/-4.jpg,4,- снимка 5,Детски продукт 0613087
mc-0613087,https://www.b2bmarkt.gr/img/prd/o/75673/-5.jpg,5,- снимка 6,Детски продукт 0613087
mc-0613087,https://www.b2bmarkt.gr/img/prd/o/75673/-6.jpg,6,- снимка 7,Детски продукт 0613087
mc-0613087,https://www.b2bmarkt.gr/img/prd/o/75673/-7.jpg,7,- снимка 8,Детски продукт 0613087
mc-0613087,https://www.b2bmarkt.gr/img/prd/o/75673/-8.jpg,8,- снимка 9,Детски продукт 0613087
mc-0613087,https://www.b2bmarkt.gr/img/prd/o/75673/-9.jpg,9,- снимка 10,Детски продукт 0613087
mc-0612971,https://www.b2bmarkt.gr/img/prd/o/75674/-1.jpg,1,- снимка 1,Детски продукт 0612971
mc-0612971,https://www.b2bmarkt.gr/img/prd/o/75674/-2.jpg,2,- снимка 3,Детски продукт 0612971
mc-0612971,https://www.b2bmarkt.gr/img/prd/o/75674/-3.jpg,3,- снимка 4,Детски продукт 0612971
mc-0612971,https://www.b2bmarkt.gr/img/prd/o/75674/-4.jpg,4,- снимка 5,Детски продукт 0612971
mc-0612971,https://www.b2bmarkt.gr/img/prd/o/75674/-5.jpg,5,- снимка 6,Детски продукт 0612971
mc-0612971,https://www.b2bmarkt.gr/img/prd/o/75674/-6.jpg,6,- снимка 7,Детски продукт 0612971
mc-0612971,https://www.b2bmarkt.gr/img/prd/o/75674/-7.jpg,7,- снимка 8,Детски продукт 0612971
mc-0612971,https://www.b2bmarkt.gr/img/prd/o/75674/-8.jpg,8,- снимка 9,Детски продукт 0612971
mc-0612971,https://www.b2bmarkt.gr/img/prd/o/75674/-9.jpg,9,- снимка 10,Детски продукт 0612971
mc-0613075,https://www.b2bmarkt.gr/img/prd/o/75732/-1.jpg,1,- снимка 1,Детски продукт 0613075
mc-0613075,https://www.b2bmarkt.gr/img/prd/o/75732/-2.jpg,2,- снимка 3,Детски продукт 0613075
mc-0613075,https://www.b2bmarkt.gr/img/prd/o/75732/-3.jpg,3,- снимка 4,Детски продукт 0613075
mc-0613075,https://www.b2bmarkt.gr/img/prd/o/75732/-4.jpg,4,- снимка 5,Детски продукт 0613075
mc-0613075,https://www.b2bmarkt.gr/img/prd/o/75732/-5.jpg,5,- снимка 6,Детски продукт 0613075
mc-0613075,https://www.b2bmarkt.gr/img/prd/o/75732/-6.jpg,6,- снимка 7,Детски продукт 0613075
mc-0613075,https://www.b2bmarkt.gr/img/prd/o/75732/-7.jpg,7,- снимка 8,Детски продукт 0613075
mc-0613075,https://www.b2bmarkt.gr/img/prd/o/75732/-8.jpg,8,- снимка 9,Детски продукт 0613075
mc-0613075,https://www.b2bmarkt.gr/img/prd/o/75732/-9.jpg,9,- снимка 10,Детски продукт 0613075
mc-0613076,https://www.b2bmarkt.gr/img/prd/o/75733/-1.jpg,1,- снимка 1,Детски продукт 0613076
mc-0613076,https://www.b2bmarkt.gr/img/prd/o/75733/-2.jpg,2,- снимка 3,Детски продукт 0613076
mc-0613076,https://www.b2bmarkt.gr/img/prd/o/75733/-3.jpg,3,- снимка 4,Детски продукт 0613076
mc-0613076,https://www.b2bmarkt.gr/img/prd/o/75733/-4.jpg,4,- снимка 5,Детски продукт 0613076
mc-0613076,https://www.b2bmarkt.gr/img/prd/o/75733/-5.jpg,5,- снимка 6,Детски продукт 0613076
mc-0613076,https://www.b2bmarkt.gr/img/prd/o/75733/-6.jpg,6,- снимка 7,Детски продукт 0613076
mc-0613076,https://www.b2bmarkt.gr/img/prd/o/75733/-7.jpg,7,- снимка 8,Детски продукт 0613076
mc-0613076,https://www.b2bmarkt.gr/img/prd/o/75733/-8.jpg,8,- снимка 9,Детски продукт 0613076
mc-0613076,https://www.b2bmarkt.gr/img/prd/o/75733/-9.jpg,9,- снимка 10,Детски продукт 0613076
mc-0613077,https://www.b2bmarkt.gr/img/prd/o/75734/-1.jpg,1,- снимка 1,Детски продукт 0613077
mc-0613078,https://www.b2bmarkt.gr/img/prd/o/75735/-1.jpg,1,- снимка 1,Детски продукт 0613078
mc-0613078,https://www.b2bmarkt.gr/img/prd/o/75735/-2.jpg,2,- снимка 3,Детски продукт 0613078
mc-0613078,https://www.b2bmarkt.gr/img/prd/o/75735/-3.jpg,3,- снимка 4,Детски продукт 0613078
mc-0613078,https://www.b2bmarkt.gr/img/prd/o/75735/-4.jpg,4,- снимка 5,Детски продукт 0613078
mc-0613078,https://www.b2bmarkt.gr/img/prd/o/75735/-5.jpg,5,- снимка 6,Детски продукт 0613078
mc-0613078,https://www.b2bmarkt.gr/img/prd/o/75735/-6.jpg,6,- снимка 7,Детски продукт 0613078
mc-0613078,https://www.b2bmarkt.gr/img/prd/o/75735/-7.jpg,7,- снимка 8,Детски продукт 0613078
mc-0613078,https://www.b2bmarkt.gr/img/prd/o/75735/-8.jpg,8,- снимка 9,Детски продукт 0613078
mc-0613078,https://www.b2bmarkt.gr/img/prd/o/75735/-9.jpg,9,- снимка 10,Детски продукт 0613078
mc-0613099,https://www.b2bmarkt.gr/img/prd/o/75750/-1.jpg,1,- снимка 1,Детски продукт 0613099
mc-0613099,https://www.b2bmarkt.gr/img/prd/o/75750/-2.jpg,2,- снимка 3,Детски продукт 0613099
mc-0613100,https://www.b2bmarkt.gr/img/prd/o/75751/-1.jpg,1,- снимка 1,Детски продукт 0613100
mc-0613141,https://www.b2bmarkt.gr/img/prd/o/75753/-1.jpg,1,- снимка 1,Детски продукт 0613141
mc-0613141,https://www.b2bmarkt.gr/img/prd/o/75753/-2.jpg,2,- снимка 3,Детски продукт 0613141
mc-0613141,https://www.b2bmarkt.gr/img/prd/o/75753/-3.jpg,3,- снимка 4,Детски продукт 0613141
mc-0613141,https://www.b2bmarkt.gr/img/prd/o/75753/-4.jpg,4,- снимка 5,Детски продукт 0613141
mc-0613141,https://www.b2bmarkt.gr/img/prd/o/75753/-5.jpg,5,- снимка 6,Детски продукт 0613141
mc-0613141,https://www.b2bmarkt.gr/img/prd/o/75753/-6.jpg,6,- снимка 7,Детски продукт 0613141
mc-0613141,https://www.b2bmarkt.gr/img/prd/o/75753/-7.jpg,7,- снимка 8,Детски продукт 0613141
mc-0613141,https://www.b2bmarkt.gr/img/prd/o/75753/-8.jpg,8,- снимка 9,Детски продукт 0613141
mc-0613101,https://www.b2bmarkt.gr/img/prd/o/75754/-1.jpg,1,- снимка 1,Детски продукт 0613101
mc-9995200,https://www.b2bmarkt.gr/img/prd/o/75755/-1.jpg,1,- снимка 1,Детски продукт 9995200
mc-9995200,https://www.b2bmarkt.gr/img/prd/o/75755/-2.jpg,2,- снимка 3,Детски продукт 9995200
mc-9995200,https://www.b2bmarkt.gr/img/prd/o/75755/-3.jpg,3,- снимка 4,Детски продукт 9995200
mc-9995200,https://www.b2bmarkt.gr/img/prd/o/75755/-4.jpg,4,- снимка 5,Детски продукт 9995200
mc-9995200,https://www.b2bmarkt.gr/img/prd/o/75755/-5.jpg,5,- снимка 6,Детски продукт 9995200
mc-9995200,https://www.b2bmarkt.gr/img/prd/o/75755/-6.jpg,6,- снимка 7,Детски продукт 9995200
mc-9995200,https://www.b2bmarkt.gr/img/prd/o/75755/-7.jpg,7,- снимка 8,Детски продукт 9995200
mc-9995200,https://www.b2bmarkt.gr/img/prd/o/75755/-8.jpg,8,- снимка 9,Детски продукт 9995200
mc-9995200,https://www.b2bmarkt.gr/img/prd/o/75755/-9.jpg,9,- снимка 10,Детски продукт 9995200
mc-9995201,https://www.b2bmarkt.gr/img/prd/o/75756/-1.jpg,1,- снимка 1,Детски продукт 9995201
mc-9995201,https://www.b2bmarkt.gr/img/prd/o/75756/-2.jpg,2,- снимка 3,Детски продукт 9995201
mc-9995201,https://www.b2bmarkt.gr/img/prd/o/75756/-3.jpg,3,- снимка 4,Детски продукт 9995201
mc-9995201,https://www.b2bmarkt.gr/img/prd/o/75756/-4.jpg,4,- снимка 5,Детски продукт 9995201
mc-9995201,https://www.b2bmarkt.gr/img/prd/o/75756/-5.jpg,5,- снимка 6,Детски продукт 9995201
mc-9995201,https://www.b2bmarkt.gr/img/prd/o/75756/-6.jpg,6,- снимка 7,Детски продукт 9995201
mc-9995201,https://www.b2bmarkt.gr/img/prd/o/75756/-7.jpg,7,- снимка 8,Детски продукт 9995201
mc-9995201,https://www.b2bmarkt.gr/img/prd/o/75756/-8.jpg,8,- снимка 9,Детски продукт 9995201
mc-9995201,https://www.b2bmarkt.gr/img/prd/o/75756/-9.jpg,9,- снимка 10,Детски продукт 9995201
mc-0613127,https://www.b2bmarkt.gr/img/prd/o/75758/-1.jpg,1,- снимка 1,Детски продукт 0613127
mc-0613127,https://www.b2bmarkt.gr/img/prd/o/75758/-2.jpg,2,- снимка 3,Детски продукт 0613127
mc-0613127,https://www.b2bmarkt.gr/img/prd/o/75758/-3.jpg,3,- снимка 4,Детски продукт 0613127
mc-0613144,https://www.b2bmarkt.gr/img/prd/o/75760/-1.jpg,1,- снимка 1,Детски продукт 0613144
mc-0613144,https://www.b2bmarkt.gr/img/prd/o/75760/-2.jpg,2,- снимка 3,Детски продукт 0613144
mc-0613144,https://www.b2bmarkt.gr/img/prd/o/75760/-3.jpg,3,- снимка 4,Детски продукт 0613144
mc-0613144,https://www.b2bmarkt.gr/img/prd/o/75760/-4.jpg,4,- снимка 5,Детски продукт 0613144
mc-0613144,https://www.b2bmarkt.gr/img/prd/o/75760/-5.jpg,5,- снимка 6,Детски продукт 0613144
mc-0613144,https://www.b2bmarkt.gr/img/prd/o/75760/-6.jpg,6,- снимка 7,Детски продукт 0613144
mc-0613145,https://www.b2bmarkt.gr/img/prd/o/75761/-1.jpg,1,- снимка 1,Детски продукт 0613145
mc-0613145,https://www.b2bmarkt.gr/img/prd/o/75761/-2.jpg,2,- снимка 3,Детски продукт 0613145
mc-0613145,https://www.b2bmarkt.gr/img/prd/o/75761/-3.jpg,3,- снимка 4,Детски продукт 0613145
mc-0613145,https://www.b2bmarkt.gr/img/prd/o/75761/-4.jpg,4,- снимка 5,Детски продукт 0613145
mc-0613145,https://www.b2bmarkt.gr/img/prd/o/75761/-5.jpg,5,- снимка 6,Детски продукт 0613145
mc-0613145,https://www.b2bmarkt.gr/img/prd/o/75761/-6.jpg,6,- снимка 7,Детски продукт 0613145
mc-0612991,https://www.b2bmarkt.gr/img/prd/o/75784/-1.jpg,1,- снимка 1,Детски продукт 0612991
mc-0612991,https://www.b2bmarkt.gr/img/prd/o/75784/-2.jpg,2,- снимка 3,Детски продукт 0612991
mc-0612991,https://www.b2bmarkt.gr/img/prd/o/75784/-3.jpg,3,- снимка 4,Детски продукт 0612991
mc-0612991,https://www.b2bmarkt.gr/img/prd/o/75784/-4.jpg,4,- снимка 5,Детски продукт 0612991
mc-0612991,https://www.b2bmarkt.gr/img/prd/o/75784/-5.jpg,5,- снимка 6,Детски продукт 0612991
mc-0612991,https://www.b2bmarkt.gr/img/prd/o/75784/-6.jpg,6,- снимка 7,Детски продукт 0612991
mc-0612991,https://www.b2bmarkt.gr/img/prd/o/75784/-7.jpg,7,- снимка 8,Детски продукт 0612991
mc-0612991,https://www.b2bmarkt.gr/img/prd/o/75784/-8.jpg,8,- снимка 9,Детски продукт 0612991
mc-0612991,https://www.b2bmarkt.gr/img/prd/o/75784/-9.jpg,9,- снимка 10,Детски продукт 0612991
mc-0613446,https://www.b2bmarkt.gr/img/prd/o/75814/-1.jpg,1,- снимка 1,Детски продукт 0613446
mc-0613446,https://www.b2bmarkt.gr/img/prd/o/75814/-2.jpg,2,- снимка 3,Детски продукт 0613446
mc-0613446,https://www.b2bmarkt.gr/img/prd/o/75814/-3.jpg,3,- снимка 4,Детски продукт 0613446
mc-0613446,https://www.b2bmarkt.gr/img/prd/o/75814/-4.jpg,4,- снимка 5,Детски продукт 0613446
mc-0613446,https://www.b2bmarkt.gr/img/prd/o/75814/-5.jpg,5,- снимка 6,Детски продукт 0613446
mc-0613446,https://www.b2bmarkt.gr/img/prd/o/75814/-6.jpg,6,- снимка 7,Детски продукт 0613446
mc-0613446,https://www.b2bmarkt.gr/img/prd/o/75814/-7.jpg,7,- снимка 8,Детски продукт 0613446
mc-0613446,https://www.b2bmarkt.gr/img/prd/o/75814/-8.jpg,8,- снимка 9,Детски продукт 0613446
mc-0613446,https://www.b2bmarkt.gr/img/prd/o/75814/-9.jpg,9,- снимка 10,Детски продукт 0613446
mc-0613109,https://www.b2bmarkt.gr/img/prd/o/75815/-1.jpg,1,- снимка 1,Детски продукт 0613109
mc-0613109,https://www.b2bmarkt.gr/img/prd/o/75815/-2.jpg,2,- снимка 3,Детски продукт 0613109
mc-0613109,https://www.b2bmarkt.gr/img/prd/o/75815/-3.jpg,3,- снимка 4,Детски продукт 0613109
mc-0613109,https://www.b2bmarkt.gr/img/prd/o/75815/-4.jpg,4,- снимка 5,Детски продукт 0613109
mc-0613109,https://www.b2bmarkt.gr/img/prd/o/75815/-5.jpg,5,- снимка 6,Детски продукт 0613109
mc-0613109,https://www.b2bmarkt.gr/img/prd/o/75815/-6.jpg,6,- снимка 7,Детски продукт 0613109
mc-0613109,https://www.b2bmarkt.gr/img/prd/o/75815/-7.jpg,7,- снимка 8,Детски продукт 0613109
mc-0613124,https://www.b2bmarkt.gr/img/prd/o/75816/-1.jpg,1,- снимка 1,Детски продукт 0613124
mc-0613124,https://www.b2bmarkt.gr/img/prd/o/75816/-2.jpg,2,- снимка 3,Детски продукт 0613124
mc-0613124,https://www.b2bmarkt.gr/img/prd/o/75816/-3.jpg,3,- снимка 4,Детски продукт 0613124
mc-0613124,https://www.b2bmarkt.gr/img/prd/o/75816/-4.jpg,4,- снимка 5,Детски продукт 0613124
mc-0613124,https://www.b2bmarkt.gr/img/prd/o/75816/-5.jpg,5,- снимка 6,Детски продукт 0613124
mc-0613124,https://www.b2bmarkt.gr/img/prd/o/75816/-6.jpg,6,- снимка 7,Детски продукт 0613124
mc-0613124,https://www.b2bmarkt.gr/img/prd/o/75816/-7.jpg,7,- снимка 8,Детски продукт 0613124
mc-0613124,https://www.b2bmarkt.gr/img/prd/o/75816/-8.jpg,8,- снимка 9,Детски продукт 0613124
mc-0613124,https://www.b2bmarkt.gr/img/prd/o/75816/-9.jpg,9,- снимка 10,Детски продукт 0613124
mc-0613134,https://www.b2bmarkt.gr/img/prd/o/75817/-1.jpg,1,- снимка 1,Детски продукт 0613134
mc-0613134,https://www.b2bmarkt.gr/img/prd/o/75817/-2.jpg,2,- снимка 3,Детски продукт 0613134
mc-0613134,https://www.b2bmarkt.gr/img/prd/o/75817/-3.jpg,3,- снимка 4,Детски продукт 0613134
mc-0613134,https://www.b2bmarkt.gr/img/prd/o/75817/-4.jpg,4,- снимка 5,Детски продукт 0613134
mc-0613134,https://www.b2bmarkt.gr/img/prd/o/75817/-5.jpg,5,- снимка 6,Детски продукт 0613134
mc-0613134,https://www.b2bmarkt.gr/img/prd/o/75817/-6.jpg,6,- снимка 7,Детски продукт 0613134
mc-0613134,https://www.b2bmarkt.gr/img/prd/o/75817/-7.jpg,7,- снимка 8,Детски продукт 0613134
mc-0613134,https://www.b2bmarkt.gr/img/prd/o/75817/-8.jpg,8,- снимка 9,Детски продукт 0613134
mc-0613134,https://www.b2bmarkt.gr/img/prd/o/75817/-9.jpg,9,- снимка 10,Детски продукт 0613134
mc-0613135,https://www.b2bmarkt.gr/img/prd/o/75818/-1.jpg,1,- снимка 1,Детски продукт 0613135
mc-0613135,https://www.b2bmarkt.gr/img/prd/o/75818/-2.jpg,2,- снимка 3,Детски продукт 0613135
mc-0613135,https://www.b2bmarkt.gr/img/prd/o/75818/-3.jpg,3,- снимка 4,Детски продукт 0613135
mc-0613105,https://www.b2bmarkt.gr/img/prd/o/75819/-1.jpg,1,- снимка 1,Детски продукт 0613105
mc-0613105,https://www.b2bmarkt.gr/img/prd/o/75819/-2.jpg,2,- снимка 3,Детски продукт 0613105
mc-0613105,https://www.b2bmarkt.gr/img/prd/o/75819/-3.jpg,3,- снимка 4,Детски продукт 0613105
mc-0613105,https://www.b2bmarkt.gr/img/prd/o/75819/-4.jpg,4,- снимка 5,Детски продукт 0613105
mc-0613105,https://www.b2bmarkt.gr/img/prd/o/75819/-5.jpg,5,- снимка 6,Детски продукт 0613105
mc-0613105,https://www.b2bmarkt.gr/img/prd/o/75819/-6.jpg,6,- снимка 7,Детски продукт 0613105
mc-0613105,https://www.b2bmarkt.gr/img/prd/o/75819/-7.jpg,7,- снимка 8,Детски продукт 0613105
mc-0613105,https://www.b2bmarkt.gr/img/prd/o/75819/-8.jpg,8,- снимка 9,Детски продукт 0613105
mc-0613105,https://www.b2bmarkt.gr/img/prd/o/75819/-9.jpg,9,- снимка 10,Детски продукт 0613105
mc-0613137,https://www.b2bmarkt.gr/img/prd/o/75820/-1.jpg,1,- снимка 1,Детски продукт 0613137
mc-0613137,https://www.b2bmarkt.gr/img/prd/o/75820/-2.jpg,2,- снимка 3,Детски продукт 0613137
mc-0613137,https://www.b2bmarkt.gr/img/prd/o/75820/-3.jpg,3,- снимка 4,Детски продукт 0613137
mc-0613137,https://www.b2bmarkt.gr/img/prd/o/75820/-4.jpg,4,- снимка 5,Детски продукт 0613137
mc-0613137,https://www.b2bmarkt.gr/img/prd/o/75820/-5.jpg,5,- снимка 6,Детски продукт 0613137
mc-0613137,https://www.b2bmarkt.gr/img/prd/o/75820/-6.jpg,6,- снимка 7,Детски продукт 0613137
mc-0613137,https://www.b2bmarkt.gr/img/prd/o/75820/-7.jpg,7,- снимка 8,Детски продукт 0613137
mc-0613137,https://www.b2bmarkt.gr/img/prd/o/75820/-8.jpg,8,- снимка 9,Детски продукт 0613137
mc-0613137,https://www.b2bmarkt.gr/img/prd/o/75820/-9.jpg,9,- снимка 10,Детски продукт 0613137
mc-0613138,https://www.b2bmarkt.gr/img/prd/o/75824/-1.jpg,1,- снимка 1,Детски продукт 0613138
mc-0613138,https://www.b2bmarkt.gr/img/prd/o/75824/-2.jpg,2,- снимка 3,Детски продукт 0613138
mc-0613138,https://www.b2bmarkt.gr/img/prd/o/75824/-3.jpg,3,- снимка 4,Детски продукт 0613138
mc-0613138,https://www.b2bmarkt.gr/img/prd/o/75824/-4.jpg,4,- снимка 5,Детски продукт 0613138
mc-0613138,https://www.b2bmarkt.gr/img/prd/o/75824/-5.jpg,5,- снимка 6,Детски продукт 0613138
mc-0613138,https://www.b2bmarkt.gr/img/prd/o/75824/-6.jpg,6,- снимка 7,Детски продукт 0613138
mc-0613138,https://www.b2bmarkt.gr/img/prd/o/75824/-7.jpg,7,- снимка 8,Детски продукт 0613138
mc-0613138,https://www.b2bmarkt.gr/img/prd/o/75824/-8.jpg,8,- снимка 9,Детски продукт 0613138
mc-0613140,https://www.b2bmarkt.gr/img/prd/o/75826/-1.jpg,1,- снимка 1,Детски продукт 0613140
mc-0613140,https://www.b2bmarkt.gr/img/prd/o/75826/-2.jpg,2,- снимка 3,Детски продукт 0613140
mc-0613140,https://www.b2bmarkt.gr/img/prd/o/75826/-3.jpg,3,- снимка 4,Детски продукт 0613140
mc-0613140,https://www.b2bmarkt.gr/img/prd/o/75826/-4.jpg,4,- снимка 5,Детски продукт 0613140
mc-0613140,https://www.b2bmarkt.gr/img/prd/o/75826/-5.jpg,5,- снимка 6,Детски продукт 0613140
mc-0613140,https://www.b2bmarkt.gr/img/prd/o/75826/-6.jpg,6,- снимка 7,Детски продукт 0613140
mc-0613140,https://www.b2bmarkt.gr/img/prd/o/75826/-7.jpg,7,- снимка 8,Детски продукт 0613140
mc-0613140,https://www.b2bmarkt.gr/img/prd/o/75826/-8.jpg,8,- снимка 9,Детски продукт 0613140
mc-0613142,https://www.b2bmarkt.gr/img/prd/o/75827/-1.jpg,1,- снимка 1,Детски продукт 0613142
mc-0613142,https://www.b2bmarkt.gr/img/prd/o/75827/-2.jpg,2,- снимка 3,Детски продукт 0613142
mc-0613142,https://www.b2bmarkt.gr/img/prd/o/75827/-3.jpg,3,- снимка 4,Детски продукт 0613142
mc-0613142,https://www.b2bmarkt.gr/img/prd/o/75827/-4.jpg,4,- снимка 5,Детски продукт 0613142
mc-0613142,https://www.b2bmarkt.gr/img/prd/o/75827/-5.jpg,5,- снимка 6,Детски продукт 0613142
mc-0613142,https://www.b2bmarkt.gr/img/prd/o/75827/-6.jpg,6,- снимка 7,Детски продукт 0613142
mc-0613142,https://www.b2bmarkt.gr/img/prd/o/75827/-7.jpg,7,- снимка 8,Детски продукт 0613142
mc-0613142,https://www.b2bmarkt.gr/img/prd/o/75827/-8.jpg,8,- снимка 9,Детски продукт 0613142
mc-0613142,https://www.b2bmarkt.gr/img/prd/o/75827/-9.jpg,9,- снимка 10,Детски продукт 0613142
mc-0613107,https://www.b2bmarkt.gr/img/prd/o/75833/-1.jpg,1,- снимка 1,Детски продукт 0613107
mc-0613107,https://www.b2bmarkt.gr/img/prd/o/75833/-2.jpg,2,- снимка 3,Детски продукт 0613107
mc-0613107,https://www.b2bmarkt.gr/img/prd/o/75833/-3.jpg,3,- снимка 4,Детски продукт 0613107
mc-0613107,https://www.b2bmarkt.gr/img/prd/o/75833/-4.jpg,4,- снимка 5,Детски продукт 0613107
mc-0613107,https://www.b2bmarkt.gr/img/prd/o/75833/-5.jpg,5,- снимка 6,Детски продукт 0613107
mc-0613107,https://www.b2bmarkt.gr/img/prd/o/75833/-6.jpg,6,- снимка 7,Детски продукт 0613107
mc-0613107,https://www.b2bmarkt.gr/img/prd/o/75833/-7.jpg,7,- снимка 8,Детски продукт 0613107
mc-0613107,https://www.b2bmarkt.gr/img/prd/o/75833/-8.jpg,8,- снимка 9,Детски продукт 0613107
mc-0613107,https://www.b2bmarkt.gr/img/prd/o/75833/-9.jpg,9,- снимка 10,Детски продукт 0613107
mc-9995278,https://www.b2bmarkt.gr/img/prd/o/75834/-1.jpg,1,- снимка 1,Детски продукт 9995278
mc-9995278,https://www.b2bmarkt.gr/img/prd/o/75834/-2.jpg,2,- снимка 3,Детски продукт 9995278
mc-9995278,https://www.b2bmarkt.gr/img/prd/o/75834/-3.jpg,3,- снимка 4,Детски продукт 9995278
mc-9995278,https://www.b2bmarkt.gr/img/prd/o/75834/-4.jpg,4,- снимка 5,Детски продукт 9995278
mc-9995278,https://www.b2bmarkt.gr/img/prd/o/75834/-5.jpg,5,- снимка 6,Детски продукт 9995278
mc-9995278,https://www.b2bmarkt.gr/img/prd/o/75834/-6.jpg,6,- снимка 7,Детски продукт 9995278
mc-9995278,https://www.b2bmarkt.gr/img/prd/o/75834/-7.jpg,7,- снимка 8,Детски продукт 9995278
mc-9995278,https://www.b2bmarkt.gr/img/prd/o/75834/-8.jpg,8,- снимка 9,Детски продукт 9995278
mc-9995278,https://www.b2bmarkt.gr/img/prd/o/75834/-9.jpg,9,- снимка 10,Детски продукт 9995278
mc-9995279,https://www.b2bmarkt.gr/img/prd/o/75835/-1.jpg,1,- снимка 1,Детски продукт 9995279
mc-9995279,https://www.b2bmarkt.gr/img/prd/o/75835/-2.jpg,2,- снимка 3,Детски продукт 9995279
mc-9995279,https://www.b2bmarkt.gr/img/prd/o/75835/-3.jpg,3,- снимка 4,Детски продукт 9995279
mc-9995279,https://www.b2bmarkt.gr/img/prd/o/75835/-4.jpg,4,- снимка 5,Детски продукт 9995279
mc-9995279,https://www.b2bmarkt.gr/img/prd/o/75835/-5.jpg,5,- снимка 6,Детски продукт 9995279
mc-9995279,https://www.b2bmarkt.gr/img/prd/o/75835/-6.jpg,6,- снимка 7,Детски продукт 9995279
mc-9995279,https://www.b2bmarkt.gr/img/prd/o/75835/-7.jpg,7,- снимка 8,Детски продукт 9995279
mc-9995279,https://www.b2bmarkt.gr/img/prd/o/75835/-8.jpg,8,- снимка 9,Детски продукт 9995279
mc-9995279,https://www.b2bmarkt.gr/img/prd/o/75835/-9.jpg,9,- снимка 10,Детски продукт 9995279
mc-9995282,https://www.b2bmarkt.gr/img/prd/o/75847/-1.jpg,1,- снимка 1,Детски продукт 9995282
mc-0612989,https://www.b2bmarkt.gr/img/prd/o/75848/-1.jpg,1,- снимка 1,Детски продукт 0612989
mc-0612989,https://www.b2bmarkt.gr/img/prd/o/75848/-2.jpg,2,- снимка 3,Детски продукт 0612989
mc-0612989,https://www.b2bmarkt.gr/img/prd/o/75848/-3.jpg,3,- снимка 4,Детски продукт 0612989
mc-0612989,https://www.b2bmarkt.gr/img/prd/o/75848/-4.jpg,4,- снимка 5,Детски продукт 0612989
mc-0612989,https://www.b2bmarkt.gr/img/prd/o/75848/-5.jpg,5,- снимка 6,Детски продукт 0612989
mc-0612989,https://www.b2bmarkt.gr/img/prd/o/75848/-6.jpg,6,- снимка 7,Детски продукт 0612989
mc-0612989,https://www.b2bmarkt.gr/img/prd/o/75848/-7.jpg,7,- снимка 8,Детски продукт 0612989
mc-0612986,https://www.b2bmarkt.gr/img/prd/o/75849/-1.jpg,1,- снимка 1,Детски продукт 0612986
mc-0612986,https://www.b2bmarkt.gr/img/prd/o/75849/-2.jpg,2,- снимка 3,Детски продукт 0612986
mc-0612986,https://www.b2bmarkt.gr/img/prd/o/75849/-3.jpg,3,- снимка 4,Детски продукт 0612986
mc-0612986,https://www.b2bmarkt.gr/img/prd/o/75849/-4.jpg,4,- снимка 5,Детски продукт 0612986
mc-0612986,https://www.b2bmarkt.gr/img/prd/o/75849/-5.jpg,5,- снимка 6,Детски продукт 0612986
mc-0612986,https://www.b2bmarkt.gr/img/prd/o/75849/-6.jpg,6,- снимка 7,Детски продукт 0612986
mc-0612986,https://www.b2bmarkt.gr/img/prd/o/75849/-7.jpg,7,- снимка 8,Детски продукт 0612986
mc-0612986,https://www.b2bmarkt.gr/img/prd/o/75849/-8.jpg,8,- снимка 9,Детски продукт 0612986
mc-0612986,https://www.b2bmarkt.gr/img/prd/o/75849/-9.jpg,9,- снимка 10,Детски продукт 0612986
mc-0613083,https://www.b2bmarkt.gr/img/prd/o/75886/-1.jpg,1,- снимка 1,Детски продукт 0613083
mc-0613083,https://www.b2bmarkt.gr/img/prd/o/75886/-2.jpg,2,- снимка 3,Детски продукт 0613083
mc-0613083,https://www.b2bmarkt.gr/img/prd/o/75886/-3.jpg,3,- снимка 4,Детски продукт 0613083
mc-0613083,https://www.b2bmarkt.gr/img/prd/o/75886/-4.jpg,4,- снимка 5,Детски продукт 0613083
mc-0613083,https://www.b2bmarkt.gr/img/prd/o/75886/-5.jpg,5,- снимка 6,Детски продукт 0613083
mc-0613083,https://www.b2bmarkt.gr/img/prd/o/75886/-6.jpg,6,- снимка 7,Детски продукт 0613083
mc-0613083,https://www.b2bmarkt.gr/img/prd/o/75886/-7.jpg,7,- снимка 8,Детски продукт 0613083
mc-0613083,https://www.b2bmarkt.gr/img/prd/o/75886/-8.jpg,8,- снимка 9,Детски продукт 0613083
mc-0613199,https://www.b2bmarkt.gr/img/prd/o/75895/-1.jpg,1,- снимка 1,Детски продукт 0613199
mc-0613199,https://www.b2bmarkt.gr/img/prd/o/75895/-2.jpg,2,- снимка 3,Детски продукт 0613199
mc-0613199,https://www.b2bmarkt.gr/img/prd/o/75895/-3.jpg,3,- снимка 4,Детски продукт 0613199
mc-0613199,https://www.b2bmarkt.gr/img/prd/o/75895/-4.jpg,4,- снимка 5,Детски продукт 0613199
mc-0613199,https://www.b2bmarkt.gr/img/prd/o/75895/-5.jpg,5,- снимка 6,Детски продукт 0613199
mc-0613199,https://www.b2bmarkt.gr/img/prd/o/75895/-6.jpg,6,- снимка 7,Детски продукт 0613199
mc-0613199,https://www.b2bmarkt.gr/img/prd/o/75895/-7.jpg,7,- снимка 8,Детски продукт 0613199
mc-0613199,https://www.b2bmarkt.gr/img/prd/o/75895/-8.jpg,8,- снимка 9,Детски продукт 0613199
mc-0613203,https://www.b2bmarkt.gr/img/prd/o/75904/-1.jpg,1,- снимка 1,Детски продукт 0613203
mc-0613203,https://www.b2bmarkt.gr/img/prd/o/75904/-2.jpg,2,- снимка 3,Детски продукт 0613203
mc-0613203,https://www.b2bmarkt.gr/img/prd/o/75904/-3.jpg,3,- снимка 4,Детски продукт 0613203
mc-0613203,https://www.b2bmarkt.gr/img/prd/o/75904/-4.jpg,4,- снимка 5,Детски продукт 0613203
mc-0613203,https://www.b2bmarkt.gr/img/prd/o/75904/-5.jpg,5,- снимка 6,Детски продукт 0613203
mc-0613203,https://www.b2bmarkt.gr/img/prd/o/75904/-6.jpg,6,- снимка 7,Детски продукт 0613203
mc-0613203,https://www.b2bmarkt.gr/img/prd/o/75904/-7.jpg,7,- снимка 8,Детски продукт 0613203
mc-0613203,https://www.b2bmarkt.gr/img/prd/o/75904/-8.jpg,8,- снимка 9,Детски продукт 0613203
mc-0613203,https://www.b2bmarkt.gr/img/prd/o/75904/-9.jpg,9,- снимка 10,Детски продукт 0613203
mc-0613204,https://www.b2bmarkt.gr/img/prd/o/75905/-1.jpg,1,- снимка 1,Детски продукт 0613204
mc-0613200,https://www.b2bmarkt.gr/img/prd/o/75907/-1.jpg,1,- снимка 1,Детски продукт 0613200
mc-0613200,https://www.b2bmarkt.gr/img/prd/o/75907/-2.jpg,2,- снимка 3,Детски продукт 0613200
mc-0613201,https://www.b2bmarkt.gr/img/prd/o/75908/-1.jpg,1,- снимка 1,Детски продукт 0613201
mc-0613201,https://www.b2bmarkt.gr/img/prd/o/75908/-2.jpg,2,- снимка 3,Детски продукт 0613201
mc-0613201,https://www.b2bmarkt.gr/img/prd/o/75908/-3.jpg,3,- снимка 4,Детски продукт 0613201
mc-0613201,https://www.b2bmarkt.gr/img/prd/o/75908/-4.jpg,4,- снимка 5,Детски продукт 0613201
mc-0613201,https://www.b2bmarkt.gr/img/prd/o/75908/-5.jpg,5,- снимка 6,Детски продукт 0613201
mc-0613201,https://www.b2bmarkt.gr/img/prd/o/75908/-6.jpg,6,- снимка 7,Детски продукт 0613201
mc-0613201,https://www.b2bmarkt.gr/img/prd/o/75908/-7.jpg,7,- снимка 8,Детски продукт 0613201
mc-0613201,https://www.b2bmarkt.gr/img/prd/o/75908/-8.jpg,8,- снимка 9,Детски продукт 0613201
mc-0613202,https://www.b2bmarkt.gr/img/prd/o/75909/-1.jpg,1,- снимка 1,Детски продукт 0613202
mc-0613202,https://www.b2bmarkt.gr/img/prd/o/75909/-2.jpg,2,- снимка 3,Детски продукт 0613202
mc-0612994,https://www.b2bmarkt.gr/img/prd/o/75919/-1.jpg,1,- снимка 1,Детски продукт 0612994
mc-0612994,https://www.b2bmarkt.gr/img/prd/o/75919/-2.jpg,2,- снимка 3,Детски продукт 0612994
mc-0612994,https://www.b2bmarkt.gr/img/prd/o/75919/-3.jpg,3,- снимка 4,Детски продукт 0612994
mc-0612994,https://www.b2bmarkt.gr/img/prd/o/75919/-4.jpg,4,- снимка 5,Детски продукт 0612994
mc-0612994,https://www.b2bmarkt.gr/img/prd/o/75919/-5.jpg,5,- снимка 6,Детски продукт 0612994
mc-0612994,https://www.b2bmarkt.gr/img/prd/o/75919/-6.jpg,6,- снимка 7,Детски продукт 0612994
mc-0612994,https://www.b2bmarkt.gr/img/prd/o/75919/-7.jpg,7,- снимка 8,Детски продукт 0612994
mc-0612994,https://www.b2bmarkt.gr/img/prd/o/75919/-8.jpg,8,- снимка 9,Детски продукт 0612994
mc-0612995,https://www.b2bmarkt.gr/img/prd/o/75920/-1.jpg,1,- снимка 1,Детски продукт 0612995
mc-0612995,https://www.b2bmarkt.gr/img/prd/o/75920/-2.jpg,2,- снимка 3,Детски продукт 0612995
mc-0612995,https://www.b2bmarkt.gr/img/prd/o/75920/-3.jpg,3,- снимка 4,Детски продукт 0612995
mc-0612995,https://www.b2bmarkt.gr/img/prd/o/75920/-4.jpg,4,- снимка 5,Детски продукт 0612995
mc-0612995,https://www.b2bmarkt.gr/img/prd/o/75920/-5.jpg,5,- снимка 6,Детски продукт 0612995
mc-0612995,https://www.b2bmarkt.gr/img/prd/o/75920/-6.jpg,6,- снимка 7,Детски продукт 0612995
mc-0612995,https://www.b2bmarkt.gr/img/prd/o/75920/-7.jpg,7,- снимка 8,Детски продукт 0612995
mc-0612995,https://www.b2bmarkt.gr/img/prd/o/75920/-8.jpg,8,- снимка 9,Детски продукт 0612995
mc-0613074,https://www.b2bmarkt.gr/img/prd/o/75923/-1.jpg,1,- снимка 1,Детски продукт 0613074
mc-0613074,https://www.b2bmarkt.gr/img/prd/o/75923/-2.jpg,2,- снимка 3,Детски продукт 0613074
mc-0613074,https://www.b2bmarkt.gr/img/prd/o/75923/-3.jpg,3,- снимка 4,Детски продукт 0613074
mc-0613074,https://www.b2bmarkt.gr/img/prd/o/75923/-4.jpg,4,- снимка 5,Детски продукт 0613074
mc-0613074,https://www.b2bmarkt.gr/img/prd/o/75923/-5.jpg,5,- снимка 6,Детски продукт 0613074
mc-0613074,https://www.b2bmarkt.gr/img/prd/o/75923/-6.jpg,6,- снимка 7,Детски продукт 0613074
mc-0613205,https://www.b2bmarkt.gr/img/prd/o/75924/-1.jpg,1,- снимка 1,Детски продукт 0613205
mc-0613205,https://www.b2bmarkt.gr/img/prd/o/75924/-2.jpg,2,- снимка 3,Детски продукт 0613205
mc-0613205,https://www.b2bmarkt.gr/img/prd/o/75924/-3.jpg,3,- снимка 4,Детски продукт 0613205
mc-0613205,https://www.b2bmarkt.gr/img/prd/o/75924/-4.jpg,4,- снимка 5,Детски продукт 0613205
mc-0613205,https://www.b2bmarkt.gr/img/prd/o/75924/-5.jpg,5,- снимка 6,Детски продукт 0613205
mc-0613205,https://www.b2bmarkt.gr/img/prd/o/75924/-6.jpg,6,- снимка 7,Детски продукт 0613205
mc-0613205,https://www.b2bmarkt.gr/img/prd/o/75924/-7.jpg,7,- снимка 8,Детски продукт 0613205
mc-0613205,https://www.b2bmarkt.gr/img/prd/o/75924/-8.jpg,8,- снимка 9,Детски продукт 0613205
mc-0613205,https://www.b2bmarkt.gr/img/prd/o/75924/-9.jpg,9,- снимка 10,Детски продукт 0613205
mc-0613206,https://www.b2bmarkt.gr/img/prd/o/75925/-1.jpg,1,- снимка 1,Детски продукт 0613206
mc-0613209,https://www.b2bmarkt.gr/img/prd/o/75927/-1.jpg,1,- снимка 1,Детски продукт 0613209
mc-0613209,https://www.b2bmarkt.gr/img/prd/o/75927/-2.jpg,2,- снимка 3,Детски продукт 0613209
mc-0613209,https://www.b2bmarkt.gr/img/prd/o/75927/-3.jpg,3,- снимка 4,Детски продукт 0613209
mc-0613209,https://www.b2bmarkt.gr/img/prd/o/75927/-4.jpg,4,- снимка 5,Детски продукт 0613209
mc-0613209,https://www.b2bmarkt.gr/img/prd/o/75927/-5.jpg,5,- снимка 6,Детски продукт 0613209
mc-0613209,https://www.b2bmarkt.gr/img/prd/o/75927/-6.jpg,6,- снимка 7,Детски продукт 0613209
mc-0613209,https://www.b2bmarkt.gr/img/prd/o/75927/-7.jpg,7,- снимка 8,Детски продукт 0613209
mc-0613209,https://www.b2bmarkt.gr/img/prd/o/75927/-8.jpg,8,- снимка 9,Детски продукт 0613209
mc-0613210,https://www.b2bmarkt.gr/img/prd/o/75928/-1.jpg,1,- снимка 1,Детски продукт 0613210
mc-0613210,https://www.b2bmarkt.gr/img/prd/o/75928/-2.jpg,2,- снимка 3,Детски продукт 0613210
mc-9995277,https://www.b2bmarkt.gr/img/prd/o/75929/-1.jpg,1,- снимка 1,Детски продукт 9995277
mc-0613079,https://www.b2bmarkt.gr/img/prd/o/75930/-1.jpg,1,- снимка 1,Детски продукт 0613079
mc-0613080,https://www.b2bmarkt.gr/img/prd/o/75931/-1.jpg,1,- снимка 1,Детски продукт 0613080
mc-0613080,https://www.b2bmarkt.gr/img/prd/o/75931/-2.jpg,2,- снимка 3,Детски продукт 0613080
mc-0613080,https://www.b2bmarkt.gr/img/prd/o/75931/-3.jpg,3,- снимка 4,Детски продукт 0613080
mc-0613080,https://www.b2bmarkt.gr/img/prd/o/75931/-4.jpg,4,- снимка 5,Детски продукт 0613080
mc-0613080,https://www.b2bmarkt.gr/img/prd/o/75931/-5.jpg,5,- снимка 6,Детски продукт 0613080
mc-0613080,https://www.b2bmarkt.gr/img/prd/o/75931/-6.jpg,6,- снимка 7,Детски продукт 0613080
mc-0613080,https://www.b2bmarkt.gr/img/prd/o/75931/-7.jpg,7,- снимка 8,Детски продукт 0613080
mc-0613080,https://www.b2bmarkt.gr/img/prd/o/75931/-8.jpg,8,- снимка 9,Детски продукт 0613080
mc-0613081,https://www.b2bmarkt.gr/img/prd/o/75932/-1.jpg,1,- снимка 1,Детски продукт 0613081
mc-0613082,https://www.b2bmarkt.gr/img/prd/o/75933/-1.jpg,1,- снимка 1,Детски продукт 0613082
mc-0613084,https://www.b2bmarkt.gr/img/prd/o/75934/-1.jpg,1,- снимка 1,Детски продукт 0613084
mc-0613126,https://www.b2bmarkt.gr/img/prd/o/75936/-1.jpg,1,- снимка 1,Детски продукт 0613126
mc-0613126,https://www.b2bmarkt.gr/img/prd/o/75936/-2.jpg,2,- снимка 3,Детски продукт 0613126
mc-0615467,https://www.b2bmarkt.gr/img/prd/o/75937/-1.jpg,1,- снимка 1,Детски продукт 0615467
mc-0615467,https://www.b2bmarkt.gr/img/prd/o/75937/-2.jpg,2,- снимка 3,Детски продукт 0615467
mc-0615467,https://www.b2bmarkt.gr/img/prd/o/75937/-3.jpg,3,- снимка 4,Детски продукт 0615467
mc-0615467,https://www.b2bmarkt.gr/img/prd/o/75937/-4.jpg,4,- снимка 5,Детски продукт 0615467
mc-0615467,https://www.b2bmarkt.gr/img/prd/o/75937/-5.jpg,5,- снимка 6,Детски продукт 0615467
mc-0615467,https://www.b2bmarkt.gr/img/prd/o/75937/-6.jpg,6,- снимка 7,Детски продукт 0615467
mc-0615467,https://www.b2bmarkt.gr/img/prd/o/75937/-7.jpg,7,- снимка 8,Детски продукт 0615467
mc-0615467,https://www.b2bmarkt.gr/img/prd/o/75937/-8.jpg,8,- снимка 9,Детски продукт 0615467
mc-0615449,https://www.b2bmarkt.gr/img/prd/o/75938/-1.jpg,1,- снимка 1,Детски продукт 0615449
mc-0615449,https://www.b2bmarkt.gr/img/prd/o/75938/-2.jpg,2,- снимка 3,Детски продукт 0615449
mc-0615449,https://www.b2bmarkt.gr/img/prd/o/75938/-3.jpg,3,- снимка 4,Детски продукт 0615449
mc-0615449,https://www.b2bmarkt.gr/img/prd/o/75938/-4.jpg,4,- снимка 5,Детски продукт 0615449
mc-0615449,https://www.b2bmarkt.gr/img/prd/o/75938/-5.jpg,5,- снимка 6,Детски продукт 0615449
mc-0615449,https://www.b2bmarkt.gr/img/prd/o/75938/-6.jpg,6,- снимка 7,Детски продукт 0615449
mc-0615449,https://www.b2bmarkt.gr/img/prd/o/75938/-7.jpg,7,- снимка 8,Детски продукт 0615449
mc-0615449,https://www.b2bmarkt.gr/img/prd/o/75938/-8.jpg,8,- снимка 9,Детски продукт 0615449
mc-0615449,https://www.b2bmarkt.gr/img/prd/o/75938/-9.jpg,9,- снимка 10,Детски продукт 0615449
mc-0615450,https://www.b2bmarkt.gr/img/prd/o/75939/-1.jpg,1,- снимка 1,Детски продукт 0615450
mc-0615450,https://www.b2bmarkt.gr/img/prd/o/75939/-2.jpg,2,- снимка 3,Детски продукт 0615450
mc-0615450,https://www.b2bmarkt.gr/img/prd/o/75939/-3.jpg,3,- снимка 4,Детски продукт 0615450
mc-0615450,https://www.b2bmarkt.gr/img/prd/o/75939/-4.jpg,4,- снимка 5,Детски продукт 0615450
mc-0615450,https://www.b2bmarkt.gr/img/prd/o/75939/-5.jpg,5,- снимка 6,Детски продукт 0615450
mc-0615450,https://www.b2bmarkt.gr/img/prd/o/75939/-6.jpg,6,- снимка 7,Детски продукт 0615450
mc-0615450,https://www.b2bmarkt.gr/img/prd/o/75939/-7.jpg,7,- снимка 8,Детски продукт 0615450
mc-0615450,https://www.b2bmarkt.gr/img/prd/o/75939/-8.jpg,8,- снимка 9,Детски продукт 0615450
mc-0615450,https://www.b2bmarkt.gr/img/prd/o/75939/-9.jpg,9,- снимка 10,Детски продукт 0615450
mc-0615445,https://www.b2bmarkt.gr/img/prd/o/75941/-1.jpg,1,- снимка 1,Детски продукт 0615445
mc-0615445,https://www.b2bmarkt.gr/img/prd/o/75941/-2.jpg,2,- снимка 3,Детски продукт 0615445
mc-0615445,https://www.b2bmarkt.gr/img/prd/o/75941/-3.jpg,3,- снимка 4,Детски продукт 0615445
mc-0615445,https://www.b2bmarkt.gr/img/prd/o/75941/-4.jpg,4,- снимка 5,Детски продукт 0615445
mc-0615445,https://www.b2bmarkt.gr/img/prd/o/75941/-5.jpg,5,- снимка 6,Детски продукт 0615445
mc-0615445,https://www.b2bmarkt.gr/img/prd/o/75941/-6.jpg,6,- снимка 7,Детски продукт 0615445
mc-0615445,https://www.b2bmarkt.gr/img/prd/o/75941/-7.jpg,7,- снимка 8,Детски продукт 0615445
mc-0615445,https://www.b2bmarkt.gr/img/prd/o/75941/-8.jpg,8,- снимка 9,Детски продукт 0615445
mc-0615445,https://www.b2bmarkt.gr/img/prd/o/75941/-9.jpg,9,- снимка 10,Детски продукт 0615445
mc-0615446,https://www.b2bmarkt.gr/img/prd/o/75942/-1.jpg,1,- снимка 1,Детски продукт 0615446
mc-0615446,https://www.b2bmarkt.gr/img/prd/o/75942/-2.jpg,2,- снимка 3,Детски продукт 0615446
mc-0615446,https://www.b2bmarkt.gr/img/prd/o/75942/-3.jpg,3,- снимка 4,Детски продукт 0615446
mc-0615446,https://www.b2bmarkt.gr/img/prd/o/75942/-4.jpg,4,- снимка 5,Детски продукт 0615446
mc-0615446,https://www.b2bmarkt.gr/img/prd/o/75942/-5.jpg,5,- снимка 6,Детски продукт 0615446
mc-0615446,https://www.b2bmarkt.gr/img/prd/o/75942/-6.jpg,6,- снимка 7,Детски продукт 0615446
mc-0615446,https://www.b2bmarkt.gr/img/prd/o/75942/-7.jpg,7,- снимка 8,Детски продукт 0615446
mc-0615446,https://www.b2bmarkt.gr/img/prd/o/75942/-8.jpg,8,- снимка 9,Детски продукт 0615446
mc-0615446,https://www.b2bmarkt.gr/img/prd/o/75942/-9.jpg,9,- снимка 10,Детски продукт 0615446
mc-0615451,https://www.b2bmarkt.gr/img/prd/o/75943/-1.jpg,1,- снимка 1,Детски продукт 0615451
mc-0615451,https://www.b2bmarkt.gr/img/prd/o/75943/-2.jpg,2,- снимка 3,Детски продукт 0615451
mc-0615451,https://www.b2bmarkt.gr/img/prd/o/75943/-3.jpg,3,- снимка 4,Детски продукт 0615451
mc-0615451,https://www.b2bmarkt.gr/img/prd/o/75943/-4.jpg,4,- снимка 5,Детски продукт 0615451
mc-0615451,https://www.b2bmarkt.gr/img/prd/o/75943/-5.jpg,5,- снимка 6,Детски продукт 0615451
mc-0615451,https://www.b2bmarkt.gr/img/prd/o/75943/-6.jpg,6,- снимка 7,Детски продукт 0615451
mc-0615451,https://www.b2bmarkt.gr/img/prd/o/75943/-7.jpg,7,- снимка 8,Детски продукт 0615451
mc-0615451,https://www.b2bmarkt.gr/img/prd/o/75943/-8.jpg,8,- снимка 9,Детски продукт 0615451
mc-0615451,https://www.b2bmarkt.gr/img/prd/o/75943/-9.jpg,9,- снимка 10,Детски продукт 0615451
mc-0615447,https://www.b2bmarkt.gr/img/prd/o/75944/-1.jpg,1,- снимка 1,Детски продукт 0615447
mc-0615447,https://www.b2bmarkt.gr/img/prd/o/75944/-2.jpg,2,- снимка 3,Детски продукт 0615447
mc-0615447,https://www.b2bmarkt.gr/img/prd/o/75944/-3.jpg,3,- снимка 4,Детски продукт 0615447
mc-0615447,https://www.b2bmarkt.gr/img/prd/o/75944/-4.jpg,4,- снимка 5,Детски продукт 0615447
mc-0615447,https://www.b2bmarkt.gr/img/prd/o/75944/-5.jpg,5,- снимка 6,Детски продукт 0615447
mc-0615448,https://www.b2bmarkt.gr/img/prd/o/75945/-1.jpg,1,- снимка 1,Детски продукт 0615448
mc-0615448,https://www.b2bmarkt.gr/img/prd/o/75945/-2.jpg,2,- снимка 3,Детски продукт 0615448
mc-0615448,https://www.b2bmarkt.gr/img/prd/o/75945/-3.jpg,3,- снимка 4,Детски продукт 0615448
mc-0615448,https://www.b2bmarkt.gr/img/prd/o/75945/-4.jpg,4,- снимка 5,Детски продукт 0615448
mc-0615448,https://www.b2bmarkt.gr/img/prd/o/75945/-5.jpg,5,- снимка 6,Детски продукт 0615448
mc-0615448,https://www.b2bmarkt.gr/img/prd/o/75945/-6.jpg,6,- снимка 7,Детски продукт 0615448
mc-0615453,https://www.b2bmarkt.gr/img/prd/o/75947/-1.jpg,1,- снимка 1,Детски продукт 0615453
mc-0615454,https://www.b2bmarkt.gr/img/prd/o/75948/-1.jpg,1,- снимка 1,Детски продукт 0615454
mc-0615454,https://www.b2bmarkt.gr/img/prd/o/75948/-2.jpg,2,- снимка 3,Детски продукт 0615454
mc-0615454,https://www.b2bmarkt.gr/img/prd/o/75948/-3.jpg,3,- снимка 4,Детски продукт 0615454
mc-0615454,https://www.b2bmarkt.gr/img/prd/o/75948/-4.jpg,4,- снимка 5,Детски продукт 0615454
mc-0615454,https://www.b2bmarkt.gr/img/prd/o/75948/-5.jpg,5,- снимка 6,Детски продукт 0615454
mc-0615455,https://www.b2bmarkt.gr/img/prd/o/75949/-1.jpg,1,- снимка 1,Детски продукт 0615455
mc-0615455,https://www.b2bmarkt.gr/img/prd/o/75949/-2.jpg,2,- снимка 3,Детски продукт 0615455
mc-0615455,https://www.b2bmarkt.gr/img/prd/o/75949/-3.jpg,3,- снимка 4,Детски продукт 0615455
mc-0615455,https://www.b2bmarkt.gr/img/prd/o/75949/-4.jpg,4,- снимка 5,Детски продукт 0615455
mc-0615455,https://www.b2bmarkt.gr/img/prd/o/75949/-5.jpg,5,- снимка 6,Детски продукт 0615455
mc-0615455,https://www.b2bmarkt.gr/img/prd/o/75949/-6.jpg,6,- снимка 7,Детски продукт 0615455
mc-0615455,https://www.b2bmarkt.gr/img/prd/o/75949/-7.jpg,7,- снимка 8,Детски продукт 0615455
mc-0615455,https://www.b2bmarkt.gr/img/prd/o/75949/-8.jpg,8,- снимка 9,Детски продукт 0615455
mc-0615455,https://www.b2bmarkt.gr/img/prd/o/75949/-9.jpg,9,- снимка 10,Детски продукт 0615455
mc-0615456,https://www.b2bmarkt.gr/img/prd/o/75950/-1.jpg,1,- снимка 1,Детски продукт 0615456
mc-0615456,https://www.b2bmarkt.gr/img/prd/o/75950/-2.jpg,2,- снимка 3,Детски продукт 0615456
mc-0615456,https://www.b2bmarkt.gr/img/prd/o/75950/-3.jpg,3,- снимка 4,Детски продукт 0615456
mc-0615456,https://www.b2bmarkt.gr/img/prd/o/75950/-4.jpg,4,- снимка 5,Детски продукт 0615456
mc-0615456,https://www.b2bmarkt.gr/img/prd/o/75950/-5.jpg,5,- снимка 6,Детски продукт 0615456
mc-0615456,https://www.b2bmarkt.gr/img/prd/o/75950/-6.jpg,6,- снимка 7,Детски продукт 0615456
mc-0615456,https://www.b2bmarkt.gr/img/prd/o/75950/-7.jpg,7,- снимка 8,Детски продукт 0615456
mc-0615456,https://www.b2bmarkt.gr/img/prd/o/75950/-8.jpg,8,- снимка 9,Детски продукт 0615456
mc-0615456,https://www.b2bmarkt.gr/img/prd/o/75950/-9.jpg,9,- снимка 10,Детски продукт 0615456
mc-0615457,https://www.b2bmarkt.gr/img/prd/o/75951/-1.jpg,1,- снимка 1,Детски продукт 0615457
mc-0615457,https://www.b2bmarkt.gr/img/prd/o/75951/-2.jpg,2,- снимка 3,Детски продукт 0615457
mc-0615457,https://www.b2bmarkt.gr/img/prd/o/75951/-3.jpg,3,- снимка 4,Детски продукт 0615457
mc-0615457,https://www.b2bmarkt.gr/img/prd/o/75951/-4.jpg,4,- снимка 5,Детски продукт 0615457
mc-0615457,https://www.b2bmarkt.gr/img/prd/o/75951/-5.jpg,5,- снимка 6,Детски продукт 0615457
mc-0615457,https://www.b2bmarkt.gr/img/prd/o/75951/-6.jpg,6,- снимка 7,Детски продукт 0615457
mc-0615457,https://www.b2bmarkt.gr/img/prd/o/75951/-7.jpg,7,- снимка 8,Детски продукт 0615457
mc-0615457,https://www.b2bmarkt.gr/img/prd/o/75951/-8.jpg,8,- снимка 9,Детски продукт 0615457
mc-0615457,https://www.b2bmarkt.gr/img/prd/o/75951/-9.jpg,9,- снимка 10,Детски продукт 0615457
mc-0615458,https://www.b2bmarkt.gr/img/prd/o/75952/-1.jpg,1,- снимка 1,Детски продукт 0615458
mc-0615458,https://www.b2bmarkt.gr/img/prd/o/75952/-2.jpg,2,- снимка 3,Детски продукт 0615458
mc-0615458,https://www.b2bmarkt.gr/img/prd/o/75952/-3.jpg,3,- снимка 4,Детски продукт 0615458
mc-0615458,https://www.b2bmarkt.gr/img/prd/o/75952/-4.jpg,4,- снимка 5,Детски продукт 0615458
mc-0615458,https://www.b2bmarkt.gr/img/prd/o/75952/-5.jpg,5,- снимка 6,Детски продукт 0615458
mc-0615458,https://www.b2bmarkt.gr/img/prd/o/75952/-6.jpg,6,- снимка 7,Детски продукт 0615458
mc-0615458,https://www.b2bmarkt.gr/img/prd/o/75952/-7.jpg,7,- снимка 8,Детски продукт 0615458
mc-0615458,https://www.b2bmarkt.gr/img/prd/o/75952/-8.jpg,8,- снимка 9,Детски продукт 0615458
mc-0615458,https://www.b2bmarkt.gr/img/prd/o/75952/-9.jpg,9,- снимка 10,Детски продукт 0615458
mc-0615459,https://www.b2bmarkt.gr/img/prd/o/75953/-1.jpg,1,- снимка 1,Детски продукт 0615459
mc-0615459,https://www.b2bmarkt.gr/img/prd/o/75953/-2.jpg,2,- снимка 3,Детски продукт 0615459
mc-0615459,https://www.b2bmarkt.gr/img/prd/o/75953/-3.jpg,3,- снимка 4,Детски продукт 0615459
mc-0615459,https://www.b2bmarkt.gr/img/prd/o/75953/-4.jpg,4,- снимка 5,Детски продукт 0615459
mc-0615459,https://www.b2bmarkt.gr/img/prd/o/75953/-5.jpg,5,- снимка 6,Детски продукт 0615459
mc-0615459,https://www.b2bmarkt.gr/img/prd/o/75953/-6.jpg,6,- снимка 7,Детски продукт 0615459
mc-0615459,https://www.b2bmarkt.gr/img/prd/o/75953/-7.jpg,7,- снимка 8,Детски продукт 0615459
mc-0615459,https://www.b2bmarkt.gr/img/prd/o/75953/-8.jpg,8,- снимка 9,Детски продукт 0615459
mc-0615459,https://www.b2bmarkt.gr/img/prd/o/75953/-9.jpg,9,- снимка 10,Детски продукт 0615459
mc-0615460,https://www.b2bmarkt.gr/img/prd/o/75954/-1.jpg,1,- снимка 1,Детски продукт 0615460
mc-0615460,https://www.b2bmarkt.gr/img/prd/o/75954/-2.jpg,2,- снимка 3,Детски продукт 0615460
mc-0615460,https://www.b2bmarkt.gr/img/prd/o/75954/-3.jpg,3,- снимка 4,Детски продукт 0615460
mc-0615460,https://www.b2bmarkt.gr/img/prd/o/75954/-4.jpg,4,- снимка 5,Детски продукт 0615460
mc-0615460,https://www.b2bmarkt.gr/img/prd/o/75954/-5.jpg,5,- снимка 6,Детски продукт 0615460
mc-0615460,https://www.b2bmarkt.gr/img/prd/o/75954/-6.jpg,6,- снимка 7,Детски продукт 0615460
mc-0615460,https://www.b2bmarkt.gr/img/prd/o/75954/-7.jpg,7,- снимка 8,Детски продукт 0615460
mc-0615460,https://www.b2bmarkt.gr/img/prd/o/75954/-8.jpg,8,- снимка 9,Детски продукт 0615460
mc-0615460,https://www.b2bmarkt.gr/img/prd/o/75954/-9.jpg,9,- снимка 10,Детски продукт 0615460
mc-0615461,https://www.b2bmarkt.gr/img/prd/o/75955/-1.jpg,1,- снимка 1,Детски продукт 0615461
mc-0615462,https://www.b2bmarkt.gr/img/prd/o/75956/-1.jpg,1,- снимка 1,Детски продукт 0615462
mc-0615462,https://www.b2bmarkt.gr/img/prd/o/75956/-2.jpg,2,- снимка 3,Детски продукт 0615462
mc-0615462,https://www.b2bmarkt.gr/img/prd/o/75956/-3.jpg,3,- снимка 4,Детски продукт 0615462
mc-0615462,https://www.b2bmarkt.gr/img/prd/o/75956/-4.jpg,4,- снимка 5,Детски продукт 0615462
mc-0615463,https://www.b2bmarkt.gr/img/prd/o/75957/-1.jpg,1,- снимка 1,Детски продукт 0615463
mc-0615463,https://www.b2bmarkt.gr/img/prd/o/75957/-2.jpg,2,- снимка 3,Детски продукт 0615463
mc-0615463,https://www.b2bmarkt.gr/img/prd/o/75957/-3.jpg,3,- снимка 4,Детски продукт 0615463
mc-0615463,https://www.b2bmarkt.gr/img/prd/o/75957/-4.jpg,4,- снимка 5,Детски продукт 0615463
mc-0615463,https://www.b2bmarkt.gr/img/prd/o/75957/-5.jpg,5,- снимка 6,Детски продукт 0615463
mc-0615463,https://www.b2bmarkt.gr/img/prd/o/75957/-6.jpg,6,- снимка 7,Детски продукт 0615463
mc-0615465,https://www.b2bmarkt.gr/img/prd/o/75959/-1.jpg,1,- снимка 1,Детски продукт 0615465
mc-0615465,https://www.b2bmarkt.gr/img/prd/o/75959/-2.jpg,2,- снимка 3,Детски продукт 0615465
mc-0615465,https://www.b2bmarkt.gr/img/prd/o/75959/-3.jpg,3,- снимка 4,Детски продукт 0615465
mc-0615465,https://www.b2bmarkt.gr/img/prd/o/75959/-4.jpg,4,- снимка 5,Детски продукт 0615465
mc-0615465,https://www.b2bmarkt.gr/img/prd/o/75959/-5.jpg,5,- снимка 6,Детски продукт 0615465
mc-0615465,https://www.b2bmarkt.gr/img/prd/o/75959/-6.jpg,6,- снимка 7,Детски продукт 0615465
mc-0615465,https://www.b2bmarkt.gr/img/prd/o/75959/-7.jpg,7,- снимка 8,Детски продукт 0615465
mc-0615465,https://www.b2bmarkt.gr/img/prd/o/75959/-8.jpg,8,- снимка 9,Детски продукт 0615465
mc-0615465,https://www.b2bmarkt.gr/img/prd/o/75959/-9.jpg,9,- снимка 10,Детски продукт 0615465
mc-0615466,https://www.b2bmarkt.gr/img/prd/o/75960/-1.jpg,1,- снимка 1,Детски продукт 0615466
mc-0615466,https://www.b2bmarkt.gr/img/prd/o/75960/-2.jpg,2,- снимка 3,Детски продукт 0615466
mc-0615466,https://www.b2bmarkt.gr/img/prd/o/75960/-3.jpg,3,- снимка 4,Детски продукт 0615466
mc-0615466,https://www.b2bmarkt.gr/img/prd/o/75960/-4.jpg,4,- снимка 5,Детски продукт 0615466
mc-0615466,https://www.b2bmarkt.gr/img/prd/o/75960/-5.jpg,5,- снимка 6,Детски продукт 0615466
mc-0615466,https://www.b2bmarkt.gr/img/prd/o/75960/-6.jpg,6,- снимка 7,Детски продукт 0615466
mc-0615466,https://www.b2bmarkt.gr/img/prd/o/75960/-7.jpg,7,- снимка 8,Детски продукт 0615466
mc-0615466,https://www.b2bmarkt.gr/img/prd/o/75960/-8.jpg,8,- снимка 9,Детски продукт 0615466
mc-0615466,https://www.b2bmarkt.gr/img/prd/o/75960/-9.jpg,9,- снимка 10,Детски продукт 0615466
mc-0612979,https://www.b2bmarkt.gr/img/prd/o/75962/-1.jpg,1,- снимка 1,Детски продукт 0612979
mc-0612979,https://www.b2bmarkt.gr/img/prd/o/75962/-2.jpg,2,- снимка 3,Детски продукт 0612979
mc-0612979,https://www.b2bmarkt.gr/img/prd/o/75962/-3.jpg,3,- снимка 4,Детски продукт 0612979
mc-0612979,https://www.b2bmarkt.gr/img/prd/o/75962/-4.jpg,4,- снимка 5,Детски продукт 0612979
mc-0612979,https://www.b2bmarkt.gr/img/prd/o/75962/-5.jpg,5,- снимка 6,Детски продукт 0612979
mc-0612979,https://www.b2bmarkt.gr/img/prd/o/75962/-6.jpg,6,- снимка 7,Детски продукт 0612979
mc-0612979,https://www.b2bmarkt.gr/img/prd/o/75962/-7.jpg,7,- снимка 8,Детски продукт 0612979
mc-0612979,https://www.b2bmarkt.gr/img/prd/o/75962/-8.jpg,8,- снимка 9,Детски продукт 0612979
mc-0612979,https://www.b2bmarkt.gr/img/prd/o/75962/-9.jpg,9,- снимка 10,Детски продукт 0612979
mc-0612980,https://www.b2bmarkt.gr/img/prd/o/75963/-1.jpg,1,- снимка 1,Детски продукт 0612980
mc-0612980,https://www.b2bmarkt.gr/img/prd/o/75963/-2.jpg,2,- снимка 3,Детски продукт 0612980
mc-0612981,https://www.b2bmarkt.gr/img/prd/o/75964/-1.jpg,1,- снимка 1,Детски продукт 0612981
mc-0612981,https://www.b2bmarkt.gr/img/prd/o/75964/-2.jpg,2,- снимка 3,Детски продукт 0612981
mc-0612981,https://www.b2bmarkt.gr/img/prd/o/75964/-3.jpg,3,- снимка 4,Детски продукт 0612981
mc-0612981,https://www.b2bmarkt.gr/img/prd/o/75964/-4.jpg,4,- снимка 5,Детски продукт 0612981
mc-0612981,https://www.b2bmarkt.gr/img/prd/o/75964/-5.jpg,5,- снимка 6,Детски продукт 0612981
mc-0612981,https://www.b2bmarkt.gr/img/prd/o/75964/-6.jpg,6,- снимка 7,Детски продукт 0612981
mc-0612981,https://www.b2bmarkt.gr/img/prd/o/75964/-7.jpg,7,- снимка 8,Детски продукт 0612981
mc-0612981,https://www.b2bmarkt.gr/img/prd/o/75964/-8.jpg,8,- снимка 9,Детски продукт 0612981
mc-0612981,https://www.b2bmarkt.gr/img/prd/o/75964/-9.jpg,9,- снимка 10,Детски продукт 0612981
mc-0612982,https://www.b2bmarkt.gr/img/prd/o/75965/-1.jpg,1,- снимка 1,Детски продукт 0612982
mc-0612982,https://www.b2bmarkt.gr/img/prd/o/75965/-2.jpg,2,- снимка 3,Детски продукт 0612982
mc-0612982,https://www.b2bmarkt.gr/img/prd/o/75965/-3.jpg,3,- снимка 4,Детски продукт 0612982
mc-0613182,https://www.b2bmarkt.gr/img/prd/o/75967/-1.jpg,1,- снимка 1,Детски продукт 0613182
mc-0613183,https://www.b2bmarkt.gr/img/prd/o/75968/-1.jpg,1,- снимка 1,Детски продукт 0613183
mc-0613183,https://www.b2bmarkt.gr/img/prd/o/75968/-2.jpg,2,- снимка 3,Детски продукт 0613183
mc-0613183,https://www.b2bmarkt.gr/img/prd/o/75968/-3.jpg,3,- снимка 4,Детски продукт 0613183
mc-0613183,https://www.b2bmarkt.gr/img/prd/o/75968/-4.jpg,4,- снимка 5,Детски продукт 0613183
mc-0613183,https://www.b2bmarkt.gr/img/prd/o/75968/-5.jpg,5,- снимка 6,Детски продукт 0613183
mc-0613183,https://www.b2bmarkt.gr/img/prd/o/75968/-6.jpg,6,- снимка 7,Детски продукт 0613183
mc-0613183,https://www.b2bmarkt.gr/img/prd/o/75968/-7.jpg,7,- снимка 8,Детски продукт 0613183
mc-0613183,https://www.b2bmarkt.gr/img/prd/o/75968/-8.jpg,8,- снимка 9,Детски продукт 0613183
mc-0613183,https://www.b2bmarkt.gr/img/prd/o/75968/-9.jpg,9,- снимка 10,Детски продукт 0613183
mc-0612978,https://www.b2bmarkt.gr/img/prd/o/75969/-1.jpg,1,- снимка 1,Детски продукт 0612978
mc-0612987,https://www.b2bmarkt.gr/img/prd/o/75970/-1.jpg,1,- снимка 1,Детски продукт 0612987
mc-0612988,https://www.b2bmarkt.gr/img/prd/o/75971/-1.jpg,1,- снимка 1,Детски продукт 0612988
mc-0612988,https://www.b2bmarkt.gr/img/prd/o/75971/-2.jpg,2,- снимка 3,Детски продукт 0612988
mc-0612988,https://www.b2bmarkt.gr/img/prd/o/75971/-3.jpg,3,- снимка 4,Детски продукт 0612988
mc-0612988,https://www.b2bmarkt.gr/img/prd/o/75971/-4.jpg,4,- снимка 5,Детски продукт 0612988
mc-0612988,https://www.b2bmarkt.gr/img/prd/o/75971/-5.jpg,5,- снимка 6,Детски продукт 0612988
mc-0612988,https://www.b2bmarkt.gr/img/prd/o/75971/-6.jpg,6,- снимка 7,Детски продукт 0612988
mc-0612988,https://www.b2bmarkt.gr/img/prd/o/75971/-7.jpg,7,- снимка 8,Детски продукт 0612988
mc-0612988,https://www.b2bmarkt.gr/img/prd/o/75971/-8.jpg,8,- снимка 9,Детски продукт 0612988
mc-0612977,https://www.b2bmarkt.gr/img/prd/o/75974/-1.jpg,1,- снимка 1,Детски продукт 0612977
mc-0612977,https://www.b2bmarkt.gr/img/prd/o/75974/-2.jpg,2,- снимка 3,Детски продукт 0612977
mc-0612977,https://www.b2bmarkt.gr/img/prd/o/75974/-3.jpg,3,- снимка 4,Детски продукт 0612977
mc-0612977,https://www.b2bmarkt.gr/img/prd/o/75974/-4.jpg,4,- снимка 5,Детски продукт 0612977
mc-0612977,https://www.b2bmarkt.gr/img/prd/o/75974/-5.jpg,5,- снимка 6,Детски продукт 0612977
mc-0612977,https://www.b2bmarkt.gr/img/prd/o/75974/-6.jpg,6,- снимка 7,Детски продукт 0612977
mc-0612977,https://www.b2bmarkt.gr/img/prd/o/75974/-7.jpg,7,- снимка 8,Детски продукт 0612977
mc-0612977,https://www.b2bmarkt.gr/img/prd/o/75974/-8.jpg,8,- снимка 9,Детски продукт 0612977
mc-0612977,https://www.b2bmarkt.gr/img/prd/o/75974/-9.jpg,9,- снимка 10,Детски продукт 0612977
mc-0613108,https://www.b2bmarkt.gr/img/prd/o/75975/-1.jpg,1,- снимка 1,Детски продукт 0613108
mc-0613108,https://www.b2bmarkt.gr/img/prd/o/75975/-2.jpg,2,- снимка 3,Детски продукт 0613108
mc-0613108,https://www.b2bmarkt.gr/img/prd/o/75975/-3.jpg,3,- снимка 4,Детски продукт 0613108
mc-0613108,https://www.b2bmarkt.gr/img/prd/o/75975/-4.jpg,4,- снимка 5,Детски продукт 0613108
mc-0613108,https://www.b2bmarkt.gr/img/prd/o/75975/-5.jpg,5,- снимка 6,Детски продукт 0613108
mc-0613108,https://www.b2bmarkt.gr/img/prd/o/75975/-6.jpg,6,- снимка 7,Детски продукт 0613108
mc-0613108,https://www.b2bmarkt.gr/img/prd/o/75975/-7.jpg,7,- снимка 8,Детски продукт 0613108
mc-0613108,https://www.b2bmarkt.gr/img/prd/o/75975/-8.jpg,8,- снимка 9,Детски продукт 0613108
mc-0613108,https://www.b2bmarkt.gr/img/prd/o/75975/-9.jpg,9,- снимка 10,Детски продукт 0613108
mc-0612999,https://www.b2bmarkt.gr/img/prd/o/75976/-1.jpg,1,- снимка 1,Детски продукт 0612999
mc-0613139,https://www.b2bmarkt.gr/img/prd/o/75977/-1.jpg,1,- снимка 1,Детски продукт 0613139
mc-0613129,https://www.b2bmarkt.gr/img/prd/o/75978/-1.jpg,1,- снимка 1,Детски продукт 0613129
mc-0613129,https://www.b2bmarkt.gr/img/prd/o/75978/-2.jpg,2,- снимка 3,Детски продукт 0613129
mc-0613184,https://www.b2bmarkt.gr/img/prd/o/75982/-1.jpg,1,- снимка 1,Детски продукт 0613184
mc-0613191,https://www.b2bmarkt.gr/img/prd/o/75983/-1.jpg,1,- снимка 1,Детски продукт 0613191
mc-0613136,https://www.b2bmarkt.gr/img/prd/o/75984/-1.jpg,1,- снимка 1,Детски продукт 0613136
mc-0613136,https://www.b2bmarkt.gr/img/prd/o/75984/-2.jpg,2,- снимка 3,Детски продукт 0613136
mc-0613136,https://www.b2bmarkt.gr/img/prd/o/75984/-3.jpg,3,- снимка 4,Детски продукт 0613136
mc-0613136,https://www.b2bmarkt.gr/img/prd/o/75984/-4.jpg,4,- снимка 5,Детски продукт 0613136
mc-0613136,https://www.b2bmarkt.gr/img/prd/o/75984/-5.jpg,5,- снимка 6,Детски продукт 0613136
mc-0613136,https://www.b2bmarkt.gr/img/prd/o/75984/-6.jpg,6,- снимка 7,Детски продукт 0613136
mc-0613136,https://www.b2bmarkt.gr/img/prd/o/75984/-7.jpg,7,- снимка 8,Детски продукт 0613136
mc-0613136,https://www.b2bmarkt.gr/img/prd/o/75984/-8.jpg,8,- снимка 9,Детски продукт 0613136
mc-0613136,https://www.b2bmarkt.gr/img/prd/o/75984/-9.jpg,9,- снимка 10,Детски продукт 0613136
mc-0613192,https://www.b2bmarkt.gr/img/prd/o/75985/-1.jpg,1,- снимка 1,Детски продукт 0613192
mc-0613192,https://www.b2bmarkt.gr/img/prd/o/75985/-2.jpg,2,- снимка 3,Детски продукт 0613192
mc-0613163,https://www.b2bmarkt.gr/img/prd/o/75986/-1.jpg,1,- снимка 1,Детски продукт 0613163
mc-0613125,https://www.b2bmarkt.gr/img/prd/o/75987/-1.jpg,1,- снимка 1,Детски продукт 0613125
mc-0613125,https://www.b2bmarkt.gr/img/prd/o/75987/-2.jpg,2,- снимка 3,Детски продукт 0613125
mc-0613125,https://www.b2bmarkt.gr/img/prd/o/75987/-3.jpg,3,- снимка 4,Детски продукт 0613125
mc-0613125,https://www.b2bmarkt.gr/img/prd/o/75987/-4.jpg,4,- снимка 5,Детски продукт 0613125
mc-0613125,https://www.b2bmarkt.gr/img/prd/o/75987/-5.jpg,5,- снимка 6,Детски продукт 0613125
mc-0613125,https://www.b2bmarkt.gr/img/prd/o/75987/-6.jpg,6,- снимка 7,Детски продукт 0613125
mc-0613125,https://www.b2bmarkt.gr/img/prd/o/75987/-7.jpg,7,- снимка 8,Детски продукт 0613125
mc-0613125,https://www.b2bmarkt.gr/img/prd/o/75987/-8.jpg,8,- снимка 9,Детски продукт 0613125
mc-0613125,https://www.b2bmarkt.gr/img/prd/o/75987/-9.jpg,9,- снимка 10,Детски продукт 0613125
mc-0613207,https://www.b2bmarkt.gr/img/prd/o/75988/-1.jpg,1,- снимка 1,Детски продукт 0613207
mc-0613207,https://www.b2bmarkt.gr/img/prd/o/75988/-2.jpg,2,- снимка 3,Детски продукт 0613207
mc-0613207,https://www.b2bmarkt.gr/img/prd/o/75988/-3.jpg,3,- снимка 4,Детски продукт 0613207
mc-0613207,https://www.b2bmarkt.gr/img/prd/o/75988/-4.jpg,4,- снимка 5,Детски продукт 0613207
mc-0613207,https://www.b2bmarkt.gr/img/prd/o/75988/-5.jpg,5,- снимка 6,Детски продукт 0613207
mc-0613207,https://www.b2bmarkt.gr/img/prd/o/75988/-6.jpg,6,- снимка 7,Детски продукт 0613207
mc-0613207,https://www.b2bmarkt.gr/img/prd/o/75988/-7.jpg,7,- снимка 8,Детски продукт 0613207
mc-0613207,https://www.b2bmarkt.gr/img/prd/o/75988/-8.jpg,8,- снимка 9,Детски продукт 0613207
mc-0613207,https://www.b2bmarkt.gr/img/prd/o/75988/-9.jpg,9,- снимка 10,Детски продукт 0613207
mc-0613294,https://www.b2bmarkt.gr/img/prd/o/75989/-1.jpg,1,- снимка 1,Детски продукт 0613294
mc-0613294,https://www.b2bmarkt.gr/img/prd/o/75989/-2.jpg,2,- снимка 3,Детски продукт 0613294
mc-0613294,https://www.b2bmarkt.gr/img/prd/o/75989/-3.jpg,3,- снимка 4,Детски продукт 0613294
mc-0613294,https://www.b2bmarkt.gr/img/prd/o/75989/-4.jpg,4,- снимка 5,Детски продукт 0613294
mc-0613294,https://www.b2bmarkt.gr/img/prd/o/75989/-6.jpg,5,- снимка 6,Детски продукт 0613294
mc-0613294,https://www.b2bmarkt.gr/img/prd/o/75989/-7.jpg,6,- снимка 7,Детски продукт 0613294
mc-0613294,https://www.b2bmarkt.gr/img/prd/o/75989/-8.jpg,7,- снимка 8,Детски продукт 0613294
mc-0613294,https://www.b2bmarkt.gr/img/prd/o/75989/-9.jpg,8,- снимка 9,Детски продукт 0613294
mc-0613294,https://www.b2bmarkt.gr/img/prd/o/75989/-10.jpg,9,- снимка 10,Детски продукт 0613294
mc-0613164,https://www.b2bmarkt.gr/img/prd/o/75990/-1.jpg,1,- снимка 1,Детски продукт 0613164
mc-0613164,https://www.b2bmarkt.gr/img/prd/o/75990/-2.jpg,2,- снимка 3,Детски продукт 0613164
mc-0613164,https://www.b2bmarkt.gr/img/prd/o/75990/-3.jpg,3,- снимка 4,Детски продукт 0613164
mc-0613164,https://www.b2bmarkt.gr/img/prd/o/75990/-4.jpg,4,- снимка 5,Детски продукт 0613164
mc-0613164,https://www.b2bmarkt.gr/img/prd/o/75990/-5.jpg,5,- снимка 6,Детски продукт 0613164
mc-0613164,https://www.b2bmarkt.gr/img/prd/o/75990/-6.jpg,6,- снимка 7,Детски продукт 0613164
mc-0613164,https://www.b2bmarkt.gr/img/prd/o/75990/-7.jpg,7,- снимка 8,Детски продукт 0613164
mc-0613164,https://www.b2bmarkt.gr/img/prd/o/75990/-8.jpg,8,- снимка 9,Детски продукт 0613164
mc-0613164,https://www.b2bmarkt.gr/img/prd/o/75990/-9.jpg,9,- снимка 10,Детски продукт 0613164
mc-0613167,https://www.b2bmarkt.gr/img/prd/o/75993/-1.jpg,1,- снимка 1,Детски продукт 0613167
mc-0613293,https://www.b2bmarkt.gr/img/prd/o/75994/-1.jpg,1,- снимка 1,Детски продукт 0613293
mc-0613293,https://www.b2bmarkt.gr/img/prd/o/75994/-2.jpg,2,- снимка 3,Детски продукт 0613293
mc-0613293,https://www.b2bmarkt.gr/img/prd/o/75994/-3.jpg,3,- снимка 4,Детски продукт 0613293
mc-0613293,https://www.b2bmarkt.gr/img/prd/o/75994/-4.jpg,4,- снимка 5,Детски продукт 0613293
mc-0613293,https://www.b2bmarkt.gr/img/prd/o/75994/-5.jpg,5,- снимка 6,Детски продукт 0613293
mc-0613208,https://www.b2bmarkt.gr/img/prd/o/75995/-1.jpg,1,- снимка 1,Детски продукт 0613208
mc-0613208,https://www.b2bmarkt.gr/img/prd/o/75995/-2.jpg,2,- снимка 3,Детски продукт 0613208
mc-0613208,https://www.b2bmarkt.gr/img/prd/o/75995/-3.jpg,3,- снимка 4,Детски продукт 0613208
mc-0613208,https://www.b2bmarkt.gr/img/prd/o/75995/-4.jpg,4,- снимка 5,Детски продукт 0613208
mc-0613208,https://www.b2bmarkt.gr/img/prd/o/75995/-5.jpg,5,- снимка 6,Детски продукт 0613208
mc-0613208,https://www.b2bmarkt.gr/img/prd/o/75995/-6.jpg,6,- снимка 7,Детски продукт 0613208
mc-0613208,https://www.b2bmarkt.gr/img/prd/o/75995/-7.jpg,7,- снимка 8,Детски продукт 0613208
mc-0613208,https://www.b2bmarkt.gr/img/prd/o/75995/-8.jpg,8,- снимка 9,Детски продукт 0613208
mc-0613208,https://www.b2bmarkt.gr/img/prd/o/75995/-9.jpg,9,- снимка 10,Детски продукт 0613208
mc-0615468,https://www.b2bmarkt.gr/img/prd/o/75996/-1.jpg,1,- снимка 1,Детски продукт 0615468
mc-0615468,https://www.b2bmarkt.gr/img/prd/o/75996/-2.jpg,2,- снимка 3,Детски продукт 0615468
mc-0615468,https://www.b2bmarkt.gr/img/prd/o/75996/-3.jpg,3,- снимка 4,Детски продукт 0615468
mc-0615468,https://www.b2bmarkt.gr/img/prd/o/75996/-4.jpg,4,- снимка 5,Детски продукт 0615468
mc-0615468,https://www.b2bmarkt.gr/img/prd/o/75996/-5.jpg,5,- снимка 6,Детски продукт 0615468
mc-0615468,https://www.b2bmarkt.gr/img/prd/o/75996/-6.jpg,6,- снимка 7,Детски продукт 0615468
mc-0613092,https://www.b2bmarkt.gr/img/prd/o/75998/-1.jpg,1,- снимка 1,Детски продукт 0613092
mc-0613093,https://www.b2bmarkt.gr/img/prd/o/75999/-1.jpg,1,- снимка 1,Детски продукт 0613093
mc-0612974,https://www.b2bmarkt.gr/img/prd/o/76000/-1.jpg,1,- снимка 1,Детски продукт 0612974
mc-0612983,https://www.b2bmarkt.gr/img/prd/o/76001/-1.jpg,1,- снимка 1,Детски продукт 0612983
mc-0612983,https://www.b2bmarkt.gr/img/prd/o/76001/-2.jpg,2,- снимка 3,Детски продукт 0612983
mc-0612983,https://www.b2bmarkt.gr/img/prd/o/76001/-3.jpg,3,- снимка 4,Детски продукт 0612983
mc-0612983,https://www.b2bmarkt.gr/img/prd/o/76001/-4.jpg,4,- снимка 5,Детски продукт 0612983
mc-0612983,https://www.b2bmarkt.gr/img/prd/o/76001/-5.jpg,5,- снимка 6,Детски продукт 0612983
mc-0612983,https://www.b2bmarkt.gr/img/prd/o/76001/-6.jpg,6,- снимка 7,Детски продукт 0612983
mc-0612983,https://www.b2bmarkt.gr/img/prd/o/76001/-7.jpg,7,- снимка 8,Детски продукт 0612983
mc-0612983,https://www.b2bmarkt.gr/img/prd/o/76001/-8.jpg,8,- снимка 9,Детски продукт 0612983
mc-0612984,https://www.b2bmarkt.gr/img/prd/o/76002/-1.jpg,1,- снимка 1,Детски продукт 0612984
mc-0612984,https://www.b2bmarkt.gr/img/prd/o/76002/-2.jpg,2,- снимка 3,Детски продукт 0612984
mc-0612984,https://www.b2bmarkt.gr/img/prd/o/76002/-3.jpg,3,- снимка 4,Детски продукт 0612984
mc-0612984,https://www.b2bmarkt.gr/img/prd/o/76002/-4.jpg,4,- снимка 5,Детски продукт 0612984
mc-0612984,https://www.b2bmarkt.gr/img/prd/o/76002/-5.jpg,5,- снимка 6,Детски продукт 0612984
mc-0612984,https://www.b2bmarkt.gr/img/prd/o/76002/-6.jpg,6,- снимка 7,Детски продукт 0612984
mc-0612984,https://www.b2bmarkt.gr/img/prd/o/76002/-7.jpg,7,- снимка 8,Детски продукт 0612984
mc-0612984,https://www.b2bmarkt.gr/img/prd/o/76002/-8.jpg,8,- снимка 9,Детски продукт 0612984
mc-0612985,https://www.b2bmarkt.gr/img/prd/o/76003/-1.jpg,1,- снимка 1,Детски продукт 0612985
mc-0612985,https://www.b2bmarkt.gr/img/prd/o/76003/-2.jpg,2,- снимка 3,Детски продукт 0612985
mc-0612985,https://www.b2bmarkt.gr/img/prd/o/76003/-3.jpg,3,- снимка 4,Детски продукт 0612985
mc-0612985,https://www.b2bmarkt.gr/img/prd/o/76003/-4.jpg,4,- снимка 5,Детски продукт 0612985
mc-0612985,https://www.b2bmarkt.gr/img/prd/o/76003/-5.jpg,5,- снимка 6,Детски продукт 0612985
mc-0612985,https://www.b2bmarkt.gr/img/prd/o/76003/-6.jpg,6,- снимка 7,Детски продукт 0612985
mc-0612985,https://www.b2bmarkt.gr/img/prd/o/76003/-7.jpg,7,- снимка 8,Детски продукт 0612985
mc-0612985,https://www.b2bmarkt.gr/img/prd/o/76003/-8.jpg,8,- снимка 9,Детски продукт 0612985
mc-0612985,https://www.b2bmarkt.gr/img/prd/o/76003/-9.jpg,9,- снимка 10,Детски продукт 0612985
mc-0612992,https://www.b2bmarkt.gr/img/prd/o/76004/-1.jpg,1,- снимка 1,Детски продукт 0612992
mc-0612992,https://www.b2bmarkt.gr/img/prd/o/76004/-2.jpg,2,- снимка 3,Детски продукт 0612992
mc-0612992,https://www.b2bmarkt.gr/img/prd/o/76004/-3.jpg,3,- снимка 4,Детски продукт 0612992
mc-0612992,https://www.b2bmarkt.gr/img/prd/o/76004/-4.jpg,4,- снимка 5,Детски продукт 0612992
mc-0612992,https://www.b2bmarkt.gr/img/prd/o/76004/-5.jpg,5,- снимка 6,Детски продукт 0612992
mc-0612992,https://www.b2bmarkt.gr/img/prd/o/76004/-6.jpg,6,- снимка 7,Детски продукт 0612992
mc-0612993,https://www.b2bmarkt.gr/img/prd/o/76005/-1.jpg,1,- снимка 1,Детски продукт 0612993
mc-0612993,https://www.b2bmarkt.gr/img/prd/o/76005/-2.jpg,2,- снимка 3,Детски продукт 0612993
mc-0612993,https://www.b2bmarkt.gr/img/prd/o/76005/-3.jpg,3,- снимка 4,Детски продукт 0612993
mc-0612993,https://www.b2bmarkt.gr/img/prd/o/76005/-4.jpg,4,- снимка 5,Детски продукт 0612993
mc-0612993,https://www.b2bmarkt.gr/img/prd/o/76005/-5.jpg,5,- снимка 6,Детски продукт 0612993
mc-0612993,https://www.b2bmarkt.gr/img/prd/o/76005/-6.jpg,6,- снимка 7,Детски продукт 0612993
mc-0613128,https://www.b2bmarkt.gr/img/prd/o/76006/-1.jpg,1,- снимка 1,Детски продукт 0613128
mc-0613128,https://www.b2bmarkt.gr/img/prd/o/76006/-2.jpg,2,- снимка 3,Детски продукт 0613128
mc-0613128,https://www.b2bmarkt.gr/img/prd/o/76006/-3.jpg,3,- снимка 4,Детски продукт 0613128
mc-0613128,https://www.b2bmarkt.gr/img/prd/o/76006/-4.jpg,4,- снимка 5,Детски продукт 0613128
mc-0613128,https://www.b2bmarkt.gr/img/prd/o/76006/-5.jpg,5,- снимка 6,Детски продукт 0613128
mc-0613128,https://www.b2bmarkt.gr/img/prd/o/76006/-6.jpg,6,- снимка 7,Детски продукт 0613128
mc-0613128,https://www.b2bmarkt.gr/img/prd/o/76006/-7.jpg,7,- снимка 8,Детски продукт 0613128
mc-0613128,https://www.b2bmarkt.gr/img/prd/o/76006/-8.jpg,8,- снимка 9,Детски продукт 0613128
mc-0613128,https://www.b2bmarkt.gr/img/prd/o/76006/-9.jpg,9,- снимка 10,Детски продукт 0613128
mc-0613130,https://www.b2bmarkt.gr/img/prd/o/76007/-1.jpg,1,- снимка 1,Детски продукт 0613130
mc-0613104,https://www.b2bmarkt.gr/img/prd/o/76008/-1.jpg,1,- снимка 1,Детски продукт 0613104
mc-0613104,https://www.b2bmarkt.gr/img/prd/o/76008/-2.jpg,2,- снимка 3,Детски продукт 0613104
mc-0613104,https://www.b2bmarkt.gr/img/prd/o/76008/-3.jpg,3,- снимка 4,Детски продукт 0613104
mc-0613104,https://www.b2bmarkt.gr/img/prd/o/76008/-4.jpg,4,- снимка 5,Детски продукт 0613104
mc-0613104,https://www.b2bmarkt.gr/img/prd/o/76008/-5.jpg,5,- снимка 6,Детски продукт 0613104
mc-0613104,https://www.b2bmarkt.gr/img/prd/o/76008/-6.jpg,6,- снимка 7,Детски продукт 0613104
mc-0613104,https://www.b2bmarkt.gr/img/prd/o/76008/-7.jpg,7,- снимка 8,Детски продукт 0613104
mc-0613104,https://www.b2bmarkt.gr/img/prd/o/76008/-8.jpg,8,- снимка 9,Детски продукт 0613104
mc-0613104,https://www.b2bmarkt.gr/img/prd/o/76008/-9.jpg,9,- снимка 10,Детски продукт 0613104
mc-0613111,https://www.b2bmarkt.gr/img/prd/o/76009/-1.jpg,1,- снимка 1,Детски продукт 0613111
mc-0613194,https://www.b2bmarkt.gr/img/prd/o/76012/-1.jpg,1,- снимка 1,Детски продукт 0613194
mc-0613194,https://www.b2bmarkt.gr/img/prd/o/76012/-2.jpg,2,- снимка 3,Детски продукт 0613194
mc-0613193,https://www.b2bmarkt.gr/img/prd/o/76013/-1.jpg,1,- снимка 1,Детски продукт 0613193
mc-0613193,https://www.b2bmarkt.gr/img/prd/o/76013/-2.jpg,2,- снимка 3,Детски продукт 0613193
mc-0616154,https://www.b2bmarkt.gr/img/prd/o/76014/-1.jpg,1,- снимка 1,Детски продукт 0616154
mc-0616154,https://www.b2bmarkt.gr/img/prd/o/76014/-2.jpg,2,- снимка 3,Детски продукт 0616154
mc-0616154,https://www.b2bmarkt.gr/img/prd/o/76014/-3.jpg,3,- снимка 4,Детски продукт 0616154
mc-0616154,https://www.b2bmarkt.gr/img/prd/o/76014/-4.jpg,4,- снимка 5,Детски продукт 0616154
mc-0616154,https://www.b2bmarkt.gr/img/prd/o/76014/-5.jpg,5,- снимка 6,Детски продукт 0616154
mc-0616154,https://www.b2bmarkt.gr/img/prd/o/76014/-6.jpg,6,- снимка 7,Детски продукт 0616154
mc-0616154,https://www.b2bmarkt.gr/img/prd/o/76014/-7.jpg,7,- снимка 8,Детски продукт 0616154
mc-0616154,https://www.b2bmarkt.gr/img/prd/o/76014/-8.jpg,8,- снимка 9,Детски продукт 0616154
mc-0616154,https://www.b2bmarkt.gr/img/prd/o/76014/-9.jpg,9,- снимка 10,Детски продукт 0616154
mc-0613103,https://www.b2bmarkt.gr/img/prd/o/76017/-1.jpg,1,- снимка 1,Детски продукт 0613103
mc-0613143,https://www.b2bmarkt.gr/img/prd/o/76026/-1.jpg,1,- снимка 1,Детски продукт 0613143
mc-0613143,https://www.b2bmarkt.gr/img/prd/o/76026/-2.jpg,2,- снимка 3,Детски продукт 0613143
mc-0613143,https://www.b2bmarkt.gr/img/prd/o/76026/-3.jpg,3,- снимка 4,Детски продукт 0613143
mc-0613143,https://www.b2bmarkt.gr/img/prd/o/76026/-4.jpg,4,- снимка 5,Детски продукт 0613143
mc-0613143,https://www.b2bmarkt.gr/img/prd/o/76026/-5.jpg,5,- снимка 6,Детски продукт 0613143
mc-0613143,https://www.b2bmarkt.gr/img/prd/o/76026/-6.jpg,6,- снимка 7,Детски продукт 0613143
mc-0613143,https://www.b2bmarkt.gr/img/prd/o/76026/-7.jpg,7,- снимка 8,Детски продукт 0613143
mc-0613143,https://www.b2bmarkt.gr/img/prd/o/76026/-8.jpg,8,- снимка 9,Детски продукт 0613143
mc-0613143,https://www.b2bmarkt.gr/img/prd/o/76026/-9.jpg,9,- снимка 10,Детски продукт 0613143
mc-9995283,https://www.b2bmarkt.gr/img/prd/o/76028/-1.jpg,1,- снимка 1,Детски продукт 9995283
mc-0613102,https://www.b2bmarkt.gr/img/prd/o/76031/-1.jpg,1,- снимка 1,Детски продукт 0613102
mc-0613106,https://www.b2bmarkt.gr/img/prd/o/76032/-1.jpg,1,- снимка 1,Детски продукт 0613106
mc-0613106,https://www.b2bmarkt.gr/img/prd/o/76032/-2.jpg,2,- снимка 3,Детски продукт 0613106
mc-0613106,https://www.b2bmarkt.gr/img/prd/o/76032/-3.jpg,3,- снимка 4,Детски продукт 0613106
mc-0613106,https://www.b2bmarkt.gr/img/prd/o/76032/-4.jpg,4,- снимка 5,Детски продукт 0613106
mc-0613106,https://www.b2bmarkt.gr/img/prd/o/76032/-5.jpg,5,- снимка 6,Детски продукт 0613106
mc-0613106,https://www.b2bmarkt.gr/img/prd/o/76032/-6.jpg,6,- снимка 7,Детски продукт 0613106
mc-0613106,https://www.b2bmarkt.gr/img/prd/o/76032/-7.jpg,7,- снимка 8,Детски продукт 0613106
mc-0613106,https://www.b2bmarkt.gr/img/prd/o/76032/-8.jpg,8,- снимка 9,Детски продукт 0613106
mc-0613106,https://www.b2bmarkt.gr/img/prd/o/76032/-9.jpg,9,- снимка 10,Детски продукт 0613106
mc-0613176,https://www.b2bmarkt.gr/img/prd/o/76035/-1.jpg,1,- снимка 1,Детски продукт 0613176
mc-0613176,https://www.b2bmarkt.gr/img/prd/o/76035/-2.jpg,2,- снимка 3,Детски продукт 0613176
mc-0613176,https://www.b2bmarkt.gr/img/prd/o/76035/-3.jpg,3,- снимка 4,Детски продукт 0613176
mc-0613176,https://www.b2bmarkt.gr/img/prd/o/76035/-4.jpg,4,- снимка 5,Детски продукт 0613176
mc-0613168,https://www.b2bmarkt.gr/img/prd/o/76036/-1.jpg,1,- снимка 1,Детски продукт 0613168
mc-0613168,https://www.b2bmarkt.gr/img/prd/o/76036/-2.jpg,2,- снимка 3,Детски продукт 0613168
mc-0613168,https://www.b2bmarkt.gr/img/prd/o/76036/-3.jpg,3,- снимка 4,Детски продукт 0613168
mc-0613168,https://www.b2bmarkt.gr/img/prd/o/76036/-4.jpg,4,- снимка 5,Детски продукт 0613168
mc-0613168,https://www.b2bmarkt.gr/img/prd/o/76036/-5.jpg,5,- снимка 6,Детски продукт 0613168
mc-0613168,https://www.b2bmarkt.gr/img/prd/o/76036/-6.jpg,6,- снимка 7,Детски продукт 0613168
mc-0613174,https://www.b2bmarkt.gr/img/prd/o/76037/-1.jpg,1,- снимка 1,Детски продукт 0613174
mc-0613174,https://www.b2bmarkt.gr/img/prd/o/76037/-2.jpg,2,- снимка 3,Детски продукт 0613174
mc-0613175,https://www.b2bmarkt.gr/img/prd/o/76038/-1.jpg,1,- снимка 1,Детски продукт 0613175
mc-0613175,https://www.b2bmarkt.gr/img/prd/o/76038/-2.jpg,2,- снимка 3,Детски продукт 0613175
mc-0613178,https://www.b2bmarkt.gr/img/prd/o/76040/-1.jpg,1,- снимка 1,Детски продукт 0613178
mc-0613181,https://www.b2bmarkt.gr/img/prd/o/76041/-1.jpg,1,- снимка 1,Детски продукт 0613181
mc-0613181,https://www.b2bmarkt.gr/img/prd/o/76041/-2.jpg,2,- снимка 3,Детски продукт 0613181
mc-0613121,https://www.b2bmarkt.gr/img/prd/o/76043/-1.jpg,1,- снимка 1,Детски продукт 0613121
mc-0613121,https://www.b2bmarkt.gr/img/prd/o/76043/-2.jpg,2,- снимка 3,Детски продукт 0613121
mc-0613195,https://www.b2bmarkt.gr/img/prd/o/76044/-1.jpg,1,- снимка 1,Детски продукт 0613195
mc-0613196,https://www.b2bmarkt.gr/img/prd/o/76045/-1.jpg,1,- снимка 1,Детски продукт 0613196
mc-0613196,https://www.b2bmarkt.gr/img/prd/o/76045/-2.jpg,2,- снимка 3,Детски продукт 0613196
mc-0613170,https://www.b2bmarkt.gr/img/prd/o/76058/-1.jpg,1,- снимка 1,Детски продукт 0613170
mc-0613170,https://www.b2bmarkt.gr/img/prd/o/76058/-2.jpg,2,- снимка 3,Детски продукт 0613170
mc-0613170,https://www.b2bmarkt.gr/img/prd/o/76058/-3.jpg,3,- снимка 4,Детски продукт 0613170
mc-0613170,https://www.b2bmarkt.gr/img/prd/o/76058/-4.jpg,4,- снимка 5,Детски продукт 0613170
mc-0613170,https://www.b2bmarkt.gr/img/prd/o/76058/-5.jpg,5,- снимка 6,Детски продукт 0613170
mc-0613170,https://www.b2bmarkt.gr/img/prd/o/76058/-6.jpg,6,- снимка 7,Детски продукт 0613170
mc-0613170,https://www.b2bmarkt.gr/img/prd/o/76058/-7.jpg,7,- снимка 8,Детски продукт 0613170
mc-0613170,https://www.b2bmarkt.gr/img/prd/o/76058/-8.jpg,8,- снимка 9,Детски продукт 0613170
mc-0613170,https://www.b2bmarkt.gr/img/prd/o/76058/-9.jpg,9,- снимка 10,Детски продукт 0613170
mc-0613186,https://www.b2bmarkt.gr/img/prd/o/76060/-1.jpg,1,- снимка 1,Детски продукт 0613186
mc-0613186,https://www.b2bmarkt.gr/img/prd/o/76060/-2.jpg,2,- снимка 3,Детски продукт 0613186
mc-0613186,https://www.b2bmarkt.gr/img/prd/o/76060/-3.jpg,3,- снимка 4,Детски продукт 0613186
mc-0613186,https://www.b2bmarkt.gr/img/prd/o/76060/-4.jpg,4,- снимка 5,Детски продукт 0613186
mc-0613186,https://www.b2bmarkt.gr/img/prd/o/76060/-5.jpg,5,- снимка 6,Детски продукт 0613186
mc-0619031,https://www.b2bmarkt.gr/img/prd/o/76111/-1.jpg,1,- снимка 1,Детски продукт 0619031
mc-0619031,https://www.b2bmarkt.gr/img/prd/o/76111/-2.jpg,2,- снимка 3,Детски продукт 0619031
mc-0619031,https://www.b2bmarkt.gr/img/prd/o/76111/-3.jpg,3,- снимка 4,Детски продукт 0619031
mc-0619031,https://www.b2bmarkt.gr/img/prd/o/76111/-4.jpg,4,- снимка 5,Детски продукт 0619031
mc-0619031,https://www.b2bmarkt.gr/img/prd/o/76111/-5.jpg,5,- снимка 6,Детски продукт 0619031
mc-0619031,https://www.b2bmarkt.gr/img/prd/o/76111/-6.jpg,6,- снимка 7,Детски продукт 0619031
mc-0619031,https://www.b2bmarkt.gr/img/prd/o/76111/-7.jpg,7,- снимка 8,Детски продукт 0619031
mc-0613185,https://www.b2bmarkt.gr/img/prd/o/76234/-1.jpg,1,- снимка 1,Детски продукт 0613185
mc-0613185,https://www.b2bmarkt.gr/img/prd/o/76234/-2.jpg,2,- снимка 3,Детски продукт 0613185
mc-0613185,https://www.b2bmarkt.gr/img/prd/o/76234/-3.jpg,3,- снимка 4,Детски продукт 0613185
mc-0613185,https://www.b2bmarkt.gr/img/prd/o/76234/-4.jpg,4,- снимка 5,Детски продукт 0613185
mc-0613185,https://www.b2bmarkt.gr/img/prd/o/76234/-5.jpg,5,- снимка 6,Детски продукт 0613185
mc-0613169,https://www.b2bmarkt.gr/img/prd/o/76327/-1.jpg,1,- снимка 1,Детски продукт 0613169
mc-0613169,https://www.b2bmarkt.gr/img/prd/o/76327/-2.jpg,2,- снимка 3,Детски продукт 0613169
mc-0613179,https://www.b2bmarkt.gr/img/prd/o/76328/-1.jpg,1,- снимка 1,Детски продукт 0613179
mc-0613179,https://www.b2bmarkt.gr/img/prd/o/76328/-2.jpg,2,- снимка 3,Детски продукт 0613179
mc-9995288,https://www.b2bmarkt.gr/img/prd/o/76359/-1.jpg,1,- снимка 1,Детски продукт 9995288
mc-9995284,https://www.b2bmarkt.gr/img/prd/o/76369/-1.jpg,1,- снимка 1,Детски продукт 9995284
mc-9995284,https://www.b2bmarkt.gr/img/prd/o/76369/-2.jpg,2,- снимка 3,Детски продукт 9995284
mc-9995284,https://www.b2bmarkt.gr/img/prd/o/76369/-3.jpg,3,- снимка 4,Детски продукт 9995284
mc-9995284,https://www.b2bmarkt.gr/img/prd/o/76369/-4.jpg,4,- снимка 5,Детски продукт 9995284
mc-9995284,https://www.b2bmarkt.gr/img/prd/o/76369/-5.jpg,5,- снимка 6,Детски продукт 9995284
mc-9995284,https://www.b2bmarkt.gr/img/prd/o/76369/-6.jpg,6,- снимка 7,Детски продукт 9995284
mc-9995284,https://www.b2bmarkt.gr/img/prd/o/76369/-7.jpg,7,- снимка 8,Детски продукт 9995284
mc-9995284,https://www.b2bmarkt.gr/img/prd/o/76369/-8.jpg,8,- снимка 9,Детски продукт 9995284
mc-0615524,https://www.b2bmarkt.gr/img/prd/o/76476/-1.jpg,1,- снимка 1,Детски продукт 0615524
mc-0615524,https://www.b2bmarkt.gr/img/prd/o/76476/-2.jpg,2,- снимка 3,Детски продукт 0615524
mc-0615524,https://www.b2bmarkt.gr/img/prd/o/76476/-3.jpg,3,- снимка 4,Детски продукт 0615524
mc-0615524,https://www.b2bmarkt.gr/img/prd/o/76476/-4.jpg,4,- снимка 5,Детски продукт 0615524
mc-9995596,https://www.b2bmarkt.gr/img/prd/o/76557/-1.jpg,1,- снимка 1,Детски продукт 9995596
mc-9995596,https://www.b2bmarkt.gr/img/prd/o/76557/-2.jpg,2,- снимка 3,Детски продукт 9995596
mc-9995596,https://www.b2bmarkt.gr/img/prd/o/76557/-3.jpg,3,- снимка 4,Детски продукт 9995596
mc-9995596,https://www.b2bmarkt.gr/img/prd/o/76557/-4.jpg,4,- снимка 5,Детски продукт 9995596
mc-9995596,https://www.b2bmarkt.gr/img/prd/o/76557/-5.jpg,5,- снимка 6,Детски продукт 9995596
mc-9995596,https://www.b2bmarkt.gr/img/prd/o/76557/-6.jpg,6,- снимка 7,Детски продукт 9995596
mc-9995596,https://www.b2bmarkt.gr/img/prd/o/76557/-7.jpg,7,- снимка 8,Детски продукт 9995596
mc-9995596,https://www.b2bmarkt.gr/img/prd/o/76557/-8.jpg,8,- снимка 9,Детски продукт 9995596
mc-9995596,https://www.b2bmarkt.gr/img/prd/o/76557/-9.jpg,9,- снимка 10,Детски продукт 9995596
mc-9995597,https://www.b2bmarkt.gr/img/prd/o/76558/-1.jpg,1,- снимка 1,Детски продукт 9995597
mc-9995597,https://www.b2bmarkt.gr/img/prd/o/76558/-2.jpg,2,- снимка 3,Детски продукт 9995597
mc-9995597,https://www.b2bmarkt.gr/img/prd/o/76558/-3.jpg,3,- снимка 4,Детски продукт 9995597
mc-0613189,https://www.b2bmarkt.gr/img/prd/o/76559/boithitiko-trapezaki-zander-sm649402-kre.jpg,1,- снимка 1,Детски продукт 0613189
mc-0613189,https://www.b2bmarkt.gr/img/prd/o/76559/boithitiko-trapezaki-zander-sm649402-kre-1.jpg,2,- снимка 2,Детски продукт 0613189
mc-0613189,https://www.b2bmarkt.gr/img/prd/o/76559/boithitiko-trapezaki-zander-sm649402-kre-2.jpg,3,- снимка 3,Детски продукт 0613189
mc-0613189,https://www.b2bmarkt.gr/img/prd/o/76559/boithitiko-trapezaki-zander-sm649402-kre-3.jpg,4,- снимка 4,Детски продукт 0613189
mc-0613189,https://www.b2bmarkt.gr/img/prd/o/76559/boithitiko-trapezaki-zander-sm649402-kre-4.jpg,5,- снимка 5,Детски продукт 0613189
mc-0613189,https://www.b2bmarkt.gr/img/prd/o/76559/boithitiko-trapezaki-zander-sm649402-kre-5.jpg,6,- снимка 6,Детски продукт 0613189
mc-0613190,https://www.b2bmarkt.gr/img/prd/o/76560/-1.jpg,1,- снимка 1,Детски продукт 0613190
mc-0613190,https://www.b2bmarkt.gr/img/prd/o/76560/-2.jpg,2,- снимка 3,Детски продукт 0613190
mc-0613190,https://www.b2bmarkt.gr/img/prd/o/76560/-3.jpg,3,- снимка 4,Детски продукт 0613190
mc-0613190,https://www.b2bmarkt.gr/img/prd/o/76560/-4.jpg,4,- снимка 5,Детски продукт 0613190
mc-0613190,https://www.b2bmarkt.gr/img/prd/o/76560/-5.jpg,5,- снимка 6,Детски продукт 0613190
mc-0613187,https://www.b2bmarkt.gr/img/prd/o/76561/-1.jpg,1,- снимка 1,Детски продукт 0613187
mc-0613187,https://www.b2bmarkt.gr/img/prd/o/76561/-2.jpg,2,- снимка 3,Детски продукт 0613187
mc-0613187,https://www.b2bmarkt.gr/img/prd/o/76561/-3.jpg,3,- снимка 4,Детски продукт 0613187
mc-0613187,https://www.b2bmarkt.gr/img/prd/o/76561/-4.jpg,4,- снимка 5,Детски продукт 0613187
mc-0613187,https://www.b2bmarkt.gr/img/prd/o/76561/-5.jpg,5,- снимка 6,Детски продукт 0613187
mc-0613188,https://www.b2bmarkt.gr/img/prd/o/76562/-1.jpg,1,- снимка 1,Детски продукт 0613188
mc-0613188,https://www.b2bmarkt.gr/img/prd/o/76562/-2.jpg,2,- снимка 3,Детски продукт 0613188
mc-0613188,https://www.b2bmarkt.gr/img/prd/o/76562/-3.jpg,3,- снимка 4,Детски продукт 0613188
mc-0613188,https://www.b2bmarkt.gr/img/prd/o/76562/-4.jpg,4,- снимка 5,Детски продукт 0613188
mc-0613188,https://www.b2bmarkt.gr/img/prd/o/76562/-5.jpg,5,- снимка 6,Детски продукт 0613188
mc-9995335,https://www.b2bmarkt.gr/img/prd/o/76594/-1.jpg,1,- снимка 1,Детски продукт 9995335
mc-9995335,https://www.b2bmarkt.gr/img/prd/o/76594/-2.jpg,2,- снимка 3,Детски продукт 9995335
mc-9995335,https://www.b2bmarkt.gr/img/prd/o/76594/-3.jpg,3,- снимка 4,Детски продукт 9995335
mc-9995335,https://www.b2bmarkt.gr/img/prd/o/76594/-4.jpg,4,- снимка 5,Детски продукт 9995335
mc-9995336,https://www.b2bmarkt.gr/img/prd/o/76595/-1.jpg,1,- снимка 1,Детски продукт 9995336
mc-9995336,https://www.b2bmarkt.gr/img/prd/o/76595/-2.jpg,2,- снимка 3,Детски продукт 9995336
mc-9995336,https://www.b2bmarkt.gr/img/prd/o/76595/-3.jpg,3,- снимка 4,Детски продукт 9995336
mc-9995336,https://www.b2bmarkt.gr/img/prd/o/76595/-4.jpg,4,- снимка 5,Детски продукт 9995336
mc-9995336,https://www.b2bmarkt.gr/img/prd/o/76595/-5.jpg,5,- снимка 6,Детски продукт 9995336
mc-9995337,https://www.b2bmarkt.gr/img/prd/o/76596/-1.jpg,1,- снимка 1,Детски продукт 9995337
mc-9995337,https://www.b2bmarkt.gr/img/prd/o/76596/-2.jpg,2,- снимка 3,Детски продукт 9995337
mc-9995337,https://www.b2bmarkt.gr/img/prd/o/76596/-3.jpg,3,- снимка 4,Детски продукт 9995337
mc-9995337,https://www.b2bmarkt.gr/img/prd/o/76596/-4.jpg,4,- снимка 5,Детски продукт 9995337
mc-9995337,https://www.b2bmarkt.gr/img/prd/o/76596/-5.jpg,5,- снимка 6,Детски продукт 9995337
mc-0613180,https://www.b2bmarkt.gr/img/prd/o/76640/-1.jpg,1,- снимка 1,Детски продукт 0613180
mc-0603275,https://www.b2bmarkt.gr/img/prd/o/76643/-1.jpg,1,- снимка 1,Детски продукт 0603275
mc-0603275,https://www.b2bmarkt.gr/img/prd/o/76643/-2.jpg,2,- снимка 3,Детски продукт 0603275
mc-0603275,https://www.b2bmarkt.gr/img/prd/o/76643/-3.jpg,3,- снимка 4,Детски продукт 0603275
mc-0603275,https://www.b2bmarkt.gr/img/prd/o/76643/-4.jpg,4,- снимка 5,Детски продукт 0603275
mc-0603275,https://www.b2bmarkt.gr/img/prd/o/76643/-5.jpg,5,- снимка 6,Детски продукт 0603275
mc-0603275,https://www.b2bmarkt.gr/img/prd/o/76643/-6.jpg,6,- снимка 7,Детски продукт 0603275
mc-0603275,https://www.b2bmarkt.gr/img/prd/o/76643/-7.jpg,7,- снимка 8,Детски продукт 0603275
mc-0603275,https://www.b2bmarkt.gr/img/prd/o/76643/-8.jpg,8,- снимка 9,Детски продукт 0603275
mc-0603275,https://www.b2bmarkt.gr/img/prd/o/76643/-9.jpg,9,- снимка 10,Детски продукт 0603275
mc-0603277,https://www.b2bmarkt.gr/img/prd/o/76652/-1.jpg,1,- снимка 1,Детски продукт 0603277
mc-0603277,https://www.b2bmarkt.gr/img/prd/o/76652/-2.jpg,2,- снимка 3,Детски продукт 0603277
mc-0603277,https://www.b2bmarkt.gr/img/prd/o/76652/-3.jpg,3,- снимка 4,Детски продукт 0603277
mc-0603277,https://www.b2bmarkt.gr/img/prd/o/76652/-4.jpg,4,- снимка 5,Детски продукт 0603277
mc-0603277,https://www.b2bmarkt.gr/img/prd/o/76652/-5.jpg,5,- снимка 6,Детски продукт 0603277
mc-0603277,https://www.b2bmarkt.gr/img/prd/o/76652/-6.jpg,6,- снимка 7,Детски продукт 0603277
mc-0603277,https://www.b2bmarkt.gr/img/prd/o/76652/-7.jpg,7,- снимка 8,Детски продукт 0603277
mc-0603277,https://www.b2bmarkt.gr/img/prd/o/76652/-8.jpg,8,- снимка 9,Детски продукт 0603277
mc-0603277,https://www.b2bmarkt.gr/img/prd/o/76652/-9.jpg,9,- снимка 10,Детски продукт 0603277
mc-0603276,https://www.b2bmarkt.gr/img/prd/o/76653/-1.jpg,1,- снимка 1,Детски продукт 0603276
mc-0603276,https://www.b2bmarkt.gr/img/prd/o/76653/-2.jpg,2,- снимка 3,Детски продукт 0603276
mc-0603276,https://www.b2bmarkt.gr/img/prd/o/76653/-3.jpg,3,- снимка 4,Детски продукт 0603276
mc-0603276,https://www.b2bmarkt.gr/img/prd/o/76653/-4.jpg,4,- снимка 5,Детски продукт 0603276
mc-0603276,https://www.b2bmarkt.gr/img/prd/o/76653/-5.jpg,5,- снимка 6,Детски продукт 0603276
mc-0603276,https://www.b2bmarkt.gr/img/prd/o/76653/-6.jpg,6,- снимка 7,Детски продукт 0603276
mc-0603276,https://www.b2bmarkt.gr/img/prd/o/76653/-7.jpg,7,- снимка 8,Детски продукт 0603276
mc-0603276,https://www.b2bmarkt.gr/img/prd/o/76653/-8.jpg,8,- снимка 9,Детски продукт 0603276
