sku,title_original,title_bg,description_original,description_bg,seo_title_bg,seo_description_bg,categories_bg,tags,images,price_retail,price_market,stock,barcode,dimensions
0602219,ΤΡΑΠΕΖΙ ΕΞΩΤ.ΧΩΡΟΥ FIGO HM5036.01 ΜΕΤΑΛΛΟ ΓΚΡΙ- ΓΥΑΛΙΝΗ ΕΠΙΦΑΝΕΙΑ 70Χ70Χ72Υεκ,Трапезна маса за външна употреба FIGO метал сива с стъклена повърхност,"Το τραπέζι εξωτερικού χώρου FIGO σε ΓΚΡΙ χρώμα είναι τετράγωνο με στρογγυλεμένες γωνίες και καμπυλωτή διάταξη στα πόδια. Πρόκειται για πολύ δημοφιλές τραπέζι που δεν λείπει σχεδόν από κανέναν μπαλκόνι ή κήπο. Το τραπέζι ενδείκνυται εκτός των άλλων και για περιορισμένους χώρους, όπως μπαλκόνια ή μικρές αυλές.<br />
<br />
ΔΙΑΣΤΑΣΕΙΣ:<br />
70x70x72Y εκ.<br />
Σκελετός μεταλλικός: Φ25x0.8mm πάχος<br />
<br />
ΥΛΙΚΑ ΚΑΤΑΣΚΕΥΗΣ:<br />
Ο σκελετός είναι μεταλλικός με ηλεκτροστατική βαφή. Η ηλεκτροστατική βαφή είναι μια διαδικασία ξηρής επίστρωσης που χρησιμοποιείται ως μεταλλικό φινίρισμα. Η ηλεκτροστατική βαφή είναι η επίστρωση ξηρής σκόνης μέσω ηλεκτροστατικής διαδικασίας, η οποία στη συνέχεια «κολλάει» στο μέταλλο μέσω της θερμότητας.<br />
Η επιφάνεια του τραπεζιού είναι κατασκευασμένη από άθραυστο γυαλί ή γυαλί ασφαλείας.<br />
Το σκληρυμένο ή «άθραυστο» γυαλί είναι ένας τύπος γυαλιού ασφαλείας περίπου τέσσερις φορές ισχυρότερο από το συνηθισμένο γυαλί. Και σε αντίθεση με το συνηθισμένο γυαλί, το οποίο μπορεί να θρυμματιστεί σε οδοντωτά θραύσματα όταν σπάσει, το σκληρυμένο γυαλί σπάει σε μικρά, σχετικά ακίνδυνα κοκκώδη κομμάτια. Ως αποτέλεσμα, το σκληρυμένο γυαλί χρησιμοποιείται σε εκείνα τα περιβάλλοντα όπου η ανθρώπινη ασφάλεια αποτελεί προτεραιότητα, όπως οι οικιακές εφαρμογές κ.λπ.<br />
<br />
ΣΥΝΤΗΡΗΣΗ:<br />
Από τα παραπάνω γίνεται αντιληπτό ότι το τραπέζι δεν χρειάζεται ιδιαίτερη συντήρηση. Ένα πέρασμα με υγρό πανί ή ακόμα και με ειδικά καθαριστικά είναι αρκετό. <br />
<br />
ΠΛΕΟΝΕΚΤΗΜΑΤΑ:<br />
•Κλασσικό και διαχρονικό design<br />
•Ευκολία στην συντήρηση<br />
•Ποιοτικά υλικά κατασκευής<br />
•Εκπληκτική σχέση τιμής-ποιότητας<br />
To τραπέζι παραδίδεται αμοντάριστο και συναρμολογείται εύκολα αφού όλα τα απαραίτητα, εμπεριέχονται στην συσκευασία. <br />
**Η ακριβής χρωματική απόδοση του προϊόντος ενδέχεται να διαφέρει ελάχιστα από το πραγματικό λόγω των διαφορετικών ρυθμίσεων της κάθε οθόνης.","<p><strong>Външна маса FIGO в СИВО</strong></p><p>Масата е квадратна с заоблени ъгли и извити крака. Това е много популярна маса, която почти не липсва на нито един балкон или градина. Подходяща е особено за ограничени пространства като балкони или малки дворове.</p><ul><li><strong>Размери:</strong> 70x70x72Y см</li><li><strong>Метален скелет:</strong> Ф25x0.8 мм дебелина</li></ul><p><strong>Материали:</strong></p><p>Скелетът е метален с електростатично боядисване – процес на сухо покритие, при който прахът се залепва за метала чрез топлина. Плотът е изработен от закалено стъкло или безопасно стъкло.</p><p>Закаленото стъкло е около четири пъти по-здраво от обикновеното и при счупване се разпада на малки, относително безвредни парченца, което го прави подходящо за домашна употреба, където безопасността е приоритет.</p><p><strong>Поддръжка:</strong></p><p>Масата не изисква специална поддръжка – достатъчно е почистване с влажна кърпа или специални почистващи препарати.</p><p><strong>Предимства:</strong></p><ul><li>Класически и вечен дизайн</li><li>Лесна поддръжка</li><li>Качествени материали</li><li>Отлично съотношение цена-качество</li></ul><p>Масата се доставя разглобена и се сглобява лесно, като всички необходими части са включени в опаковката.</p><p><em>Точният цвят на продукта може леко да се различава от реалния поради различните настройки на всеки екран.</em></p>",Градинска маса FIGO HM5036.01 метал сив - стъклена повърхност 70x70x72,"Маса за външна употреба FIGO HM5036.01 метал сив - сив, квадратна с заоблени ъгли и извити форми, размер 70x70x72 см.",[L] Εξωτερικός χώρος > [L] Τραπέζια,,https://www.b2bmarkt.gr/img/prd/o/43240/trapezi-exotchoroy-fb9503601-metallo-gkr.jpg; https://www.b2bmarkt.gr/img/prd/o/43240/trapezi-exotchoroy-fb9503601-metallo-gkr-1.jpg; https://www.b2bmarkt.gr/img/prd/o/43240/trapezi-exotchoroy-fb9503601-metallo-gkr-2.jpg; https://www.b2bmarkt.gr/img/prd/o/43240/trapezi-exotchoroy-fb9503601-metallo-gkr-3.jpg; https://www.b2bmarkt.gr/img/prd/o/43240/trapezi-exotchoroy-fb9503601-metallo-gkr-4.jpg; https://www.b2bmarkt.gr/img/prd/o/43240/trapezi-exotchoroy-fb9503601-metallo-gkr-5.jpg; https://www.b2bmarkt.gr/img/prd/o/43240/trapezi-exotchoroy-fb9503601-metallo-gkr-6.jpg,26.07,33.89,697,5208067007160,L:0.75 W:0.72 H:0.07 Weight:9.5kg Vol:0.038m3
0602711,ΤΡΑΠΕΖΙ BRUNO 140Χ80Χ72Υεκ. ΓΚΡΙ ΜΕΤΑΛΛΙΚΟ ΜΕ ΓΥΑΛΙΝΗ ΕΠΙΦΑΝΕΙΑ HM5106.01,Маса BRUNO 140x80x72 см сива метална с стъклена повърхност,"ΗΜ5106.01-- Τραπέζι BRUNO εξωτερικού χώρου με ΓΚΡΙ μεταλλικό σκελετό και γυάλινη θολή επιφάνεια! Πρόκειται για πολύ δημοφιλές τραπέζι που δεν λείπει σχεδόν από κανέναν μπαλκόνι ή κήπο. Είναι ορθογώνιο με γωνίες στρογγυλεμένες ενώ το γυαλί της επιφάνειας είναι ενισχυμένο.  <br />
<br />
ΔΙΑΣΤΑΣΕΙΣ:<br />
140x80x72Y εκ.<br />
<br />
ΥΛΙΚΑ ΚΑΤΑΣΚΕΥΗΣ:<br />
Ο σκελετός με τα πόδια είναι μεταλλικός με ηλεκτροστατική βαφή. Η ηλεκτροστατική βαφή είναι μια διαδικασία ξηρής επίστρωσης που χρησιμοποιείται ως μεταλλικό φινίρισμα. Η ηλεκτροστατική βαφή είναι η επίστρωση ξηρής σκόνης μέσω ηλεκτροστατικής διαδικασίας, η οποία στη συνέχεια «κολλάει» στο μέταλλο μέσω της θερμότητας.<br />
<br />
Το χαρακτηριστικό, όμως, αυτού του τραπεζιού είναι η επιφάνεια του. Αυτή είναι κατασκευασμένη από άθραυστο γυαλί ή γυαλί ασφαλείας.<br />
Το σκληρυμένο ή «άθραυστο» γυαλί είναι ένας τύπος γυαλιού ασφαλείας περίπου τέσσερις φορές ισχυρότερο από το συνηθισμένο γυαλί. Και σε αντίθεση με το συνηθισμένο γυαλί, το οποίο μπορεί να θρυμματιστεί σε οδοντωτά θραύσματα όταν σπάσει, το σκληρυμένο γυαλί σπάει σε μικρά, σχετικά ακίνδυνα κοκκώδη κομμάτια. Ως αποτέλεσμα, το σκληρυμένο γυαλί χρησιμοποιείται σε εκείνα τα περιβάλλοντα όπου η ανθρώπινη ασφάλεια αποτελεί προτεραιότητα, όπως οι οικιακές εφαρμογές κ.λπ.<br />
<br />
ΣΥΝΤΗΡΗΣΗ:<br />
Από τα παραπάνω γίνεται αντιληπτό ότι δεν χρειάζεται ιδιαίτερη συντήρηση. Ένα πέρασμα με υγρό πανί ή ακόμα και με ειδικά καθαριστικά είναι αρκετό. <br />
<br />
ΠΛΕΟΝΕΚΤΗΜΑΤΑ:<br />
•Κλασσικό και διαχρονικό design<br />
•Ποιοτικά υλικά κατασκευής<br />
•Εκπληκτική σχέση τιμής-ποιότητας<br />
*To προϊόν παραδίδεται αμοντάριστο και συναρμολογείται εύκολα αφού όλα τα απαραίτητα, εμπεριέχονται στην συσκευασία.","<p><strong>Външна маса BRUNO с ГРАВИРАН метален скелет и стъклена извита повърхност!</strong></p><p>Много популярна маса, която почти не липсва на нито един балкон или градина. Правоъгълна с заоблени ъгли, а стъклената повърхност е подсилена.</p><br /><ul><li><strong>РАЗМЕРИ:</strong> 140x80x72Y см.</li><li><strong>МАТЕРИАЛИ:</strong> Скелетът и краката са метални с електростатично боядисване. Електростатичното боядисване е процес на сухо покритие, използван като метално покритие. Това е нанасяне на сух прах чрез електростатичен процес, който след това се „залепва“ за метала чрез топлина.</li><li><strong>Повърхност:</strong> Изработена от небитово или закалено стъкло. Закаленото стъкло е вид безопасно стъкло, около четири пъти по-здраво от обикновеното. За разлика от обикновеното стъкло, което може да се разпадне на остри парчета, закаленото стъкло се чупи на малки, относително безвредни гранулирани частици. Поради това се използва там, където безопасността е приоритет, като домашни приложения и др.</li><li><strong>ПОДДРЪЖКА:</strong> Не изисква специална поддръжка. Достатъчно е почистване с влажна кърпа или специални почистващи препарати.</li><li><strong>ПРЕДИМСТВА:</strong><br />• Класически и вечен дизайн<br />• Качествени материали<br />• Отлично съотношение цена-качество<br />*Продуктът се доставя разглобен и се сглобява лесно, като всички необходими части са включени в опаковката.</li></ul>",Маса BRUNO 140x80x72 см сива метална с стъклена повърхност,Маса BRUNO 140x80x72 см сив метален корпус и стъклена повърхност - идеална за външна употреба.,[L] Εξωτερικός χώρος > [L] Τραπέζια,,https://www.b2bmarkt.gr/img/prd/o/54035/trapezi-fb9510601-140ch80ch72yek-gkri-me.jpg; https://www.b2bmarkt.gr/img/prd/o/54035/trapezi-fb9510601-140ch80ch72yek-gkri-me-1.jpg; https://www.b2bmarkt.gr/img/prd/o/54035/trapezi-fb9510601-140ch80ch72yek-gkri-me-2.jpg; https://www.b2bmarkt.gr/img/prd/o/54035/trapezi-fb9510601-140ch80ch72yek-gkri-me-3.jpg,44.9,58.37,659,5208067007061,L:1.42 W:0.82 H:0.07 Weight:20.5kg Vol:0.082m3
0602945,ΤΡΑΠΕΖΙ ADAM HM5679.01 ΜΕΤΑΛΛΙΚΟ ΓΚΡΙ ΜΕ ΓΥΑΛΙΝΗ ΕΠΙΦΑΝΕΙΑ 120Χ70Χ71Υεκ.,Метално трапезно маса ADAM сив с стъклена повърхност 120x70x71 см,"Αυτό το τραπέζι ADAM εξωτερικού χώρου είναι η μεγαλύτερη έκδοση της ομώνυμης σειράς τραπεζιών και έχει ΓΚΡΙ μεταλλικό σκελετό και γυάλινη θολή επιφάνεια! Πρόκειται για πολύ δημοφιλές τραπέζι που δεν λείπει σχεδόν από κανέναν μπαλκόνι ή κήπο. Είναι ορθογώνιο με γωνίες στρογγυλεμένες ενώ το γυαλί της επιφάνειας είναι ασφαλείας.  <br />
<br />
ΔΙΑΣΤΑΣΕΙΣ:<br />
120x70x71Y εκ.<br />
Απόσταση ποδιών: 110x62 εκ.<br />
Σκελετός μεταλλικός: Φ25x0.8mm πάχος<br />
<br />
ΥΛΙΚΑ ΚΑΤΑΣΚΕΥΗΣ:<br />
Ο σκελετός με τα πόδια είναι μεταλλικός με ηλεκτροστατική βαφή. Η ηλεκτροστατική βαφή είναι μια διαδικασία ξηρής επίστρωσης που χρησιμοποιείται ως μεταλλικό φινίρισμα. Η ηλεκτροστατική βαφή είναι η επίστρωση ξηρής σκόνης μέσω ηλεκτροστατικής διαδικασίας, η οποία στη συνέχεια «κολλάει» στο μέταλλο μέσω της θερμότητας.<br />
Το χαρακτηριστικό, όμως, αυτού του τραπεζιού είναι η επιφάνεια του. Αυτή είναι κατασκευασμένη από άθραυστο γυαλί ή γυαλί ασφαλείας. Το σκληρυμένο ή «άθραυστο» γυαλί είναι ένας τύπος γυαλιού ασφαλείας περίπου τέσσερις φορές ισχυρότερο από το συνηθισμένο γυαλί. Και σε αντίθεση με το συνηθισμένο γυαλί, το οποίο μπορεί να θρυμματιστεί σε οδοντωτά θραύσματα όταν σπάσει, το σκληρυμένο γυαλί σπάει σε μικρά, σχετικά ακίνδυνα κοκκώδη κομμάτια. Ως αποτέλεσμα, το σκληρυμένο γυαλί χρησιμοποιείται σε εκείνα τα περιβάλλοντα όπου η ανθρώπινη ασφάλεια αποτελεί προτεραιότητα, όπως οι οικιακές εφαρμογές κ.λπ.<br />
<br />
ΣΥΝΤΗΡΗΣΗ:<br />
Από τα παραπάνω γίνεται αντιληπτό ότι δεν χρειάζεται ιδιαίτερη συντήρηση. Ένα πέρασμα με υγρό πανί ή ακόμα και με ειδικά καθαριστικά είναι αρκετό. <br />
<br />
ΠΛΕΟΝΕΚΤΗΜΑΤΑ:<br />
•Κλασσικό και διαχρονικό design<br />
•Ποιοτικά υλικά κατασκευής<br />
•Εκπληκτική σχέση τιμής-ποιότητας<br />
<br />
*To προϊόν παραδίδεται αμοντάριστο και συναρμολογείται εύκολα αφού όλα τα απαραίτητα, εμπεριέχονται στην συσκευασία. <br />
** Η χρωματική απόδοση του προϊόντος ενδέχεται να διαφέρει ελαφρώς σε σχέση με την φωτογραφική απεικόνισή του στην οθόνη σας.","<p><strong>Въведение</strong></p><p>Тази маса ADAM за външна употреба е най-голямата версия от едноименната серия маси и разполага с ГРАВИРАН метален скелет и стъклена матирана повърхност! Това е много популярна маса, която почти не липсва на никоя тераса или градина. Тя е правоъгълна с заоблени ъгли, а стъклената повърхност е от закалено стъкло.</p><ul><li><strong>РАЗМЕРИ:</strong> 120x70x71Y см</li><li><strong>Разстояние между краката:</strong> 110x62 см</li><li><strong>Метален скелет:</strong> Ф25x0.8mm дебелина</li></ul><p><strong>МАТЕРИАЛИ ЗА ИЗРАБОТКА:</strong></p><p>Скелетът с краката е метален с електростатично боядисване. Електростатичното боядисване е процес на сухо покритие, използван като метално покритие. Това е нанасяне на сух прах чрез електростатичен процес, който след това „залепва“ за метала чрез топлина.<br>Характерната черта на тази маса е повърхността ѝ, изработена от нечупливо или закалено стъкло. Закаленото стъкло е вид безопасно стъкло, около четири пъти по-здраво от обикновеното стъкло. За разлика от обикновеното стъкло, което може да се разпадне на остри парчета при счупване, закаленото стъкло се чупи на малки, относително безвредни зърнести частици. Поради това закаленото стъкло се използва в среди, където човешката безопасност е приоритет, като домашни приложения и други.</p><p><strong>ПОДДРЪЖКА:</strong></p><p>От гореизложеното става ясно, че не изисква специална поддръжка. Единствено почистване с влажна кърпа или специални почистващи препарати е достатъчно.</p><p><strong>ПРЕДИМСТВА:</strong></p><ul><li><strong>Класически и вечен дизайн</strong></li><li><strong>Качествени материали</strong></li><li><strong>Отлично съотношение цена-качество</strong></li></ul><p>*Продуктът се доставя разглобен и се сглобява лесно, тъй като всички необходими части са включени в опаковката.<br>** Цветовото представяне на продукта може леко да се различава от фотографското изображение на вашия екран.</p>",Маса ADAM HM5679.01 метална сива с стъклена повърхност 120x70x71 см,МЕТАЛНА МАСА ADAM HM5679.01 В СИВ ЦВЯТ С ГЛАСИРАНА ПОВЪРХНОСТ - Това външно маса ADAM е най-голямата версия от едноименната серия маси.,[L] Εξωτερικός χώρος > [L] Τραπέζια,,https://www.b2bmarkt.gr/img/prd/o/63471/trapezi-fb9567901-metalliko-gkri-me-gyal.jpg; https://www.b2bmarkt.gr/img/prd/o/63471/trapezi-fb9567901-metalliko-gkri-me-gyal-1.jpg; https://www.b2bmarkt.gr/img/prd/o/63471/trapezi-fb9567901-metalliko-gkri-me-gyal-2.jpg; https://www.b2bmarkt.gr/img/prd/o/63471/trapezi-fb9567901-metalliko-gkri-me-gyal-3.jpg; https://www.b2bmarkt.gr/img/prd/o/63471/trapezi-fb9567901-metalliko-gkri-me-gyal-4.jpg; https://www.b2bmarkt.gr/img/prd/o/63471/trapezi-fb9567901-metalliko-gkri-me-gyal-5.jpg; https://www.b2bmarkt.gr/img/prd/o/63471/trapezi-fb9567901-metalliko-gkri-me-gyal-6.jpg,38.9,50.57,655,5208067054652,L:1.24 W:0.71 H:0.065 Weight:15kg Vol:0.057m3
0602946,ΤΡΑΠΕΖΙ ADAM HM5679.02 ΜΕΤΑΛΛΙΚΟ ΚΑΦΕ ΜΕ ΓΥΑΛΙΝΗ ΕΠΙΦΑΝΕΙΑ 120Χ70Χ71Υεκ.,Метално кафеено трапезно маса с стъклена повърхност 120x70x71 см,"Αυτό το τραπέζι ADAM εξωτερικού χώρου είναι η μεγαλύτερη έκδοση της ομώνυμης σειράς τραπεζιών και έχει ΚΑΦΕ μεταλλικό σκελετό και γυάλινη θολή επιφάνεια! Πρόκειται για πολύ δημοφιλές τραπέζι που δεν λείπει σχεδόν από κανέναν μπαλκόνι ή κήπο. Είναι ορθογώνιο με γωνίες στρογγυλεμένες ενώ το γυαλί της επιφάνειας είναι ασφαλείας.  <br />
<br />
ΔΙΑΣΤΑΣΕΙΣ:<br />
120x70x71Y εκ.<br />
Απόσταση ποδιών: 110x62 εκ.<br />
Σκελετός μεταλλικός: Φ25x0.8mm πάχος<br />
<br />
ΥΛΙΚΑ ΚΑΤΑΣΚΕΥΗΣ:<br />
Ο σκελετός με τα πόδια είναι μεταλλικός με ηλεκτροστατική βαφή. Η ηλεκτροστατική βαφή είναι μια διαδικασία ξηρής επίστρωσης που χρησιμοποιείται ως μεταλλικό φινίρισμα. Η ηλεκτροστατική βαφή είναι η επίστρωση ξηρής σκόνης μέσω ηλεκτροστατικής διαδικασίας, η οποία στη συνέχεια «κολλάει» στο μέταλλο μέσω της θερμότητας.<br />
Το χαρακτηριστικό, όμως, αυτού του τραπεζιού είναι η επιφάνεια του. Αυτή είναι κατασκευασμένη από άθραυστο γυαλί ή γυαλί ασφαλείας. Το σκληρυμένο ή «άθραυστο» γυαλί είναι ένας τύπος γυαλιού ασφαλείας περίπου τέσσερις φορές ισχυρότερο από το συνηθισμένο γυαλί. Και σε αντίθεση με το συνηθισμένο γυαλί, το οποίο μπορεί να θρυμματιστεί σε οδοντωτά θραύσματα όταν σπάσει, το σκληρυμένο γυαλί σπάει σε μικρά, σχετικά ακίνδυνα κοκκώδη κομμάτια. Ως αποτέλεσμα, το σκληρυμένο γυαλί χρησιμοποιείται σε εκείνα τα περιβάλλοντα όπου η ανθρώπινη ασφάλεια αποτελεί προτεραιότητα, όπως οι οικιακές εφαρμογές κ.λπ.<br />
<br />
ΣΥΝΤΗΡΗΣΗ:<br />
Από τα παραπάνω γίνεται αντιληπτό ότι δεν χρειάζεται ιδιαίτερη συντήρηση. Ένα πέρασμα με υγρό πανί ή ακόμα και με ειδικά καθαριστικά είναι αρκετό. <br />
<br />
ΠΛΕΟΝΕΚΤΗΜΑΤΑ:<br />
•Κλασσικό και διαχρονικό design<br />
•Ποιοτικά υλικά κατασκευής<br />
•Εκπληκτική σχέση τιμής-ποιότητας<br />
<br />
*To προϊόν παραδίδεται αμοντάριστο και συναρμολογείται εύκολα αφού όλα τα απαραίτητα, εμπεριέχονται στην συσκευασία. <br />
** Η χρωματική απόδοση του προϊόντος ενδέχεται να διαφέρει ελαφρώς σε σχέση με την φωτογραφική απεικόνισή του στην οθόνη σας.","<p><strong>Въведение</strong></p><p>Тази маса ADAM за външна употреба е най-голямата версия от едноименната серия маси и разполага с КАФЯВ метален скелет и стъклена заоблена повърхност! Това е много популярна маса, която почти не липсва от нито един балкон или градина. Тя е правоъгълна с заоблени ъгли, а стъклената повърхност е от закалено стъкло.</p><br /><ul><li><strong>РАЗМЕРИ:</strong> 120x70x71Y см</li><li><strong>Разстояние между краката:</strong> 110x62 см</li><li><strong>Метален скелет:</strong> Ф25x0.8mm дебелина</li></ul><br /><p><strong>МАТЕРИАЛИ ЗА ИЗРАБОТКА:</strong></p><p>Скелетът с краката е метален с електростатично боядисване. Електростатичното боядисване е процес на сухо покритие, използван като метално покритие. Това е нанасяне на сух прах чрез електростатичен процес, който след това „залепва“ за метала чрез топлина.<br />Характерната особеност на тази маса е повърхността ѝ, изработена от нечупливо или закалено стъкло. Закаленото стъкло е вид безопасно стъкло, около четири пъти по-здраво от обикновеното стъкло. За разлика от обикновеното стъкло, което може да се натроши на остри парчета при счупване, закаленото стъкло се чупи на малки, относително безвредни гранулирани частици. Поради това закаленото стъкло се използва в среди, където безопасността на хората е приоритет, като домашни приложения и други.</p><br /><p><strong>ПОДДРЪЖКА:</strong></p><p>От гореизложеното става ясно, че не изисква специална поддръжка. Едно забърсване с влажна кърпа или дори с подходящи почистващи препарати е достатъчно.</p><br /><p><strong>ПРЕДИМСТВА:</strong></p><ul><li><strong>Класически и вечен дизайн</strong></li><li><strong>Качествени материали</strong></li><li><strong>Отлично съотношение цена-качество</strong></li></ul><br /><p>*Продуктът се доставя разглобен и се сглобява лесно, тъй като всички необходими части са включени в опаковката.<br />** Цветовото представяне на продукта може леко да се различава от фотографското изображение на вашия екран.</p>",Маса ADAM HM5679.02 метална кафява с стъклена повърхност 120x70x71 см,"Маса ADAM HM5679.02 метална кафява с гланцирана стъклена повърхност 120x70x71 см, подходяща за външна употреба, най-голямата версия от серията ADAM.",[L] Εξωτερικός χώρος > [L] Τραπέζια,,https://www.b2bmarkt.gr/img/prd/o/63947/trapezi-adam-metalliko-kafe-me-gyalini-e.jpg; https://www.b2bmarkt.gr/img/prd/o/63947/trapezi-adam-metalliko-kafe-me-gyalini-e-1.jpg,38.9,50.57,331,5208067054669,L:1.22 W:0.72 H:0.07 Weight:15.2kg Vol:0.061m3
0603116,ΤΡΑΠΕΖΙ ADAM HM5020.03 ΜΕΤΑΛΛΙΚΟ ΜΑΥΡΟ ΜΕ ΓΥΑΛΙΝΗ ΕΠΙΦΑΝΕΙΑ 110Χ60Χ71Υεκ.,Метално черно трапезно маса с стъклена повърхност 110x60x71 см,"ΗΜ5020.03 Τραπέζι ADAM εξωτερικού χώρου με ΜΑΥΡΟ μεταλλικό σκελετό και γυάλινη θολή επιφάνεια! Πρόκειται για πολύ δημοφιλές τραπέζι που δεν λείπει σχεδόν από κανέναν μπαλκόνι ή κήπο. Το ADAM είναι ορθογώνιο με γωνίες στρογγυλεμένες ενώ το γυαλί της επιφάνειας είναι ενισχυμένο.  <br />
<br />
ΔΙΑΣΤΑΣΕΙΣ:<br />
Γενικές διαστάσεις: 110x60x71Y εκ.<br />
Απόσταση ποδιών: 99x64 εκ.<br />
Σκελετός μεταλλικός: Φ25x0.8mm πάχος<br />
<br />
ΥΛΙΚΑ ΚΑΤΑΣΚΕΥΗΣ:<br />
Ο σκελετός με τα πόδια είναι μεταλλικός με ηλεκτροστατική βαφή. Η ηλεκτροστατική βαφή είναι μια διαδικασία ξηρής επίστρωσης που χρησιμοποιείται ως μεταλλικό φινίρισμα. Η ηλεκτροστατική βαφή είναι η επίστρωση ξηρής σκόνης μέσω ηλεκτροστατικής διαδικασίας, η οποία στη συνέχεια «κολλάει» στο μέταλλο μέσω της θερμότητας.<br />
<br />
Το χαρακτηριστικό, όμως, αυτού του τραπεζιού είναι η επιφάνεια του. Αυτή είναι κατασκευασμένη από άθραυστο γυαλί ή γυαλί ασφαλείας.<br />
Το σκληρυμένο ή «άθραυστο» γυαλί είναι ένας τύπος γυαλιού ασφαλείας περίπου τέσσερις φορές ισχυρότερο από το συνηθισμένο γυαλί. Και σε αντίθεση με το συνηθισμένο γυαλί, το οποίο μπορεί να θρυμματιστεί σε οδοντωτά θραύσματα όταν σπάσει, το σκληρυμένο γυαλί σπάει σε μικρά, σχετικά ακίνδυνα κοκκώδη κομμάτια. Ως αποτέλεσμα, το σκληρυμένο γυαλί χρησιμοποιείται σε εκείνα τα περιβάλλοντα όπου η ανθρώπινη ασφάλεια αποτελεί προτεραιότητα, όπως οι οικιακές εφαρμογές κ.λπ.<br />
<br />
ΣΥΝΤΗΡΗΣΗ:<br />
Από τα παραπάνω γίνεται αντιληπτό ότι δεν χρειάζεται ιδιαίτερη συντήρηση. Ένα πέρασμα με υγρό πανί ή ακόμα και με ειδικά καθαριστικά είναι αρκετό. <br />
<br />
ΠΛΕΟΝΕΚΤΗΜΑΤΑ:<br />
•Κλασσικό και διαχρονικό design<br />
•Ποιοτικά υλικά κατασκευής<br />
•Εκπληκτική σχέση τιμής-ποιότητας<br />
*To προϊόν παραδίδεται αμοντάριστο και συναρμολογείται εύκολα αφού όλα τα απαραίτητα, εμπεριέχονται στην συσκευασία.","<p><strong>Външна маса ADAM с черна метална конструкция и стъклена заоблена повърхност!</strong></p><p>Много популярна маса, която почти не липсва на нито един балкон или градина. ADAM е правоъгълна с заоблени ъгли, а стъклената повърхност е подсилена.</p><ul><li><strong>Размери:</strong> 110x60x71Y см</li><li><strong>Разстояние между краката:</strong> 99x64 см</li><li><strong>Метална конструкция:</strong> Ф25x0.8 мм дебелина</li></ul><p><strong>Материали:</strong></p><p>Конструкцията и краката са метални с електростатично боядисване – процес на сухо покритие, при който прахово покритие се залепва върху метала чрез топлина.</p><p>Отличителната черта на тази маса е повърхността ѝ, изработена от закалено или безопасно стъкло. Закаленото стъкло е около четири пъти по-здраво от обикновеното и при счупване се разпада на малки, относително безвредни гранули, което го прави подходящо за среди, където безопасността е приоритет.</p><p><strong>Поддръжка:</strong></p><p>Не изисква специална поддръжка – достатъчно е почистване с влажна кърпа или специални почистващи препарати.</p><p><strong>Предимства:</strong></p><ul><li><strong>Класически и вечен дизайн</strong></li><li><strong>Качествени материали</strong></li><li><strong>Отлично съотношение цена-качество</strong></li></ul><p>*Продуктът се доставя разглобен и се сглобява лесно, като всички необходими части са включени в опаковката.</p>",Маса ADAM HM5020.03 метална черна с стъклена повърхност 110x60x71 см,МЕТАЛНА МАСА ADAM HM5020.03 ЧЕРНА СЪС СТЪКЛЕНА ПОВЪРХНОСТ - HM5020.03 Маса ADAM за външна употреба с черна метална конструкция и стъклена извита повърхност!,[L] Εξωτερικός χώρος > [L] Τραπέζια,,https://www.b2bmarkt.gr/img/prd/o/70126/trapezi-fb9502003-metalliko-mayro-me-gya.jpg; https://www.b2bmarkt.gr/img/prd/o/70126/trapezi-fb9502003-metalliko-mayro-me-gya-1.jpg; https://www.b2bmarkt.gr/img/prd/o/70126/trapezi-fb9502003-metalliko-mayro-me-gya-2.jpg; https://www.b2bmarkt.gr/img/prd/o/70126/trapezi-fb9502003-metalliko-mayro-me-gya-3.jpg; https://www.b2bmarkt.gr/img/prd/o/70126/trapezi-fb9502003-metalliko-mayro-me-gya-4.jpg; https://www.b2bmarkt.gr/img/prd/o/70126/trapezi-fb9502003-metalliko-mayro-me-gya-5.jpg; https://www.b2bmarkt.gr/img/prd/o/70126/trapezi-fb9502003-metalliko-mayro-me-gya-6.jpg,29.99,38.99,276,5208067121682,L:1.12 W:0.62 H:0.07 Weight:14kg Vol:0.049m3
0603117,ΤΡΑΠΕΖΙ LIMA Φ60x68Υεκ. ΜΕΤΑΛΛΙΚΟ ΜΑΥΡΟ ΜΕ ΓΥΑΛΙΝΗ ΕΠΙΦΑΝΕΙΑ HM5079.03,Метално черно трапезно маса LIMA Ф60x68см с стъклена повърхност,"ΗΜ5079.03 ΤΡΑΠΕΖΙ ΣΤΡΟΓΓΥΛΟ γυάλινο-----Το LIMA είναι ένα στρογγυλό τραπέζι με επιφάνεια από ημιδιάφανο γυαλί ασφαλείας και μεταλλικά πόδια σε μαύρο χρώμα. Η γυάλινη επιφάνεια στηρίζεται σε έναν κυκλικό μεταλλικό «δακτύλιο» ο οποίος με την σειρά του στηρίζεται στην διάταξη των ποδιών. Ένα όμορφο και στιβαρό τραπέζι που θα ομορφύνει τον εξωτερικό σας χώρο.<br />
<br />
ΔΙΑΣΤΑΣΕΙΣ:<br />
Φ60x68Y εκ.<br />
Απόσταση ποδιών: 40x40 εκ.<br />
<br />
ΥΛΙΚΑ ΚΑΤΑΣΚΕΥΗΣ:<br />
Τα πόδια είναι μεταλλικά και διαθέτουν πλαστικές τάπες στο κάτω μέρος για προστασία των δαπέδων.<br />
<br />
Το χαρακτηριστικό, όμως, αυτού του τραπεζιού είναι η επιφάνεια του. Αυτή είναι κατασκευασμένη από άθραυστο γυαλί ή γυαλί ασφαλείας.<br />
Το σκληρυμένο ή «άθραυστο» γυαλί είναι ένας τύπος γυαλιού ασφαλείας περίπου τέσσερις φορές ισχυρότερο από το συνηθισμένο γυαλί. Και σε αντίθεση με το συνηθισμένο γυαλί, το οποίο μπορεί να θρυμματιστεί σε οδοντωτά θραύσματα όταν σπάσει, το σκληρυμένο γυαλί σπάει σε μικρά, σχετικά ακίνδυνα κομματάκια. Ως αποτέλεσμα, το σκληρυμένο γυαλί χρησιμοποιείται σε εκείνα τα περιβάλλοντα όπου η ανθρώπινη ασφάλεια αποτελεί προτεραιότητα, όπως οι οικιακές εφαρμογές κ.λπ.<br />
<br />
ΣΥΝΤΗΡΗΣΗ:<br />
Από τα παραπάνω γίνεται αντιληπτό ότι δεν χρειάζεται ιδιαίτερη συντήρηση. Ένα πέρασμα με υγρό πανί ή ακόμα και με ειδικά καθαριστικά είναι αρκετό. <br />
<br />
ΠΛΕΟΝΕΚΤΗΜΑΤΑ:<br />
Το LIMA είναι ένα τραπέζι που συνδυάζει με υπέροχο τρόπο το γυαλί με το μέταλλο.  <br />
Συνδυάστε τo με καρέκλες με την ίδια αισθητική και φτιάξτε έναν όμορφο και πρακτικό χώρο στον κήπο ή το μπαλκόνι σας.<br />
<br />
To προϊόν παραδίδεται αμοντάριστο","<p><strong>intro</strong></p><p>LIMA е кръгла маса с полупрозрачна плоча от закалено стъкло и метални крака в черен цвят. Стъклената плоча се поддържа от кръгъл метален „пръстен“, който от своя страна е закрепен към конструкцията на краката. Красивa и здрава маса, която ще украси вашето външно пространство.</p><ul><li><strong>РАЗМЕРИ:</strong> Ф60x68Y см.</li><li><strong>Разстояние между краката:</strong> 40x40 см.</li><li><strong>МАТЕРИАЛИ:</strong> Краката са метални и имат пластмасови тапи отдолу за защита на пода.</li><li><strong>ПОВЪРХНОСТ:</strong> Изработена от закалено или „нечупливо“ стъкло, което е около четири пъти по-здраво от обикновеното стъкло. За разлика от обикновеното стъкло, което се чупи на остри парчета, закаленото стъкло се разпада на малки, относително безвредни частици. Затова се използва там, където безопасността е приоритет, като в домашни условия и др.</li><li><strong>ПОДДРЪЖКА:</strong> Не изисква специална поддръжка. Достатъчно е почистване с влажна кърпа или специални почистващи препарати.</li><li><strong>ПРЕДИМСТВА:</strong> LIMA съчетава по прекрасен начин стъкло и метал. Съчетайте я с подходящи столове със същата визия и създайте красив и практичен кът в градината или на балкона си.</li><li><strong>ЗАБЕЛЕЖКА:</strong> Продуктът се доставя разглобен.</li></ul>",Маса LIMA Ф60x68см метална черна с стъклена повърхност HM5079.03,ТРАПЕЗА LIMA Ф60x68см МЕТАЛНО ЧЕРНО СЪС СТЪКЛЕНА ПЛОТ - HM5079.03 КРЪГЛА МАСА със стъклена повърхност,[L] Εξωτερικός χώρος > [L] Τραπέζια,,https://www.b2bmarkt.gr/img/prd/o/70021/trapezi-fb9507903-metalliko-mayro-me-gya.jpg; https://www.b2bmarkt.gr/img/prd/o/70021/trapezi-fb9507903-metalliko-mayro-me-gya-1.jpg; https://www.b2bmarkt.gr/img/prd/o/70021/trapezi-fb9507903-metalliko-mayro-me-gya-2.jpg; https://www.b2bmarkt.gr/img/prd/o/70021/trapezi-fb9507903-metalliko-mayro-me-gya-3.jpg; https://www.b2bmarkt.gr/img/prd/o/70021/trapezi-fb9507903-metalliko-mayro-me-gya-4.jpg; https://www.b2bmarkt.gr/img/prd/o/70021/trapezi-fb9507903-metalliko-mayro-me-gya-5.jpg; https://www.b2bmarkt.gr/img/prd/o/70021/trapezi-fb9507903-metalliko-mayro-me-gya-6.jpg,14.49,18.84,328,5208067121699,L:0.62 W:0.74 H:0.065 Weight:6.4kg Vol:0.03m3
0603160,ΤΡΑΠΕΖΙ ADAM HM5020.04 ΜΕΤΑΛΛΙΚΟ ΣΑΜΠΑΝΙ ΜΕ ΓΥΑΛΙΝΗ ΕΠΙΦΑΝΕΙΑ 110Χ60Χ71Υεκ.,Метално трапезно маса ADAM шампанско с стъклена повърхност 110x60x71 с,"Το τραπέζι ADAM εξωτερικού χώρου έχει ΣΑΜΠΑΝΙ μεταλλικό σκελετό και γυάλινη θολή επιφάνεια! Πρόκειται για πολύ δημοφιλές τραπέζι που δεν λείπει σχεδόν από κανέναν μπαλκόνι ή κήπο. Το ADAM είναι ορθογώνιο με γωνίες στρογγυλεμένες ενώ το γυαλί της επιφάνειας είναι ενισχυμένο.  <br />
<br />
ΔΙΑΣΤΑΣΕΙΣ:<br />
110x60x71Y εκ.<br />
Απόσταση ποδιών: 99x64 εκ.<br />
Σκελετός μεταλλικός: Φ25x0.8mm πάχος<br />
<br />
ΥΛΙΚΑ ΚΑΤΑΣΚΕΥΗΣ:<br />
Ο σκελετός με τα πόδια είναι μεταλλικός με ηλεκτροστατική βαφή. Η ηλεκτροστατική βαφή είναι μια διαδικασία ξηρής επίστρωσης που χρησιμοποιείται ως μεταλλικό φινίρισμα. Η ηλεκτροστατική βαφή είναι η επίστρωση ξηρής σκόνης μέσω ηλεκτροστατικής διαδικασίας, η οποία στη συνέχεια «κολλάει» στο μέταλλο μέσω της θερμότητας.<br />
Το χαρακτηριστικό, όμως, αυτού του τραπεζιού είναι η επιφάνεια του. Αυτή είναι κατασκευασμένη από άθραυστο γυαλί ή γυαλί ασφαλείας.<br />
Το σκληρυμένο ή «άθραυστο» γυαλί είναι ένας τύπος γυαλιού ασφαλείας περίπου τέσσερις φορές ισχυρότερο από το συνηθισμένο γυαλί. Και σε αντίθεση με το συνηθισμένο γυαλί, το οποίο μπορεί να θρυμματιστεί σε οδοντωτά θραύσματα όταν σπάσει, το σκληρυμένο γυαλί σπάει σε μικρά, σχετικά ακίνδυνα κοκκώδη κομμάτια. Ως αποτέλεσμα, το σκληρυμένο γυαλί χρησιμοποιείται σε εκείνα τα περιβάλλοντα όπου η ανθρώπινη ασφάλεια αποτελεί προτεραιότητα, όπως οι οικιακές εφαρμογές κ.λπ.<br />
<br />
ΣΥΝΤΗΡΗΣΗ:<br />
Από τα παραπάνω γίνεται αντιληπτό ότι δεν χρειάζεται ιδιαίτερη συντήρηση. Ένα πέρασμα με υγρό πανί ή ακόμα και με ειδικά καθαριστικά είναι αρκετό. <br />
<br />
ΠΛΕΟΝΕΚΤΗΜΑΤΑ:<br />
•Κλασσικό και διαχρονικό design<br />
•Ποιοτικά υλικά κατασκευής<br />
•Εκπληκτική σχέση τιμής-ποιότητας<br />
*To προϊόν παραδίδεται αμοντάριστο και συναρμολογείται εύκολα αφού όλα τα απαραίτητα, εμπεριέχονται στην συσκευασία. <br />
** Η χρωματική απόδοση του προϊόντος ενδέχεται να διαφέρει ελαφρώς σε σχέση με την φωτογραφική απεικόνισή του στην οθόνη σας.","<p><strong>Въведение</strong></p><p>Масата за външна употреба ADAM има метална конструкция в цвят САМПАН и стъклена аркова повърхност! Това е много популярна маса, която почти не липсва на нито един балкон или градина. ADAM е правоъгълна с заоблени ъгли, а стъклената повърхност е подсилена.</p><ul><li><strong>РАЗМЕРИ:</strong> 110x60x71Y см</li><li><strong>Разстояние между краката:</strong> 99x64 см</li><li><strong>Метална конструкция:</strong> Ф25x0.8 мм дебелина</li></ul><p><strong>МАТЕРИАЛИ ЗА ИЗРАБОТКА:</strong><br>Конструкцията с крака е метална с електростатично боядисване. Електростатичното боядисване е процес на сухо покритие, използван като метално покритие. Това е нанасяне на сух прах чрез електростатичен процес, който след това се „залепва“ за метала чрез топлина.<br>Особеността на тази маса е повърхността ѝ, изработена от небитово или закалено стъкло.<br>Закаленото или „небитово“ стъкло е вид безопасно стъкло, около четири пъти по-здраво от обикновеното стъкло. За разлика от обикновеното стъкло, което може да се раздроби на остри парчета при счупване, закаленото стъкло се чупи на малки, относително безвредни гранулирани частици. Поради това закаленото стъкло се използва в среди, където безопасността на хората е приоритет, като домашни приложения и др.</p><p><strong>ПОДДРЪЖКА:</strong><br>От гореизложеното става ясно, че не изисква специална поддръжка. Едно избърсване с влажна кърпа или дори с подходящи почистващи препарати е достатъчно.</p><p><strong>ПРЕДИМСТВА:</strong></p><ul><li><strong>Класически и вечен дизайн</strong></li><li><strong>Качествени материали</strong></li><li><strong>Отлично съотношение цена-качество</strong></li></ul><p>*Продуктът се доставя разглобен и се сглобява лесно, тъй като всички необходими части са включени в опаковката.<br>**Цветовото възпроизвеждане на продукта може леко да се различава от фотографското изображение на екрана ви.</p>",Маса ADAM HM5020.04 метална шампанско с стъклена повърхност 110x60x7 с,МЕТАЛЕН МАСА ADAM HM5020.04 С ЦВЯТ САМПАН И СТЪКЛЕНА ПОВЪРХНОСТ - Маса за външна употреба с метална рамка в цвят сампан и стъклена извита повърхност!,[L] Εξωτερικός χώρος > [L] Τραπέζια,,https://www.b2bmarkt.gr/img/prd/o/71964/trapezi-fb9502004-metalliko-sampani-me-g.jpg; https://www.b2bmarkt.gr/img/prd/o/71964/trapezi-fb9502004-metalliko-sampani-me-g-1.jpg; https://www.b2bmarkt.gr/img/prd/o/71964/trapezi-fb9502004-metalliko-sampani-me-g-2.jpg; https://www.b2bmarkt.gr/img/prd/o/71964/trapezi-fb9502004-metalliko-sampani-me-g-3.jpg; https://www.b2bmarkt.gr/img/prd/o/71964/trapezi-fb9502004-metalliko-sampani-me-g-4.jpg; https://www.b2bmarkt.gr/img/prd/o/71964/trapezi-fb9502004-metalliko-sampani-me-g-5.jpg; https://www.b2bmarkt.gr/img/prd/o/71964/trapezi-fb9502004-metalliko-sampani-me-g-6.jpg; https://www.b2bmarkt.gr/img/prd/o/71964/trapezi-fb9502004-metalliko-sampani-me-g-7.jpg,29.99,38.99,141,5208067142953,L:1.13 W:0.63 H:0.07 Weight:14kg Vol:0.049m3
0603161,ΤΡΑΠΕΖΙ ADAM HM5679.04 ΜΕΤΑΛΛΙΚΟ ΣΑΜΠΑΝΙ ΜΕ ΓΥΑΛΙΝΗ ΕΠΙΦΑΝΕΙΑ 120Χ70Χ71Υεκ.,Метално трапезно маса ADAM с шампанско покритие и стъклена повърхност ,"Αυτό το τραπέζι ADAM εξωτερικού χώρου είναι η μεγαλύτερη έκδοση της ομώνυμης σειράς τραπεζιών και έχει ΣΑΜΠΑΝΙ μεταλλικό σκελετό και γυάλινη θολή επιφάνεια! Πρόκειται για πολύ δημοφιλές τραπέζι που δεν λείπει σχεδόν από κανέναν μπαλκόνι ή κήπο. Είναι ορθογώνιο με γωνίες στρογγυλεμένες ενώ το γυαλί της επιφάνειας είναι ασφαλείας.  <br />
<br />
ΔΙΑΣΤΑΣΕΙΣ:<br />
120x70x71Y εκ.<br />
Απόσταση ποδιών: 110x62 εκ.<br />
Σκελετός μεταλλικός: Φ25x0.8mm πάχος<br />
<br />
ΥΛΙΚΑ ΚΑΤΑΣΚΕΥΗΣ:<br />
Ο σκελετός με τα πόδια είναι μεταλλικός με ηλεκτροστατική βαφή. Η ηλεκτροστατική βαφή είναι μια διαδικασία ξηρής επίστρωσης που χρησιμοποιείται ως μεταλλικό φινίρισμα. Η ηλεκτροστατική βαφή είναι η επίστρωση ξηρής σκόνης μέσω ηλεκτροστατικής διαδικασίας, η οποία στη συνέχεια «κολλάει» στο μέταλλο μέσω της θερμότητας.<br />
Το χαρακτηριστικό, όμως, αυτού του τραπεζιού είναι η επιφάνεια του. Αυτή είναι κατασκευασμένη από άθραυστο γυαλί ή γυαλί ασφαλείας. Το σκληρυμένο ή «άθραυστο» γυαλί είναι ένας τύπος γυαλιού ασφαλείας περίπου τέσσερις φορές ισχυρότερο από το συνηθισμένο γυαλί. Και σε αντίθεση με το συνηθισμένο γυαλί, το οποίο μπορεί να θρυμματιστεί σε οδοντωτά θραύσματα όταν σπάσει, το σκληρυμένο γυαλί σπάει σε μικρά, σχετικά ακίνδυνα κοκκώδη κομμάτια. Ως αποτέλεσμα, το σκληρυμένο γυαλί χρησιμοποιείται σε εκείνα τα περιβάλλοντα όπου η ανθρώπινη ασφάλεια αποτελεί προτεραιότητα, όπως οι οικιακές εφαρμογές κ.λπ.<br />
<br />
ΣΥΝΤΗΡΗΣΗ:<br />
Από τα παραπάνω γίνεται αντιληπτό ότι δεν χρειάζεται ιδιαίτερη συντήρηση. Ένα πέρασμα με υγρό πανί ή ακόμα και με ειδικά καθαριστικά είναι αρκετό. <br />
<br />
ΠΛΕΟΝΕΚΤΗΜΑΤΑ:<br />
•Κλασσικό και διαχρονικό design<br />
•Ποιοτικά υλικά κατασκευής<br />
•Εκπληκτική σχέση τιμής-ποιότητας<br />
<br />
*To προϊόν παραδίδεται αμοντάριστο και συναρμολογείται εύκολα αφού όλα τα απαραίτητα, εμπεριέχονται στην συσκευασία. <br />
** Η χρωματική απόδοση του προϊόντος ενδέχεται να διαφέρει ελαφρώς σε σχέση με την φωτογραφική απεικόνισή του στην οθόνη σας.","<p><strong>Въведение</strong></p><p>Тази маса ADAM за външна употреба е най-голямата версия от едноименната серия маси и разполага с метална конструкция в цвят САМПАН и стъклена аркова повърхност! Това е много популярна маса, която почти не липсва на нито един балкон или градина. Тя е правоъгълна с заоблени ъгли, а стъклената повърхност е от закалено стъкло.</p><ul><li><strong>Размери:</strong> 120x70x71Y см</li><li><strong>Разстояние между краката:</strong> 110x62 см</li><li><strong>Метална конструкция:</strong> Ф25x0.8mm дебелина</li></ul><p><strong>Материали на изработка:</strong></p><p>Конструкцията с краката е метална с електростатично боядисване. Електростатичното боядисване е процес на сухо покритие, използван като метално покритие. Това е нанасяне на сух прах чрез електростатичен процес, който след това се „залепва“ за метала чрез топлина.<br>Характерната черта на тази маса е повърхността ѝ. Тя е изработена от нечупливо или закалено стъкло. Закаленото стъкло е вид безопасно стъкло, около четири пъти по-здраво от обикновеното стъкло. За разлика от обикновеното стъкло, което може да се разпадне на остри парчета при счупване, закаленото стъкло се чупи на малки, относително безвредни гранулирани частици. Поради това закаленото стъкло се използва в среди, където човешката безопасност е приоритет, като домашни приложения и други.</p><p><strong>Поддръжка:</strong></p><p>От гореизложеното става ясно, че не изисква специална поддръжка. Едно избърсване с влажна кърпа или дори с подходящи почистващи препарати е достатъчно.</p><p><strong>Предимства:</strong></p><ul><li>Класически и вечен дизайн</li><li>Качествени материали на изработка</li><li>Отлично съотношение цена-качество</li></ul><p>*Продуктът се доставя разглобен и се сглобява лесно, тъй като всички необходими части са включени в опаковката.<br>** Цветовото представяне на продукта може леко да се различава от фотографското изображение на екрана ви.</p>",Маса ADAM HM5679.04 метална шампанско с стъклена повърхност 120x70x7,МЕТАЛЕН МАСА ADAM HM5679.04 С ЦВЯТ ШАМПАНСКО И СТЪКЛЕНА ПЛОТ 120Х70Х71СМ - Най-голямата версия от серията ADAM за външна употреба.,[L] Εξωτερικός χώρος > [L] Τραπέζια,,https://www.b2bmarkt.gr/img/prd/o/71962/trapezi-fb9567904-metalliko-sampani-me-g.jpg; https://www.b2bmarkt.gr/img/prd/o/71962/trapezi-fb9567904-metalliko-sampani-me-g-1.jpg; https://www.b2bmarkt.gr/img/prd/o/71962/trapezi-fb9567904-metalliko-sampani-me-g-2.jpg; https://www.b2bmarkt.gr/img/prd/o/71962/trapezi-fb9567904-metalliko-sampani-me-g-3.jpg; https://www.b2bmarkt.gr/img/prd/o/71962/trapezi-fb9567904-metalliko-sampani-me-g-4.jpg; https://www.b2bmarkt.gr/img/prd/o/71962/trapezi-fb9567904-metalliko-sampani-me-g-5.jpg; https://www.b2bmarkt.gr/img/prd/o/71962/trapezi-fb9567904-metalliko-sampani-me-g-6.jpg; https://www.b2bmarkt.gr/img/prd/o/71962/trapezi-fb9567904-metalliko-sampani-me-g-7.jpg,38.9,50.57,112,5208067142960,L:1.22 W:0.72 H:0.07 Weight:15.2kg Vol:0.061m3
0603173,ΤΡΑΠΕΖΙ BRUNO HM5106.04 ΣΑΜΠΑΝΙ ΜΕΤΑΛΛΙΚΟ ΜΕ ΓΥΑΛΙΝΗ ΕΠΙΦΑΝΕΙΑ 140Χ80Χ71Υεκ,Метално трапезно маса BRUNO с шампанско и стъклена повърхност 140x80x7,"Το τραπέζι BRUNO εξωτερικού χώρου έχει ΣΑΜΠΑΝΙ μεταλλικό σκελετό και γυάλινη θολή επιφάνεια! Πρόκειται για πολύ δημοφιλές τραπέζι που δεν λείπει σχεδόν από κανέναν μπαλκόνι ή κήπο. Είναι ορθογώνιο με γωνίες στρογγυλεμένες ενώ το γυαλί της επιφάνειας είναι ενισχυμένο.  <br />
<br />
ΔΙΑΣΤΑΣΕΙΣ:<br />
140x80x71Y εκ.<br />
Απόσταση ποδιών: 122x64 εκ.<br />
<br />
ΥΛΙΚΑ ΚΑΤΑΣΚΕΥΗΣ:<br />
Ο σκελετός με τα πόδια είναι μεταλλικός με ηλεκτροστατική βαφή. Η ηλεκτροστατική βαφή είναι μια διαδικασία ξηρής επίστρωσης που χρησιμοποιείται ως μεταλλικό φινίρισμα. Η ηλεκτροστατική βαφή είναι η επίστρωση ξηρής σκόνης μέσω ηλεκτροστατικής διαδικασίας, η οποία στη συνέχεια «κολλάει» στο μέταλλο μέσω της θερμότητας.<br />
<br />
Το χαρακτηριστικό, όμως, αυτού του τραπεζιού είναι η επιφάνεια του. Αυτή είναι κατασκευασμένη από άθραυστο γυαλί ή γυαλί ασφαλείας.<br />
Το σκληρυμένο ή «άθραυστο» γυαλί είναι ένας τύπος γυαλιού ασφαλείας περίπου τέσσερις φορές ισχυρότερο από το συνηθισμένο γυαλί. Και σε αντίθεση με το συνηθισμένο γυαλί, το οποίο μπορεί να θρυμματιστεί σε οδοντωτά θραύσματα όταν σπάσει, το σκληρυμένο γυαλί σπάει σε μικρά, σχετικά ακίνδυνα κοκκώδη κομμάτια. Ως αποτέλεσμα, το σκληρυμένο γυαλί χρησιμοποιείται σε εκείνα τα περιβάλλοντα όπου η ανθρώπινη ασφάλεια αποτελεί προτεραιότητα, όπως οι οικιακές εφαρμογές κ.λπ.<br />
<br />
ΣΥΝΤΗΡΗΣΗ:<br />
Από τα παραπάνω γίνεται αντιληπτό ότι δεν χρειάζεται ιδιαίτερη συντήρηση. Ένα πέρασμα με υγρό πανί ή ακόμα και με ειδικά καθαριστικά είναι αρκετό. <br />
<br />
ΠΛΕΟΝΕΚΤΗΜΑΤΑ:<br />
•Κλασσικό και διαχρονικό design<br />
•Ποιοτικά υλικά κατασκευής<br />
•Εκπληκτική σχέση τιμής-ποιότητας<br />
*To προϊόν παραδίδεται αμοντάριστο και συναρμολογείται εύκολα αφού όλα τα απαραίτητα, εμπεριέχονται στην συσκευασία.","<p><strong>Външната маса BRUNO</strong> разполага със САМПАНИ метална конструкция и стъклена извита повърхност! Това е много популярна маса, която почти не липсва от никоя тераса или градина. Тя е правоъгълна с заоблени ъгли, а стъклената повърхност е подсилена.</p><br /><ul><li><strong>РАЗМЕРИ:</strong><br />140x80x71Y см.<br />Разстояние между краката: 122x64 см.</li><br /><li><strong>МАТЕРИАЛИ ЗА ИЗРАБОТКА:</strong><br />Конструкцията с крака е метална с електростатично боядисване. Електростатичното боядисване е процес на сухо покритие, използван като метално покритие. Това е нанасяне на сух прах чрез електростатичен процес, който след това „залепва“ за метала чрез топлина.<br /><br />Характерната черта на тази маса е нейната повърхност. Тя е изработена от нечупливо или закалено стъкло.<br />Закаленото или „нечупливо“ стъкло е вид безопасно стъкло, около четири пъти по-здраво от обикновеното стъкло. За разлика от обикновеното стъкло, което може да се разпадне на остри парчета при счупване, закаленото стъкло се чупи на малки, относително безвредни гранулирани частици. Поради това закаленото стъкло се използва в среди, където безопасността на хората е приоритет, като домашни приложения и др.</li><br /><li><strong>ПОДДРЪЖКА:</strong><br />От гореизложеното става ясно, че не изисква специална поддръжка. Единствено почистване с влажна кърпа или специални почистващи препарати е достатъчно.</li><br /><li><strong>ПРЕДИМСТВА:</strong><br />• Класически и вечен дизайн<br />• Качествени материали<br />• Отлично съотношение цена-качество<br />*Продуктът се доставя разглобен и се сглобява лесно, тъй като всички необходими части са включени в опаковката.</li></ul>",Маса BRUNO HM5106.04 шампанско метал с стъклена повърхност 140x80x71 с,Маса BRUNO HM5106.04 с метална шампанско конструкция и стъклена повърхност - идеална за външна употреба с издръжлив дизайн и стилен вид.,[L] Εξωτερικός χώρος > [L] Τραπέζια,,https://www.b2bmarkt.gr/img/prd/o/72931/trapezi-fb9510604-sampani-metalliko-me-g.jpg; https://www.b2bmarkt.gr/img/prd/o/72931/trapezi-fb9510604-sampani-metalliko-me-g-1.jpg; https://www.b2bmarkt.gr/img/prd/o/72931/trapezi-fb9510604-sampani-metalliko-me-g-2.jpg; https://www.b2bmarkt.gr/img/prd/o/72931/trapezi-fb9510604-sampani-metalliko-me-g-3.jpg; https://www.b2bmarkt.gr/img/prd/o/72931/trapezi-fb9510604-sampani-metalliko-me-g-4.jpg; https://www.b2bmarkt.gr/img/prd/o/72931/trapezi-fb9510604-sampani-metalliko-me-g-5.jpg; https://www.b2bmarkt.gr/img/prd/o/72931/trapezi-fb9510604-sampani-metalliko-me-g-6.jpg,44.9,58.37,1,5208067143172,L:1.41 W:0.84 H:0.065 Weight:20.5kg Vol:0.076m3
0603241,ΟΜΠΡΕΛΑ ΠΙΣΙΝΑΣ JAVANTE HM6623.01 ΓΚΡΙ ΑΛΟΥΜΙΝΙΟ & ΠΑΝΙ 2.7x2.7x2.7Yμ,Градински чадър за басейн JAVANTE сив алуминий и плат 2.7x2.7x2.7м,"Ομπρέλα Κήπου/Πισίνας JAVANTE 2.7x2.7m με Πλευρικό Ιστό (κρεμαστή) & Περιστροφή 360° – Γκρι<br />
________________________________________<br />
Περιγραφή Προϊόντος<br />
Η επαγγελματική ομπρέλα JAVANTE συνδυάζει σύγχρονο design και προηγμένη κατασκευή, προσφέροντας ιδανική σκίαση για πισίνα, κήπο ή βεράντα. Με minimal αισθητική σε γκρι τόνους και πλευρικό ιστό (κρεμαστή), δημιουργεί έναν κομψό και λειτουργικό χώρο χαλάρωσης.<br />
Η ανθεκτική κατασκευή από αλουμίνιο και ενισχυμένα μεταλλικά στοιχεία εξασφαλίζει σταθερότητα και μεγάλη διάρκεια ζωής, ενώ η ηλεκτροστατική βαφή προστατεύει από εξωτερικές συνθήκες. Ο μηχανισμός με χειρολαβή και foot pedal επιτρέπει εύκολη χρήση και περιστροφή 360°, προσφέροντας ευελιξία στη σκίαση καθ’ όλη τη διάρκεια της ημέρας.<br />
Το πανί από πολυεστερικό ύφασμα 250g με αντοχή UV (1000 ώρες) προσφέρει αποτελεσματική προστασία από τον ήλιο, ενώ το ενσωματωμένο ventilated άνοιγμα (skylight) ενισχύει τη σταθερότητα σε συνθήκες αέρα.<br />
Η JAVANTE αποτελεί ιδανική επιλογή για όσους αναζητούν premium αισθητική και υψηλή λειτουργικότητα σε εξωτερικούς χώρους.<br />
________________________________________<br />
Προδιαγραφές<br />
Διαστάσεις συνολικές: 2.7 x 2.7  μέτρα.---Βάση: 101x101x6Υ εκ.<br />
•Διαστάσεις αλουμινίου στύλου: 50x70x1,6mm--- ΑΠΟΣΥΝΑΡΜΟΛΟΓΟΥΜΕΝΟΣ<br />
•Ύψος στύλου: 2,7 μέτρα<br />
•Μεταλλική (iron) ράβδος έλξης με κλίση: 20x40x0.8mm <br />
•Αλουμινένια ράβδος κρέμασης: Φ38x1.2mm<br />
•Σκελετός ομπρέλας: Μεταλλικός (iron) 13x22x0.5mm<br />
•Σύνδεσμοι: Ενισχυμένοι με die-cast (χυτό) αλουμίνιο και πλαστικά στοιχεία υψηλής αντοχής<br />
Βάση: Σταυρός εδάφους (cross base) με περιστροφή 360° και foot pedal<br />
Βαφή: Ηλεκτροστατική (powder coating) για αντοχή σε εξωτερικές συνθήκες<br />
•Διάμετρος σκίαστρου: 2.7x2.7 μέτρα μονοκόμματο χωρίς περιμετρικά flaps—Πολυεστερικό ύφασμα 250g με προστασία από τον ήλιο UV και 1000 ώρες περίοδο έκθεσης στον ήλιο, με αεραγωγό (skylight) και ιμάντα συγκράτησης<br />
•Χρώμα: ΓΚΡΙ<br />
<br />
**5 ΧΡΟΝΙΑ ΕΓΓΥΗΣΗ ΧΡΩΜΑΤΟΣ ΣΤΟ ΠΑΝΙ ΣΚΙΑΣΗΣ**<br />
<br />
--------------------------------------------------------------------------------------------------------------<br />
Συντήρηση<br />
Καθαρισμός με νωπό πανί και ήπιο καθαριστικό.<br />
Συνιστάται κλείσιμο και κάλυψη σε έντονες καιρικές συνθήκες.<br />
Αποθήκευση σε προστατευμένο χώρο κατά τους χειμερινούς μήνες για μεγαλύτερη διάρκεια ζωής.<br />
________________________________________<br />
Τι μας αρέσει<br />
Ο πλευρικός ιστός (κρεμαστή) για ελεύθερο χώρο κάτω από την ομπρέλα.<br />
Η περιστροφή 360° για απόλυτη ευελιξία σκίασης.<br />
Η ανθεκτική κατασκευή για μακροχρόνια χρήση σε εξωτερικούς χώρους.<br />
Το ventilated design που μειώνει την αντίσταση στον αέρα.<br />
Η minimal premium αισθητική.<br />
-- Κατάλληλη για επαγγελματική χρήση<br />
________________________________________<br />
<br />
*Το προϊόν παραδίδεται ασυναρμολόγητο σε εργοστασιακές συσκευασίες.<br />
** Η χρωματική απόδοση του προϊόντος ενδέχεται να διαφέρει ελαφρώς από τη φωτογραφική του αναπαράσταση στην οθόνη σας.","<p><strong>Външна чадър JAVANTE 2.7x2.7m с страничен стълб (висящ) и въртене 360° – Сив</strong></p><br />
________________________________________<br />
<p><strong>Описание на продукта</strong></p>
<p>Професионалният чадър JAVANTE съчетава съвременен дизайн и усъвършенствана конструкция, осигурявайки идеална сянка за басейн, градина или веранда. С минималистична естетика в сиви тонове и страничен стълб (висящ), той създава елегантно и функционално място за отдих.</p>
<p>Здравата конструкция от алуминий и подсилени метални елементи гарантира стабилност и дълъг експлоатационен живот, докато електростатичното боядисване предпазва от външни условия. Механизмът с ръкохватка и педал позволява лесна употреба и въртене на 360°, осигурявайки гъвкавост на сянката през целия ден.</p>
<p>Платът от полиестер 250g с UV защита (1000 часа) предлага ефективна защита от слънцето, а вграденото вентилирано отваряне (skylight) подобрява стабилността при ветровити условия.</p>
<p>JAVANTE е идеален избор за тези, които търсят премиум визия и висока функционалност на открито.</p>
________________________________________<br />
<p><strong>Технически характеристики</strong></p>
<ul>
<li><strong>Общи размери:</strong> 2.7 x 2.7 метра</li>
<li><strong>Основа:</strong> 101x101x6 см</li>
<li><strong>Размери на алуминиевия стълб:</strong> 50x70x1,6 мм (демонтажен)</li>
<li><strong>Височина на стълба:</strong> 2,7 метра</li>
<li><strong>Метална (желязна) щанга с наклон:</strong> 20x40x0.8 мм</li>
<li><strong>Алуминиева щанга за окачване:</strong> Ф38x1.2 мм</li>
<li><strong>Скелет на чадъра:</strong> Метален (желязо) 13x22x0.5 мм</li>
<li><strong>Свързващи елементи:</strong> Подсилени с die-cast (леен) алуминий и висококачествени пластмасови части</li>
<li><strong>Основа:</strong> Кръстосана основа с въртене 360° и педал</li>
<li><strong>Боядисване:</strong> Електростатично (прахово) за устойчивост на външни условия</li>
<li><strong>Диаметър на сенника:</strong> 2.7x2.7 метра, цял плат без периферни флапове – полиестер 250g с UV защита и 1000 часа излагане на слънце, с въздушен отвор (skylight) и колан за закрепване</li>
<li><strong>Цвят:</strong> Сив</li>
</ul>
<p><strong>5 ГОДИНИ ГАРАНЦИЯ ЗА ЦВЯТ НА ПЛАТА</strong></p>
<br />
--------------------------------------------------------------------------------------------------------------<br />
<p><strong>Поддръжка</strong></p>
<p>Почистване с влажна кърпа и мек почистващ препарат.<br />
Препоръчва се затваряне и покриване при силни метеорологични условия.<br />
Съхранение на защитено място през зимните месеци за по-дълъг живот.</p>
________________________________________<br />
<p><strong>Какво харесваме</strong></p>
<ul>
<li><strong>Страничният стълб (висящ):</strong> осигурява свободно пространство под чадъра.</li>
<li><strong>Въртене 360°:</strong> за пълна гъвкавост на сянката.</li>
<li><strong>Здрава конструкция:</strong> за дълготрайна употреба на открито.</li>
<li><strong>Вентилиран дизайн:</strong> намалява съпротивлението на вятъра.</li>
<li><strong>Минималистична премиум визия.</strong></li>
<li>Подходящ за професионална употреба.</li>
</ul>
________________________________________<br />
<p>*Продуктът се доставя разглобен в заводски опаковки.<br />
** Цветовото представяне на продукта може леко да се различава от фотографското изображение на екрана ви.</p>",Плажен чадър JAVANTE HM6623.01 сив алуминий и плат 2.7x2.7x2.7Yм,"Омбрела за басейн JAVANTE HM6623.01 в сив алуминий с плат 2.7x2.7m, страничен стълб и въртене 360° – идеална за градина и басейн.",[L] Εξωτερικός χώρος > [L] Ομπρέλες και βάσεις,,https://www.b2bmarkt.gr/img/prd/o/76549/omprela-pisinas-fb9662301-gkri-aloyminio.jpg; https://www.b2bmarkt.gr/img/prd/o/76549/omprela-pisinas-fb9662301-gkri-aloyminio-1.jpg; https://www.b2bmarkt.gr/img/prd/o/76549/omprela-pisinas-fb9662301-gkri-aloyminio-2.jpg; https://www.b2bmarkt.gr/img/prd/o/76549/omprela-pisinas-fb9662301-gkri-aloyminio-3.jpg; https://www.b2bmarkt.gr/img/prd/o/76549/omprela-pisinas-fb9662301-gkri-aloyminio-4.jpg; https://www.b2bmarkt.gr/img/prd/o/76549/omprela-pisinas-fb9662301-gkri-aloyminio-5.jpg; https://www.b2bmarkt.gr/img/prd/o/76549/omprela-pisinas-fb9662301-gkri-aloyminio-6.jpg; https://www.b2bmarkt.gr/img/prd/o/76549/omprela-pisinas-fb9662301-gkri-aloyminio-7.jpg; https://www.b2bmarkt.gr/img/prd/o/76549/omprela-pisinas-fb9662301-gkri-aloyminio-8.jpg; https://www.b2bmarkt.gr/img/prd/o/76549/omprela-pisinas-fb9662301-gkri-aloyminio-9.jpg,199.9,259.87,15,5208067216326,L:1.95 W:0.41 H:0.14 Weight:23.5kg Vol:0.111m3
0603242,ΟΜΠΡΕΛΑ ΠΙΣΙΝΑΣ JAVANTE HM6623.02 ΛΕΥΚΟ ΑΛΟΥΜΙΝΙΟ & ΠΑΝΙ 2.7x2.7x2.7Yμ,Огромен чадър за басейн JAVANTE бял алуминий и плат 2.7x2.7x2.7 м,"Ομπρέλα Κήπου/Πισίνας JAVANTE 2.7x2.7m με Πλευρικό Ιστό (κρεμαστή) & Περιστροφή 360° – ΛΕΥΚΗ<br />
________________________________________<br />
Περιγραφή Προϊόντος<br />
Η ομπρέλα εξωτερικού χώρου JAVANTE συνδυάζει σύγχρονο design και προηγμένη κατασκευή, προσφέροντας ιδανική σκίαση για πισίνα, κήπο ή βεράντα. Με minimal αισθητική σε λευκούς τόνους και πλευρικό ιστό (κρεμαστή), δημιουργεί έναν κομψό και λειτουργικό χώρο χαλάρωσης.<br />
Η ανθεκτική κατασκευή από αλουμίνιο και ενισχυμένα μεταλλικά στοιχεία εξασφαλίζει σταθερότητα και μεγάλη διάρκεια ζωής, ενώ η ηλεκτροστατική βαφή προστατεύει από εξωτερικές συνθήκες. Ο μηχανισμός με χειρολαβή και foot pedal επιτρέπει εύκολη χρήση και περιστροφή 360°, προσφέροντας ευελιξία στη σκίαση καθ’ όλη τη διάρκεια της ημέρας.<br />
Το πανί από πολυεστερικό ύφασμα 250g με αντοχή UV (1000 ώρες) προσφέρει αποτελεσματική προστασία από τον ήλιο, ενώ το ενσωματωμένο ventilated άνοιγμα (skylight) ενισχύει τη σταθερότητα σε συνθήκες αέρα.<br />
Η JAVANTE αποτελεί ιδανική επιλογή για όσους αναζητούν premium αισθητική και υψηλή λειτουργικότητα σε εξωτερικούς χώρους.<br />
________________________________________<br />
Προδιαγραφές<br />
Διαστάσεις συνολικές: 2.7 x 2.7  μέτρα. ---Βάση: 101x101x6Υ εκ.<br />
•Διαστάσεις αλουμινίου στύλου: 50x70x1,6mm--- ΑΠΟΣΥΝΑΡΜΟΛΟΓΟΥΜΕΝΟΣ<br />
•Ύψος στύλου: 2,70 μέτρα<br />
•Μεταλλική (iron) ράβδος έλξης με κλίση: 20x40x0.8mm <br />
•Λοξή ράβδος έλξης αλουμινίου: 34x55x2 mm.<br />
•Αλουμινένια ράβδος κρέμασης: Φ38x1.2mm<br />
•Σκελετός ομπρέλας: Μεταλλικός (iron) 13x22x0.5mm<br />
•Σύνδεσμοι: Ενισχυμένοι με die-cast (χυτό) αλουμίνιο και πλαστικά στοιχεία υψηλής αντοχής<br />
Βάση: Σταυρός εδάφους (cross base) με περιστροφή 360° και foot pedal<br />
Βαφή: Ηλεκτροστατική (powder coating) για αντοχή σε εξωτερικές συνθήκες<br />
•Διάμετρος σκίαστρου: 2.7x2.7 μέτρα μονοκόμματο χωρίς περιμετρικά flaps—Πολυεστερικό ύφασμα 250g με προστασία από τον ήλιο UV και 1000 ώρες περίοδο έκθεσης στον ήλιο, με αεραγωγό (skylight) και ιμάντα συγκράτησης<br />
•Χρώμα: ΛΕΥΚΟ<br />
<br />
**5 ΧΡΟΝΙΑ ΕΓΓΥΗΣΗ ΧΡΩΜΑΤΟΣ ΣΤΟ ΠΑΝΙ ΣΚΙΑΣΗΣ**<br />
<br />
--------------------------------------------------------------------------------------------------------------<br />
Συντήρηση<br />
Καθαρισμός με νωπό πανί και ήπιο καθαριστικό.<br />
Συνιστάται κλείσιμο και κάλυψη σε έντονες καιρικές συνθήκες.<br />
Αποθήκευση σε προστατευμένο χώρο κατά τους χειμερινούς μήνες για μεγαλύτερη διάρκεια ζωής.<br />
________________________________________<br />
Τι μας αρέσει<br />
Ο πλευρικός ιστός (κρεμαστή) για ελεύθερο χώρο κάτω από την ομπρέλα.<br />
Η περιστροφή 360° για απόλυτη ευελιξία σκίασης.<br />
Η ανθεκτική κατασκευή για μακροχρόνια χρήση σε εξωτερικούς χώρους.<br />
Το ventilated design που μειώνει την αντίσταση στον αέρα.<br />
Η minimal premium αισθητική.<br />
-- Κατάλληλη για επαγγελματική χρήση<br />
-------------------------------------------------------------------------<br />
*Το προϊόν παραδίδεται ασυναρμολόγητο σε εργοστασιακές συσκευασίες.<br />
** Η χρωματική απόδοση του προϊόντος ενδέχεται να διαφέρει ελαφρώς από τη φωτογραφική του αναπαράσταση στην οθόνη σας.","<p><strong>Външна градинска/басейнна чадър JAVANTE 2.7x2.7m с страничен стълб (висящ) и 360° въртене – БЯЛ</strong></p><br />
________________________________________<br />
<p><strong>Описание на продукта</strong></p><br />
Градинският чадър JAVANTE съчетава съвременен дизайн и усъвършенствана конструкция, осигурявайки идеална сянка за басейн, градина или веранда. С минималистична естетика в бели тонове и страничен стълб (висящ), той създава елегантно и функционално място за отдих.<br />
Здравата конструкция от алуминий и подсилени метални елементи гарантира стабилност и дълъг експлоатационен живот, докато електростатичното покритие предпазва от външни условия. Механизмът с ръкохватка и педал позволява лесна употреба и 360° въртене, осигурявайки гъвкавост на сянката през целия ден.<br />
Платното от полиестерна материя 250g с UV защита (1000 часа) предлага ефективна защита от слънцето, а вграденото вентилирано отваряне (skylight) подобрява стабилността при ветровити условия.<br />
JAVANTE е идеален избор за тези, които търсят премиум естетика и висока функционалност на открито.<br />
________________________________________<br />
<p><strong>Технически характеристики</strong></p><br />
Общи размери: 2.7 x 2.7 метра. ---Основа: 101x101x6В см.<br />
• Размери на алуминиевия стълб: 50x70x1,6mm --- СГЛОБЯЕМ<br />
• Височина на стълба: 2,70 метра<br />
• Метална (желязна) лост за издърпване с наклон: 20x40x0.8mm<br />
• Наклонен алуминиев лост за издърпване: 34x55x2 mm.<br />
• Алуминиев лост за окачване: Ф38x1.2mm<br />
• Рамка на чадъра: Метална (желязна) 13x22x0.5mm<br />
• Връзки: Подсилени с die-cast (леено) алуминий и пластмасови елементи с висока издръжливост<br />
Основа: Кръстовидна основа за земя (cross base) с 360° въртене и педал<br />
Покритие: Електростатично (прахово боядисване) за устойчивост на външни условия<br />
• Диаметър на сенника: 2.7x2.7 метра, цялостен без периферни флапове — Полиестерна материя 250g с UV защита и 1000 часа излагане на слънце, с вентилационен отвор (skylight) и колан за закрепване<br />
• Цвят: БЯЛ<br />
<br />
**5 ГОДИНИ ГАРАНЦИЯ ЗА ЦВЯТА НА ПЛАТНОТО**<br />
<br />
--------------------------------------------------------------------------------------------------------------<br />
<p><strong>Поддръжка</strong></p><br />
Почистване с влажна кърпа и мек почистващ препарат.<br />
Препоръчва се затваряне и покриване при силни метеорологични условия.<br />
Съхранение на защитено място през зимните месеци за по-дълъг живот.<br />
________________________________________<br />
<p><strong>Какво ни харесва</strong></p><br />
Страничният стълб (висящ) за свободно пространство под чадъра.<br />
Въртенето на 360° за пълна гъвкавост на сянката.<br />
Здравата конструкция за дълготрайна употреба на открито.<br />
Вентилираният дизайн, който намалява съпротивлението на вятъра.<br />
Минималистичната премиум естетика.<br />
-- Подходящ за професионална употреба<br />
-------------------------------------------------------------------------<br />
*Продуктът се доставя разглобен в заводски опаковки.<br />
** Цветовото представяне на продукта може леко да се различава от фотографското изображение на екрана ви.",Чадър за басейн JAVANTE HM6623.02 бял алуминий и плат 2.7x2.7x2.7 м,ОБЛЕКА ЗА ПЛУВЕН БАСЕЙН JAVANTE HM6623.02 БЯЛ АЛУМИНИЙ - Обръщаща се на 360° бяла градинска/басейнна чадър с размер 2.7x2.7m и страничен стълб (висящ),[L] Εξωτερικός χώρος > [L] Ομπρέλες και βάσεις,,https://www.b2bmarkt.gr/img/prd/o/76550/omprela-pisinas-fb9662302-leyko-aloymini.jpg; https://www.b2bmarkt.gr/img/prd/o/76550/omprela-pisinas-fb9662302-leyko-aloymini-1.jpg; https://www.b2bmarkt.gr/img/prd/o/76550/omprela-pisinas-fb9662302-leyko-aloymini-2.jpg; https://www.b2bmarkt.gr/img/prd/o/76550/omprela-pisinas-fb9662302-leyko-aloymini-3.jpg; https://www.b2bmarkt.gr/img/prd/o/76550/omprela-pisinas-fb9662302-leyko-aloymini-4.jpg; https://www.b2bmarkt.gr/img/prd/o/76550/omprela-pisinas-fb9662302-leyko-aloymini-5.jpg; https://www.b2bmarkt.gr/img/prd/o/76550/omprela-pisinas-fb9662302-leyko-aloymini-6.jpg; https://www.b2bmarkt.gr/img/prd/o/76550/omprela-pisinas-fb9662302-leyko-aloymini-7.jpg; https://www.b2bmarkt.gr/img/prd/o/76550/omprela-pisinas-fb9662302-leyko-aloymini-8.jpg; https://www.b2bmarkt.gr/img/prd/o/76550/omprela-pisinas-fb9662302-leyko-aloymini-9.jpg,199.9,259.87,33,5208067216319,L:1.95 W:0.41 H:0.14 Weight:23.5kg Vol:0.111m3
0610396,ΤΡΑΠΕΖΙ ADAM HM5679.03 ΜΕΤΑΛΛΙΚΟ ΜΑΥΡΟ ΜΕ ΓΥΑΛΙΝΗ ΕΠΙΦΑΝΕΙΑ 120Χ70Χ70Υεκ.,Метално черно трапезно маса с стъклена повърхност 120x70x70 см,"Αυτό το τραπέζι ADAM εξωτερικού χώρου είναι η μεγαλύτερη έκδοση της ομώνυμης σειράς τραπεζιών και έχει ΜΑΥΡΟ μεταλλικό σκελετό και γυάλινη θολή επιφάνεια! Πρόκειται για πολύ δημοφιλές τραπέζι που δεν λείπει σχεδόν από κανέναν μπαλκόνι ή κήπο. Είναι ορθογώνιο με γωνίες στρογγυλεμένες ενώ το γυαλί της επιφάνειας είναι ασφαλείας.  <br />
<br />
ΔΙΑΣΤΑΣΕΙΣ:<br />
120x70x70Y εκ.<br />
Απόσταση ποδιών: 103-107x61-66 εκ.<br />
Σκελετός μεταλλικός: Φ25x0.8mm πάχος<br />
<br />
ΥΛΙΚΑ ΚΑΤΑΣΚΕΥΗΣ:<br />
Ο σκελετός με τα πόδια είναι μεταλλικός με ηλεκτροστατική βαφή. Η ηλεκτροστατική βαφή είναι μια διαδικασία ξηρής επίστρωσης που χρησιμοποιείται ως μεταλλικό φινίρισμα. Η ηλεκτροστατική βαφή είναι η επίστρωση ξηρής σκόνης μέσω ηλεκτροστατικής διαδικασίας, η οποία στη συνέχεια «κολλάει» στο μέταλλο μέσω της θερμότητας.<br />
Το χαρακτηριστικό, όμως, αυτού του τραπεζιού είναι η επιφάνεια του. Αυτή είναι κατασκευασμένη από άθραυστο γυαλί ή γυαλί ασφαλείας. Το σκληρυμένο ή «άθραυστο» γυαλί είναι ένας τύπος γυαλιού ασφαλείας περίπου τέσσερις φορές ισχυρότερο από το συνηθισμένο γυαλί. Και σε αντίθεση με το συνηθισμένο γυαλί, το οποίο μπορεί να θρυμματιστεί σε οδοντωτά θραύσματα όταν σπάσει, το σκληρυμένο γυαλί σπάει σε μικρά, σχετικά ακίνδυνα κοκκώδη κομμάτια. Ως αποτέλεσμα, το σκληρυμένο γυαλί χρησιμοποιείται σε εκείνα τα περιβάλλοντα όπου η ανθρώπινη ασφάλεια αποτελεί προτεραιότητα, όπως οι οικιακές εφαρμογές κ.λπ.<br />
<br />
ΣΥΝΤΗΡΗΣΗ:<br />
Από τα παραπάνω γίνεται αντιληπτό ότι δεν χρειάζεται ιδιαίτερη συντήρηση. Ένα πέρασμα με υγρό πανί ή ακόμα και με ειδικά καθαριστικά είναι αρκετό. <br />
<br />
ΠΛΕΟΝΕΚΤΗΜΑΤΑ:<br />
•Κλασσικό και διαχρονικό design<br />
•Ποιοτικά υλικά κατασκευής<br />
•Εκπληκτική σχέση τιμής-ποιότητας<br />
<br />
*To προϊόν παραδίδεται αμοντάριστο και συναρμολογείται εύκολα αφού όλα τα απαραίτητα, εμπεριέχονται στην συσκευασία. <br />
** Η χρωματική απόδοση του προϊόντος ενδέχεται να διαφέρει ελαφρώς σε σχέση με την φωτογραφική απεικόνισή του στην οθόνη σας.","<p><strong>Въведение</strong></p><p>Тази маса ADAM за външна употреба е най-голямата версия от едноименната серия маси и разполага с ЧЕРНА метална конструкция и стъклена аркова повърхност! Това е много популярна маса, която почти не липсва на нито един балкон или градина. Тя е правоъгълна с заоблени ъгли, а стъклената повърхност е от закалено стъкло.</p><br /><ul><li><strong>РАЗМЕРИ:</strong> 120x70x70Y см</li><li><strong>Разстояние между краката:</strong> 103-107x61-66 см</li><li><strong>Метална конструкция:</strong> Ф25x0.8mm дебелина</li></ul><br /><p><strong>МАТЕРИАЛИ ЗА ИЗРАБОТКА:</strong></p><p>Конструкцията с крака е метална с електростатично боядисване. Електростатичното боядисване е процес на сухо покритие, използван като метално покритие. Това е нанасяне на сух прах чрез електростатичен процес, който след това се „залепва“ за метала чрез топлина.<br />Характерната черта на тази маса е повърхността ѝ, изработена от неразрушимо или закалено стъкло. Закаленото стъкло е вид безопасно стъкло, около четири пъти по-здраво от обикновеното. За разлика от обикновеното стъкло, което се чупи на остри парчета, закаленото се разпада на малки, относително безвредни гранули. Поради това закаленото стъкло се използва в среди, където безопасността на хората е приоритет, като домашни приложения и други.</p><br /><p><strong>ПОДДРЪЖКА:</strong></p><p>От горното става ясно, че не изисква специална поддръжка. Просто избърсване с влажна кърпа или специални почистващи препарати е достатъчно.</p><br /><p><strong>ПРЕДИМСТВА:</strong></p><ul><li>Класически и вечен дизайн</li><li>Качествени материали</li><li>Отлично съотношение цена-качество</li></ul><br /><p>*Продуктът се доставя разглобен и се сглобява лесно, като всички необходими части са включени в опаковката.<br />** Цветовото представяне на продукта може леко да се различава от изображението на екрана ви.</p>",Маса ADAM HM5679.03 метална черна с стъклена повърхност 120x70x70см,МЕТАЛНО ЧЕРНО МАСА ADAM HM5679.03 С СТЪКЛЕНА ПЛОТ 120x70x70см – най-голямата версия от серията ADAM за външна употреба.,[L] Εξωτερικός χώρος > [L] Τραπέζια,,https://www.b2bmarkt.gr/img/prd/o/72839/trapezi-fb9567903-metalliko-mayro-me-gya.jpg; https://www.b2bmarkt.gr/img/prd/o/72839/trapezi-fb9567903-metalliko-mayro-me-gya-1.jpg; https://www.b2bmarkt.gr/img/prd/o/72839/trapezi-fb9567903-metalliko-mayro-me-gya-2.jpg; https://www.b2bmarkt.gr/img/prd/o/72839/trapezi-fb9567903-metalliko-mayro-me-gya-3.jpg; https://www.b2bmarkt.gr/img/prd/o/72839/trapezi-fb9567903-metalliko-mayro-me-gya-4.jpg; https://www.b2bmarkt.gr/img/prd/o/72839/trapezi-fb9567903-metalliko-mayro-me-gya-5.jpg; https://www.b2bmarkt.gr/img/prd/o/72839/trapezi-fb9567903-metalliko-mayro-me-gya-6.jpg; https://www.b2bmarkt.gr/img/prd/o/72839/trapezi-fb9567903-metalliko-mayro-me-gya-7.jpg; https://www.b2bmarkt.gr/img/prd/o/72839/trapezi-fb9567903-metalliko-mayro-me-gya-8.jpg,38.9,50.57,149,5208067142908,L:1.22 W:0.72 H:0.07 Weight:15.2kg Vol:0.061m3
0612145,ΟΜΠΡΕΛΑ ΕΠΑΓΓΕΛΜΑΤΙΚΗ BRAYDON  2M ΕΚΡΟΥ ΜΟΝΟΚΟΜΜΑΤΟΣ ΙΣΤΟΣ HM6001,Професионален чадър Braydon 2m едноцветен екрю,"Ομπρέλα στρόγγυλη φ2,00μ. διάμετρος και ύψος 2,40μ. με αεραγωγό. <br />
Με μονοκόμματα μεταλλικό σωλήνα Φ38mm. με 6 σιδερένιες ακτίνες 12x18εκ. και καρφί στήριξης τριών θέσεων. <br />
Ύφασμα υδατοαπωθητικό polyester 240 γραμμάρια με flaps 17 εκ. <br />
<br />
Κατάλληλη για beach bar<br />
<br />
Η ομπρέλα ενδείκνυται για χρήση με αίθριο καιρό. Σε άστατο καιρό η ομπρέλα πρέπει να βρίσκεται κλειστή. <br />
Η ομπρέλα δεν δέχεται επιδιόρθωση.","<p><strong>Въведение</strong></p><ul><li><strong>Диаметър:</strong> 2,00м.</li><li><strong>Височина:</strong> 2,40м.</li><li><strong>Метален тръбен ствол:</strong> Ф38мм, монолитен</li><li><strong>Лъчи:</strong> 6 броя, метални 12x18см.</li><li><strong>Поддържаща шпилка:</strong> с три позиции</li><li><strong>Плат:</strong> водоотблъскващ полиестер 240 гр., с флапове 17см.</li><li><strong>Подходяща за:</strong> beach bar</li><li><strong>Употреба:</strong> препоръчва се при ясно време; при лошо време чадърът трябва да бъде затворен</li><li><strong>Забележка:</strong> чадърът не подлежи на ремонт</li></ul>",Професионален чадър BRAYDON 2M екрю с монолитен ствол HM6001,"ПРОФЕСИОНАЛЕН ЧАДЪР BRAYDON 2M ЕКРУ ЕДНОЧАСТОВ - Кръгъл чадър с диаметър ф2,00м и височина 2,40м с вентилационен отвор.<br />
С едночастов метален стълб",[L] Εξωτερικός χώρος > [L] Ομπρέλες και βάσεις,,https://www.b2bmarkt.gr/img/prd/o/43624/omprela-epaggelmatiki-2m-ekroy-monokomma.jpg; https://www.b2bmarkt.gr/img/prd/o/43624/omprela-epaggelmatiki-2m-ekroy-monokomma-1.jpg; https://www.b2bmarkt.gr/img/prd/o/43624/omprela-epaggelmatiki-2m-ekroy-monokomma-2.jpg; https://www.b2bmarkt.gr/img/prd/o/43624/omprela-epaggelmatiki-2m-ekroy-monokomma-3.jpg; https://www.b2bmarkt.gr/img/prd/o/43624/omprela-epaggelmatiki-2m-ekroy-monokomma-4.jpg,28.9,37.57,341,5208067015134,L:2.39 W:0.14 H:0.14 Weight:7kg Vol:0.047m3
0612255,ΟΜΠΡΕΛΑ ΘΑΛΑΣΣΗΣ RANDALL 2.20μ HM6015.01 ΛΕΥΚΗ 8 ΑΚΤΙΝΕΣ FIBERGLASS,Плажен чадър Randall 2.20м бял 8 ребра FIBERGLASS,"Ομπρέλα θαλάσσης στρογγυλή με ανάκληση και flaps, σε λευκό χρώμα με διάμετρο 2.20 μέτρα και διαιρούμενο σωλήνα Φ25/22mm, με 8 ακτίνες Fiberglass πάχους 5mm. <br />
Ύφασμα 180 γραμμάρια <br />
<br />
Σημείωση:<br />
Η ομπρέλα ενδείκνυται για χρήση με αίθριο καιρό. <br />
Σε άστατο καιρό η ομπρέλα πρέπει να βρίσκεται κλειστή. Η ομπρέλα δεν δέχεται επιδιόρθωση.","<p><strong>Опис:</strong></p><ul><li><strong>Форма:</strong> кръгла</li><li><strong>Функция:</strong> с наклон и клапи</li><li><strong>Цвят:</strong> бял</li><li><strong>Диаметър:</strong> 2.20 метра</li><li><strong>Тръба:</strong> разделяща се Ф25/22mm</li><li><strong>Ребра:</strong> 8 броя Fiberglass, дебелина 5mm</li><li><strong>Плат:</strong> 180 грама</li></ul><p><strong>Забележка:</strong></p><ul><li>Чадърът е подходящ за използване при слънчево време.</li><li>При нестабилно време чадърът трябва да бъде затворен.</li><li>Чадърът не подлежи на ремонт.</li></ul>","Плажен чадър RANDALL 2.20м бял, 8 ребра, fiberglass","Плажен чадър RANDALL 2.20м HM6015.01 бял с 8 ребра, кръгъл с наклон и странични клапи, диаметър 2.20 метра, изработен от фибростъкло.",[L] Εξωτερικός χώρος > [L] Ομπρέλες και βάσεις,,https://www.b2bmarkt.gr/img/prd/o/54195/omprela-thalassis-200m-hm601501-leyki-8-.jpg; https://www.b2bmarkt.gr/img/prd/o/54195/omprela-thalassis-200m-hm601501-leyki-8--1.jpg; https://www.b2bmarkt.gr/img/prd/o/54195/omprela-thalassis-200m-hm601501-leyki-8--2.jpg; https://www.b2bmarkt.gr/img/prd/o/54195/omprela-thalassis-200m-hm601501-leyki-8--3.jpg,16.99,22.09,115,5208067015295,L:0 W:0 H:0 Weight:1.97kg Vol:0.006m3
0612420,ΟΜΠΡΕΛΑ ΑΛΟΥΜΙΝΙΟΥ CAMBELL HM6029.10 ΟΡΘΟΓΩΝΙΑ ΑΝΑΚΛΙΝΟΜΕΝΗ ΜΠΕΖ ΓΚΡΙ 262x170x253 εκ.,Алуминиева правоъгълна сгъваема чадър бежово сиво 262x170x253 см,"Ομπρέλα αλουμινίου διαιρούμενη με αναβατόριο, σε μπεζ και γκρι απόχρωση.<br />
<br />
Είναι κατασκευασμένη από σκελετό αλουμινίου σε γκρι απόχρωση και επένδυση από πολυεστερικό ύφασμα σε μπεζ απόχρωση. <br />
Διαθέτει αεραγωγό για να επιτρέπει την κυκλοφορία του αέρα μειώνοντας ταυτόχρονα την πίεση του και αναβατόριο όπου προσφέρει ευκολότερο άνοιγμα και κλείσιμο.<br />
<br />
Διαστάσεις: 262x170x253 εκ.<br />
Διαστάσεις κάτω μέρους: 98 εκ.<br />
Διαστάσεις πάνω μέρους: 168 εκ.<br />
<br />
6 Ακτίνες: 12x18 mm.<br />
Διάμετρος σωλήνα: Φ38mm.<br />
Ύφασμα : Πολυεστέρας 180gr με εξαερισμό.<br />
<br />
Παρατηρήσεις:<br />
Η ομπρέλα ενδείκνυται για οικιακή χρήση. Σε άστατο καιρό πρέπει να βρίσκεται κλειστή.<br />
Το προϊόν παραδίδεται σε εργοστασιακή του συσκευασία.","<p><strong>Опис:</strong></p><p>Алуминиева разделяема чадър с повдигащ механизъм, в бежов и сив нюанс.</p><p>Изработен е от алуминиева конструкция в сив цвят и покритие от полиестерна материя в бежов нюанс.</p><p>Разполага с вентилационен отвор за осигуряване на въздушен поток, който намалява налягането, както и с повдигащ механизъм за по-лесно отваряне и затваряне.</p><ul><li><strong>Размери:</strong> 262x170x253 см</li><li><strong>Размери на долната част:</strong> 98 см</li><li><strong>Размери на горната част:</strong> 168 см</li><li><strong>6 Спици:</strong> 12x18 мм</li><li><strong>Диаметър на тръбата:</strong> Ф38 мм</li><li><strong>Тъкан:</strong> Полиестер 180гр с вентилация</li></ul><p><strong>Забележки:</strong></p><p>Чадърът е подходящ за домашна употреба. При нестабилни метеорологични условия трябва да бъде затворен.</p><p>Продуктът се доставя в заводската си опаковка.</p>","Алуминиева правоъгълна плажна чадър CAMBELL HM6029.10, бежово-сив","Алуминиева правоъгълна чадър CAMBELL HM6029.10 с регулируем наклон, в бежов и сив цвят, с разделяща се конструкция и повдигащ механизъм.",[L] Εξωτερικός χώρος > [L] Ομπρέλες και βάσεις,,https://www.b2bmarkt.gr/img/prd/o/66344/omprela-aloyminioy-fb9602910-orthogonia--101.jpg; https://www.b2bmarkt.gr/img/prd/o/66344/omprela-aloyminioy-fb9602910-orthogonia--102.jpg; https://www.b2bmarkt.gr/img/prd/o/66344/omprela-aloyminioy-fb9602910-orthogonia--103.jpg; https://www.b2bmarkt.gr/img/prd/o/66344/omprela-aloyminioy-fb9602910-orthogonia--104.jpg; https://www.b2bmarkt.gr/img/prd/o/66344/omprela-aloyminioy-fb9602910-orthogonia--105.jpg; https://www.b2bmarkt.gr/img/prd/o/66344/omprela-aloyminioy-fb9602910-orthogonia--106.jpg; https://www.b2bmarkt.gr/img/prd/o/66344/omprela-aloyminioy-fb9602910-orthogonia--107.jpg; https://www.b2bmarkt.gr/img/prd/o/66344/omprela-aloyminioy-fb9602910-orthogonia--108.jpg; https://www.b2bmarkt.gr/img/prd/o/66344/omprela-aloyminioy-fb9602910-orthogonia--109.jpg; https://www.b2bmarkt.gr/img/prd/o/66344/omprela-aloyminioy-fb9602910-orthogonia--110.jpg,34.9,45.37,273,5208067073868,L:1.7 W:0.14 H:0.14 Weight:5.5kg Vol:0.033m3
0612421,ΟΜΠΡΕΛΑ ΑΛΟΥΜΙΝΙΟΥ Φ250x236 εκ.ΜΕ 6 ΑΚΤΙΝΕΣ KACEN HM6030.02 ΕΚΡΟΥ ΓΚΡΙ,Алуминиева чадър 250x236 см с 6 ребра екрю сив,"Ομπρέλα αλουμινίου διαιρούμενη με push up σύστημα ανοίγματος, σε ΕΚΡΟΥ και γκρι απόχρωση.<br />
<br />
Είναι κατασκευασμένη από σκελετό αλουμινίου σε γκρι απόχρωση και επένδυση από πολυεστερικό ύφασμα σε ΕΚΡΟΥ απόχρωση. <br />
Διαθέτει αεραγωγό για να επιτρέπει την κυκλοφορία του αέρα μειώνοντας ταυτόχρονα την πίεση του και τρία επίπεδα ρυθμιζόμενου ύψους.<br />
<br />
Διαστάσεις: Φ250x236Υ εκ.<br />
Διαστάσεις σπαστής κάτω: 120 εκ.<br />
Διαστάσεις σπαστής πάνω: 127 εκ.<br />
<br />
6 Ακτίνες: 12x18 mm.<br />
Διάμετρος σωλήνα: Φ38mm.<br />
Ύφασμα : Πολυεστέρας 180gr με εξαερισμό.<br />
<br />
Παρατηρήσεις:<br />
Η ομπρέλα ενδείκνυται για οικιακή χρήση. Σε άστατο καιρό πρέπει να βρίσκεται κλειστή.<br />
Το προϊόν παραδίδεται σε εργοστασιακή του συσκευασία.","<p><strong>Въведение</strong></p>
<p>Алуминиева чадър с разделяща се конструкция и система за отваряне с push up, в екрю и сив нюанс.</p>
<ul><li><strong>Конструкция:</strong> Изработена от алуминиев скелет в сив нюанс и покритие от полиестерна материя в екрю.</li>
<li><strong>Вентилация:</strong> Разполага с въздушен отвор за циркулация на въздуха, който намалява налягането.</li>
<li><strong>Регулиране:</strong> Три нива на регулируема височина.</li>
<li><strong>Размери:</strong> Ф250x236 см.</li>
<li><strong>Размери на долната част на сгъваемата част:</strong> 120 см.</li>
<li><strong>Размери на горната част на сгъваемата част:</strong> 127 см.</li>
<li><strong>Лъчи:</strong> 6 броя, 12x18 мм.</li>
<li><strong>Диаметър на тръбата:</strong> Ф38 мм.</li>
<li><strong>Тъкан:</strong> Полиестер 180 гр с вентилация.</li>
<li><strong>Забележки:</strong> Чадърът е подходящ за домашна употреба. При лошо време трябва да бъде затворен.</li>
<li><strong>Опаковка:</strong> Продуктът се доставя в заводска опаковка.</li></ul>",Алуминиева чадър Ф250x236 см с 6 ребра KACEN HM6030.02 екрю сив,"Омбрела от алуминий Ф250x236 см с 6 лъча KACEN - алуминиева омбрела с push up система за отваряне, в екрю и сив нюанс.",[L] Εξωτερικός χώρος > [L] Ομπρέλες και βάσεις,,https://www.b2bmarkt.gr/img/prd/o/66345/omprela-aloyminioy-me-6-aktines-fb960300-81.jpg; https://www.b2bmarkt.gr/img/prd/o/66345/omprela-aloyminioy-me-6-aktines-fb960300-82.jpg; https://www.b2bmarkt.gr/img/prd/o/66345/omprela-aloyminioy-me-6-aktines-fb960300-83.jpg; https://www.b2bmarkt.gr/img/prd/o/66345/omprela-aloyminioy-me-6-aktines-fb960300-84.jpg; https://www.b2bmarkt.gr/img/prd/o/66345/omprela-aloyminioy-me-6-aktines-fb960300-85.jpg; https://www.b2bmarkt.gr/img/prd/o/66345/omprela-aloyminioy-me-6-aktines-fb960300-86.jpg; https://www.b2bmarkt.gr/img/prd/o/66345/omprela-aloyminioy-me-6-aktines-fb960300-87.jpg; https://www.b2bmarkt.gr/img/prd/o/66345/omprela-aloyminioy-me-6-aktines-fb960300-88.jpg; https://www.b2bmarkt.gr/img/prd/o/66345/omprela-aloyminioy-me-6-aktines-fb960300-89.jpg,29.99,38.99,266,5208067073882,L:1.3 W:0.14 H:0.14 Weight:5.5kg Vol:0.027m3
0624005,ΔΙΠΛΗ ΚΡΕΜΑΣΤΗ ΠΟΛΥΘΡΟΝΑ ΦΩΛΙΑ GRACIE ΜΠΕΖ ΜΕ ΥΠΟΠΟΔΙΟ HM5754.01 Φ120x200Υ εκ.,Двойно висящо кресло гнездо Gracie беж с подложка Ф120x200 см,"Κρεμαστή πολυθρόνα φωλιά με ρυθμιζόμενο ύψος καθίσματος. <br />
Ιδανική για να δημιουργήσετε μια cozy ατμόσφαιρα στον κήπο, το μπαλκόνι, ακόμα και το σαλόνι σας. <br />
Είναι κατασκευασμένη για να εξασφαλίζει άνεση και ξεκούραση για δύο, με το αποσπώμενο υποπόδιο της. <br />
Διαθέτει αποσπώμενα μαξιλάρια, που βοηθούν στο καθάρισμά τους, σε μπεζ απόχρωση. <br />
Η φωλιά της είναι κατασκευασμένη από Wicker σε μπεζ απόχρωση και η βάση της μεταλλική σε χρώμα σκούρο γκρι.<br />
Το υλικό wicker rattan έχει μεγάλη ανθεκτικότητα σε υψηλές θερμοκρασίες [-85C έως +85C ] είναι επίσης <br />
εμπλουτισμένο με σταθεροποιητή UV για τις ακτίνες του ηλίου. <br />
Έχει μεγάλη αντοχή στις δύσκολες καιρικές συνθήκες όπως η βροχή και οι υπεριώδεις ακτίνες του ήλιου. <br />
Ιδανική για επαγγελματική και οικιακή χρήση.<br />
<br />
Τεχνικά χαρακτηριστικά:<br />
Σκελετός μεταλλικός<br />
Πλέξη Wicker/Rattan<br />
Καλάθι (κάθισμα)<br />
Μαξιλάρια (τρία ξεχωριστά τεμάχια, με κορδονάκι για να τα προσαρμόσετε στο ύψος που σας βολεύει.<br />
Το προσκέφαλο και το υποπόδιο διαθέτουν φερμουάρ)<br />
<br />
Διαστάσεις βάσης: Φ120 x 200Υψ εκ.<br />
Διαστάσεις φωλιάς: 135 x 120 x 76-149 εκ.<br />
<br />
Διαστάσεις καθίσματος: 110 x 125 εκ.<br />
Διαστάσεις υποποδίου: 76 x 75 εκ.<br />
Ύψος καθίσματος: 60 εκ.<br />
Μέγιστη αντοχή βάρους: 230κιλά","<p><strong>Висящо кресло гнездо с регулируема височина на седалката.</strong></p><p>Идеално за създаване на уютна атмосфера в градината, на балкона или дори в хола ви.</p><p>Проектирано да осигури комфорт и почивка за двама, с подвижен подложка за крака.</p><p>Разполага с подвижни възглавници в бежов нюанс, които улесняват почистването.</p><p>Гнездото е изработено от Wicker в бежов цвят, а основата е метална в тъмно сив цвят.</p><p>Материалът wicker rattan е изключително устойчив на високи температури [-85C до +85C] и е обогатен със UV стабилизатор за защита от слънчевите лъчи.</p><p>Отлична устойчивост на тежки атмосферни условия като дъжд и ултравиолетови лъчи.</p><p>Подходящо както за професионална, така и за домашна употреба.</p><ul><li><strong>Технически характеристики:</strong></li><li><strong>Рамка:</strong> метална</li><li><strong>Плетка:</strong> Wicker/Rattan</li><li><strong>Кош (седалка)</strong></li><li><strong>Възглавници:</strong> три отделни части с връзки за регулиране на височината. Възглавницата за глава и подложката за крака са с цип.</li></ul><ul><li><strong>Размери на основата:</strong> Ф120 x 200В см</li><li><strong>Размери на гнездото:</strong> 135 x 120 x 76-149 см</li><li><strong>Размери на седалката:</strong> 110 x 125 см</li><li><strong>Размери на подложката за крака:</strong> 76 x 75 см</li><li><strong>Височина на седалката:</strong> 60 см</li><li><strong>Максимално натоварване:</strong> 230 кг</li></ul>",Двойен висящ фотьойл Gracie бежов с поставка за крака HM5754.01 Ф120x2,Двойен висящ фотьойл гнездо GRACIE бежов с поставка за крака - висящ фотьойл с регулируема височина на седалката. <br />Идеален за създаване на уютна атмосфера.,[L] Εξωτερικός χώρος > [L] Κούνιες - φωλιές,,https://www.b2bmarkt.gr/img/prd/o/65934/dipli-kremasti-polythrona-folia-mpez-me-.jpg; https://www.b2bmarkt.gr/img/prd/o/65934/dipli-kremasti-polythrona-folia-mpez-me--1.jpg; https://www.b2bmarkt.gr/img/prd/o/65934/dipli-kremasti-polythrona-folia-mpez-me--2.jpg; https://www.b2bmarkt.gr/img/prd/o/65934/dipli-kremasti-polythrona-folia-mpez-me--3.jpg; https://www.b2bmarkt.gr/img/prd/o/65934/dipli-kremasti-polythrona-folia-mpez-me--4.jpg; https://www.b2bmarkt.gr/img/prd/o/65934/dipli-kremasti-polythrona-folia-mpez-me--5.jpg; https://www.b2bmarkt.gr/img/prd/o/65934/dipli-kremasti-polythrona-folia-mpez-me--6.jpg; https://www.b2bmarkt.gr/img/prd/o/65934/dipli-kremasti-polythrona-folia-mpez-me--7.jpg; https://www.b2bmarkt.gr/img/prd/o/65934/dipli-kremasti-polythrona-folia-mpez-me--8.jpg; https://www.b2bmarkt.gr/img/prd/o/65934/dipli-kremasti-polythrona-folia-mpez-me--9.jpg,299.9,389.87,42,5208067071062,L:1.35 W:1.2 H:0.35 Weight:15kg Vol:0.567m3
0624007,ΔΙΠΛΗ ΚΡΕΜΑΣΤΗ ΦΩΛΙΑ ME ΥΠΟΠΟΔΙΟ GRACIE HM5754.02 ΜΠΕΖ ΣΥΝΘ.RATTAN-ΓΚΡΙ ΜΕΤΑΛ.ΣΚΕΛΕΤΟΣ Φ120x200Υεκ,Двойна висяща люлка с подложка бежов синтетичен ратан-сив метален скел,"Η διπλή κρεμαστή φωλιά GRACIE θα σας προσφέρει αυτό που αναζητάτε. Διαχρονικά, οι αιώρες αποτελούν την επιτομή της ξεγνοιασιάς και της χαλάρωσης. Εμείς σας προσφέρουμε αυτή την διπλή κρεμαστή φωλιά, κατασκευασμένη από συνθετικό Rattan σε χρώμα ΜΠΕΖ με ΜΑΥΡΑ μαξιλάρια! Ο σκελετός κρέμασης της αιώρας-φωλιάς είναι από ΓΚΡΙ ενισχυμένο μέταλλο και η αιώρα κρέμεται με αλυσίδες από δύο σημεία κρέμασης. Αυτό που την κάνει να ξεχωρίζει, όμως, είναι ότι διαθέτει και επέκταση/υποπόδιο που μοντάρεται στην εμπρός πλευρά  αυξάνοντας τον χώρο για τα πόδια για να μπορείτε να ξαπλώνετε με όποιον μοιράζεστε την φωλιά. Η φωλιά αυτή μπορεί να χρησιμοποιηθεί τόσο για οικιακή όσο και για επαγγελματική χρήση.<br />
<br />
ΔΙΑΣΤΑΣΕΙΣ:<br />
Διαστάσεις βάσης: Φ120x200Υ εκ.<br />
Διαστάσεις φωλιάς: 135x120x76-149Υ εκ.<br />
Διαστάσεις καθίσματος: 110x125 εκ.<br />
Διαστάσεις υποποδίου: 76x75 εκ.<br />
Ύψος καθίσματος: 60 εκ.<br />
*Τα μαξιλάρια φέρουν κορδονάκι για να δένονται στον σκελετό όπου σας βολεύει.<br />
<br />
ΥΛΙΚΑ ΚΑΤΑΣΚΕΥΗΣ:<br />
Η βάση της αιώρας είναι από ενισχυμένο μέταλλο με ηλεκτροστατική βαφή. <br />
Info: Η ηλεκτροστατική βαφή είναι μια διαδικασία ξηρής επίστρωσης που χρησιμοποιείται ως μεταλλικό φινίρισμα. Η ηλεκτροστατική βαφή είναι η επίστρωση ξηρής σκόνης μέσω ηλεκτροστατικής διαδικασίας, η οποία στη συνέχεια «κολλάει» στο μέταλλο μέσω της θερμότητας. Είναι διάσημο για φινιρίσματα υψηλής ποιότητας τόσο όσον αφορά τη λειτουργικότητα όσο και τη συνολική εμφάνιση. <br />
<br />
Το συνθετικό Rattan είναι συνθετικό υλικό από PVC, δηλαδή τεχνητές ίνες υψηλής ποιότητας. Αυτό δίνει εξαιρετική αντοχή και ανθεκτικότητα σε ακραίες συνθήκες ζέστης ή κρύου, ενώ ταυτόχρονα είναι εμπλουτισμένο με σταθεροποιητή UV για περαιτέρω προστασία από τις ακτίνες του ηλίου.<br />
<br />
ΣΥΝΤΗΡΗΣΗ:<br />
Το μόνο που χρειάζεται η αιώρα είναι ένα ξεσκόνισμα και όταν χρειαστεί ένα καθάρισμα με ένα υγρό πανάκι. Μην χρησιμοποιείτε χημικά καθαριστικά.<br />
<br />
ΤΙ ΜΑΣ ΑΡΕΣΕΙ:<br />
•Στιβαρή κατασκευή<br />
•Χωράει 2 άτομα<br />
•Εκπληκτικό design<br />
•Διαθέτει υποπόδιο/επέκταση<br />
<br />
*Η φωλιά παραδίδεται αμοντάριστη<br />
** Η χρωματική απόδοση του προϊόντος ενδέχεται να διαφέρει ελαφρώς σε σχέση με την φωτογραφική απεικόνισή του στην οθόνη σας.","<p><strong>Въведение</strong></p><p>Двойното висящо гнездо GRACIE ще ви предложи това, което търсите. Вечна класика, хамаците са символ на безгрижие и релакс. Ние ви предлагаме това двойно висящо гнездо, изработено от синтетичен ратан в бежов цвят с черни възглавници! Рамката за окачване на хамак-гнездо е от сиво подсилено метално покритие и хамакът се окачва с вериги от две точки. Това, което го отличава, е, че разполага и с разширение/подложка за крака, която се монтира отпред, увеличавайки пространството за краката, за да можете да се отпуснете с когото споделяте гнездото. Това гнездо може да се използва както за домашна, така и за професионална употреба.</p><ul><li><strong>Размери на основата:</strong> Ф120x200В см</li><li><strong>Размери на гнездото:</strong> 135x120x76-149В см</li><li><strong>Размери на седалката:</strong> 110x125 см</li><li><strong>Размери на подложката за крака:</strong> 76x75 см</li><li><strong>Височина на седалката:</strong> 60 см</li><li><strong>*Възглавниците имат връзки за закрепване към рамката, където ви е удобно.</strong></li></ul><p><strong>Материали:</strong></p><p>Основата на хамака е от подсилен метал с електростатично покритие.<br />Информация: Електростатичното покритие е процес на сухо нанасяне, използван като метално покритие. Това е нанасяне на сух прах чрез електростатичен процес, който след това се „залепва“ към метала чрез топлина. Известно е с висококачествените си покрития както по отношение на функционалността, така и на цялостния вид.</p><p>Синтетичният ратан е материал от PVC, тоест изкуствени влакна с високо качество. Това осигурява изключителна здравина и устойчивост при екстремни температури на топлина или студ, като същевременно е обогатен със UV стабилизатор за допълнителна защита от слънчевите лъчи.</p><p><strong>Поддръжка:</strong></p><p>Хамакът изисква само почистване с прахосмукачка и при нужда почистване с влажна кърпа. Не използвайте химически почистващи препарати.</p><p><strong>Какво ни харесва:</strong></p><ul><li>Здрава конструкция</li><li>Подходящ за 2 души</li><li>Изключителен дизайн</li><li>Разполага с подложка за крака/разширение</li></ul><p>*Гнездото се доставя разглобено<br />** Цветовото представяне на продукта може леко да се различава от снимката на екрана ви.</p>",Двойна висяща люлка с подложка Gracie HM5754.02 бежово синтетично рата,"Двойно висящо гнездо GRACIE с подложка HM5754.02 - Двойното висящо гнездо GRACIE ще ви осигури това, което търсите. Класически, хамаците винаги са били предпочи",[L] Εξωτερικός χώρος > [L] Κούνιες - φωλιές,,https://www.b2bmarkt.gr/img/prd/o/72592/dipli-kremasti-folia-me-ypopodio-fb95754.jpg; https://www.b2bmarkt.gr/img/prd/o/72592/dipli-kremasti-folia-me-ypopodio-fb95754-1.jpg; https://www.b2bmarkt.gr/img/prd/o/72592/dipli-kremasti-folia-me-ypopodio-fb95754-2.jpg; https://www.b2bmarkt.gr/img/prd/o/72592/dipli-kremasti-folia-me-ypopodio-fb95754-3.jpg; https://www.b2bmarkt.gr/img/prd/o/72592/dipli-kremasti-folia-me-ypopodio-fb95754-4.jpg; https://www.b2bmarkt.gr/img/prd/o/72592/dipli-kremasti-folia-me-ypopodio-fb95754-5.jpg; https://www.b2bmarkt.gr/img/prd/o/72592/dipli-kremasti-folia-me-ypopodio-fb95754-6.jpg; https://www.b2bmarkt.gr/img/prd/o/72592/dipli-kremasti-folia-me-ypopodio-fb95754-7.jpg; https://www.b2bmarkt.gr/img/prd/o/72592/dipli-kremasti-folia-me-ypopodio-fb95754-8.jpg; https://www.b2bmarkt.gr/img/prd/o/72592/dipli-kremasti-folia-me-ypopodio-fb95754-9.jpg,299.9,389.87,46,5208067148238,L:1.35 W:1.2 H:0.35 Weight:15kg Vol:0.567m3
0699302,ΤΡΑΠΕΖΙ RYLEIGHT ΜΕ 3ΝΥΧΗ ΒΑΣΗ ΑΠΟ ΜΑΝΤΕΜΙ HM5610 ΜΕ ΜΑΡΜΑΡΟ Φ70Χ74Υεκ.,Маса RYLEIGHT с 3-крака чугунена основа и мрамор Ф70x74см,"Ένα τραπέζι με μαρμάρινη επιφάνεια αποτελεί την ιδανική αλλά και διαχρονική επιλογή διακόσμησης για τον εξωτερικό χώρο. <br />
<br />
Το τραπέζι HM5609 είναι κατασκευασμένο από μάρμαρο σε λευκή απόχρωση ενώ η βάση του είναι κατασκευασμένη από μαντέμι σε μαύρη απόχρωση.<br />
Το τραπέζι αυτό μπορεί να καλύψει τις ανάγκες για τον οικιακό αλλά και για τον επαγγελματικό σας χώρο.<br />
<br />
Διαστάσεις τραπεζιού: Φ70x74Υεκ.<br />
Διαστάσεις βάσης τραπεζιού: 52x52 εκ.<br />
<br />
Βάρος: 29 kgs.<br />
<br />
Προσοχή: Πριν από την εφαρμογή κάθε είδους καθαριστικών στα μάρμαρα, πρέπει να κάνετε ένα επιτόπιο έλεγχο σε μια διακριτική γωνία για να βεβαιωθείτε ότι η ουσία δεν λεκιάζει και δεν φθείρει την επιφάνεια.","<p><strong>Въведение</strong></p><p>Маса с мраморна повърхност е идеалният и вечен избор за декорация на външни пространства.</p><p>Масата HM5609 е изработена от бял мрамор, а основата ѝ е от чугун в черен цвят.<br />Тази маса може да отговори на нуждите както на домашния, така и на професионалния ви интериор.</p><ul><li><strong>Размери на масата:</strong> Ф70x74 см</li><li><strong>Размери на основата:</strong> 52x52 см</li><li><strong>Тегло:</strong> 29 кг</li></ul><p><strong>Внимание:</strong> Преди да използвате каквито и да е почистващи препарати върху мрамора, направете тест на незабележимо място, за да се уверите, че веществото не оставя петна и не уврежда повърхността.</p>",,"Маса RYLEIGHT с 3-крака основа от чугун HM5610 - маса с мраморен плот, идеален и вечен избор за декорация.",[L] Εξωτερικός χώρος > [L] Τραπέζια,,https://www.b2bmarkt.gr/img/prd/o/61705/trapezi-me-3nychi-basi-apo-mantemi-hm561.jpg; https://www.b2bmarkt.gr/img/prd/o/61705/trapezi-me-3nychi-basi-apo-mantemi-hm561-1.jpg; https://www.b2bmarkt.gr/img/prd/o/61705/trapezi-me-3nychi-basi-apo-mantemi-hm561-2.jpg; https://www.b2bmarkt.gr/img/prd/o/61705/trapezi-me-3nychi-basi-apo-mantemi-hm561-3.jpg; https://www.b2bmarkt.gr/img/prd/o/61705/trapezi-me-3nychi-basi-apo-mantemi-hm561-4.jpg; https://www.b2bmarkt.gr/img/prd/o/61705/trapezi-me-3nychi-basi-apo-mantemi-hm561-5.jpg,84.61,109.99,136,5208067024426,L:0.73 W:0.73 H:0.03 Weight:19.1kg Vol:0.016m3
0699303,"ΤΡΑΠΕΖΙ CERAPHIN ΜΕ 3ΝΥΧΗ ΒΑΣΗ ΑΠΟ ΜΑΝΤΕΜΙ HM5611 ΜΕ ΜΑΡΜΑΡΟ 70Χ70Χ72,5Υ εκ.","Маса CERAPHIN с 3-крака чугунена основа и мрамор 70x70x72,5 см","Ένα τραπέζι με μαρμάρινη επιφάνεια αποτελεί την ιδανική αλλά και διαχρονική επιλογή διακόσμησης για τον εξωτερικό χώρο. <br />
<br />
Το τραπέζι HM5611 είναι κατασκευασμένο από μάρμαρο λευκή απόχρωση ενώ η βάση του είναι κατασκευασμένη από μαντέμι σε μαύρη απόχρωση.<br />
Το τραπέζι αυτό μπορεί να καλύψει τις ανάγκες για τον οικιακό αλλά και για τον επαγγελματικό σας χώρο.<br />
<br />
Διαστάσεις τραπεζιού: 70x70x72,5Υ εκ.<br />
<br />
Προσοχή: Πριν από την εφαρμογή κάθε είδους καθαριστικών στα μάρμαρα, πρέπει να κάνετε ένα επιτόπιο έλεγχο σε μια διακριτική γωνία για να βεβαιωθείτε ότι η ουσία δεν λεκιάζει και δεν φθείρει την επιφάνεια.","<p><strong>Въведение</strong></p><p>Маса с мраморен плот е идеалният и вечен избор за декорация на външно пространство.</p><p>Масата HM5611 е изработена от бял мрамор, а основата ѝ е от чугун в черен цвят.<br />Тази маса може да отговори на нуждите както на дома, така и на професионалното ви пространство.</p><ul><li><strong>Размери на масата:</strong> 70x70x72,5В см</li></ul><p><strong>Внимание:</strong> Преди да използвате каквито и да е почистващи препарати върху мрамора, направете тест на незабележимо място, за да се уверите, че веществото не оставя петна и не поврежда повърхността.</p>","Маса CERAPHIN с 3-лъчева чугунена основа и мрамор 70x70x72,5 см","ТРАПЕЗА CERAPHIN С 3-НОЖКОВА ОСНОВА ОТ ЧУГУН HM5611 - Маса с мраморен плот, идеален и вечен избор за декорация",[L] Εξωτερικός χώρος > [L] Τραπέζια,,https://www.b2bmarkt.gr/img/prd/o/61706/trapezi-me-3nychi-basi-apo-mantemi-hm561.jpg; https://www.b2bmarkt.gr/img/prd/o/61706/trapezi-me-3nychi-basi-apo-mantemi-hm561-1.jpg; https://www.b2bmarkt.gr/img/prd/o/61706/trapezi-me-3nychi-basi-apo-mantemi-hm561-2.jpg; https://www.b2bmarkt.gr/img/prd/o/61706/trapezi-me-3nychi-basi-apo-mantemi-hm561-3.jpg; https://www.b2bmarkt.gr/img/prd/o/61706/trapezi-me-3nychi-basi-apo-mantemi-hm561-4.jpg; https://www.b2bmarkt.gr/img/prd/o/61706/trapezi-me-3nychi-basi-apo-mantemi-hm561-5.jpg,84.61,109.99,132,5208067024457,L:0.73 W:0.73 H:0.03 Weight:23.6kg Vol:0.016m3
0699305,ΤΡΑΠΕΖΙ TEAGAN ΜΕ ΒΑΣΗ ΑΠΟ ΜΑΝΤΕΜΙ HM464 ΜΕ ΜΑΡΜΑΡΟ 100x60x72Υ εκ.,Трапезна маса TEAGAN с чугунена основа и мрамор 100x60x72 см,"Ένα τραπέζι με μαρμάρινη επιφάνεια αποτελεί την ιδανική αλλά και διαχρονική<br />
επιλογή διακόσμησης για τον εξωτερικό χώρο.<br />
<br />
Το τραπέζι HM464 είναι κατασκευασμένο από μάρμαρο σε λευκή απόχρωση<br />
ενώ η βάση του είναι κατασκευασμένη από μαντέμι σε μαύρη απόχρωση.<br />
<br />
Το τραπέζι αυτό μπορεί να καλύψει τις ανάγκες για τον οικιακό αλλά και για τον επαγγελματικό σας χώρο.<br />
<br />
Διαστάσεις τραπεζιού: 100x60x72Υ εκ.<br />
Διαστάσεις βάσης τραπεζιού: 84x41 εκ.<br />
Πάχος μαρμάρινης επιφάνειας: 2 εκ.<br />
<br />
Προσοχή: Πριν από την εφαρμογή κάθε είδους καθαριστικών στα μάρμαρα,<br />
πρέπει να κάνετε ένα επιτόπιο έλεγχο σε μια διακριτική γωνία για να βεβαιωθείτε<br />
ότι η ουσία δεν λεκιάζει και δεν φθείρει την επιφάνεια.","<p><strong>Въведение</strong></p>
<p>Маса с мраморен плот е идеалният и вечен избор за декорация на външно пространство.</p>

<ul>
<li><strong>Модел:</strong> HM464</li>
<li><strong>Материал на плота:</strong> мрамор в бял нюанс</li>
<li><strong>Основа:</strong> чугун в черен нюанс</li>
<li><strong>Подходяща за:</strong> домашна и професионална употреба</li>
<li><strong>Размери на масата:</strong> 100x60x72 см</li>
<li><strong>Размери на основата:</strong> 84x41 см</li>
<li><strong>Дебелина на мраморния плот:</strong> 2 см</li>
</ul>

<p><strong>Внимание:</strong> Преди да използвате каквито и да е почистващи препарати върху мрамора, направете тест на незабележимо място, за да се уверите, че веществото не оставя петна и не поврежда повърхността.</p>",Маса TEAGAN с чугунена основа и мрамор 100x60x72 см,Маса TEAGAN с основа от чугун HM464 с мраморен плот - идеален и вечен избор за декорация,[L] Εξωτερικός χώρος > [L] Τραπέζια,,https://www.b2bmarkt.gr/img/prd/o/61715/trapezi-me-basi-apo-mantemi-hm464-me-mar.jpg; https://www.b2bmarkt.gr/img/prd/o/61715/trapezi-me-basi-apo-mantemi-hm464-me-mar-1.jpg; https://www.b2bmarkt.gr/img/prd/o/61715/trapezi-me-basi-apo-mantemi-hm464-me-mar-2.jpg; https://www.b2bmarkt.gr/img/prd/o/61715/trapezi-me-basi-apo-mantemi-hm464-me-mar-3.jpg; https://www.b2bmarkt.gr/img/prd/o/61715/trapezi-me-basi-apo-mantemi-hm464-me-mar-4.jpg; https://www.b2bmarkt.gr/img/prd/o/61715/trapezi-me-basi-apo-mantemi-hm464-me-mar-5.jpg,89.9,116.87,76,5208067027397,L:1.03 W:0.63 H:0.03 Weight:30.4kg Vol:0.019m3
9995575,ΣΕΤ ΤΡΑΠΕΖΑΡΙΑΣ 5ΤΜΧ TABER HM10837.01 ΚΑΡΕΚΛΕΣ & ΤΡΑΠΕΖΙ ΑΛΟΥΜ.-POLYWOOD-ΓΚΡΙ,"Сет трапезария 5 части TABER с алуминиеви столове и полиуд маса, сив","Αυτό το Σετ τραπεζαρίας εξωτερικού χώρου αποτελείται από ένα σχετικά μικρό ορθογώνιο τραπέζι με σκελετό αλουμινίου σε ΑΝΘΡΑΚΙ χρώμα και επιφάνεια από polywood (είδος πλαστικής ξυλείας που είναι φιλική προς το περιβάλλον και απαιτεί ελαφρά συντήρηση ενώ είναι αδιάβροχη και αντιστέκεται σε όλα τα είδη σήψης και μούχλας), και 4 πολυθρόνες αλουμινίου σε παρόμοιο χρώμα με κάθισμα από textilene και πλάτη επενδυμένη με συνθετικό twisted rattan σε μπεζ χρώμα.<br />
------------------------------------------<br />
ΔΙΑΣΤΑΣΕΙΣ:<br />
ΤΡΑΠΕΖΙ:<br />
120x80x72,5Υ εκ.<br />
Απόσταση ποδιών: 112x72 εκ.<br />
<br />
ΠΟΛΥΘΡΟΝΕΣ:<br />
57x53x80Υ εκ.<br />
Υψος καθίσματος: 45 εκ.<br />
Ύψος μπράτσου: 70 εκ.<br />
Διαστάσεις καθίσματος: 38x45 εκ.<br />
Διαστάσεις πλάτης: 47x20 εκ.<br />
Απόσταση ποδιού: 47x46 εκ.<br />
<br />
Σκελετός αλουμινίου: 38x17 χιλ στα πόδια---38x19 χιλ στο κάθισμα<br />
Πάχος αλουμινίου: 1,2 χιλ<br />
-------------------------------------------<br />
ΣΥΝΤΗΡΗΣΗ:<br />
Από τα παραπάνω γίνεται αντιληπτό ότι το σετ δεν χρειάζεται ιδιαίτερη συντήρηση. Ένα πέρασμα με υγρό πανί ή ακόμα και με ήπια καθαριστικά είναι αρκετό. Να αποφεύγεται η πολύωρη έκθεση του polywood στον ήλιο καθώς και η επαφή του με τοξικά χημικά προϊόντα.<br />
-------------------------------------------<br />
<br />
**To σετ παραδίδεται αμοντάριστο και συναρμολογείται εύκολα αφού όλα τα απαραίτητα, εμπεριέχονται στην συσκευασία.","<p><strong>Въведение</strong></p><p>Този комплект за външна трапезария включва сравнително малка правоъгълна маса с алуминиева конструкция в цвят АНТРАЦИТ и плот от polywood (вид пластмасова дървесина, която е екологично чиста, изисква лека поддръжка, водоустойчива е и устоява на всички видове гниене и мухъл), както и 4 алуминиеви кресла в подобен цвят с текстилен седалка и облегалка, покрита със синтетичен усукан ратан в бежов цвят.</p><br />
------------------------------------------<br />
<ul><li><strong>РАЗМЕРИ:</strong></li></ul><ul><li><strong>МАСА:</strong></li></ul><ul><li>120x80x72,5В см</li><li>Разстояние между краката: 112x72 см</li></ul><br />
<ul><li><strong>КРЕСЛА:</strong></li></ul><ul><li>57x53x80В см</li><li>Височина на седалката: 45 см</li><li>Височина на подлакътника: 70 см</li><li>Размери на седалката: 38x45 см</li><li>Размери на облегалката: 47x20 см</li><li>Разстояние между краката: 47x46 см</li></ul><br />
<ul><li><strong>Алуминиева конструкция:</strong> 38x17 мм на краката --- 38x19 мм на седалката</li><li><strong>Дебелина на алуминия:</strong> 1,2 мм</li></ul><br />
-------------------------------------------<br />
<ul><li><strong>ПОДДРЪЖКА:</strong></li></ul><p>От гореизложеното става ясно, че комплектът не изисква специална поддръжка. Единствено избърсване с влажна кърпа или дори с меки почистващи препарати е достатъчно. Препоръчва се да се избягва продължително излагане на polywood на слънце, както и контакт с токсични химически продукти.</p><br />
-------------------------------------------<br />
<p><strong>Комплектът се доставя разглобен и се сглобява лесно, тъй като всички необходими елементи са включени в опаковката.</strong></p>",Комплект трапезария 5 части TABER HM10837.01 алуминий и polywood сив,"Комплект трапезария 5 части TABER HM10837.01 с алуминиева конструкция и полиудървени столове в сив цвят, идеален за външна употреба.",[L] Εξωτερικός χώρος > [L] Σετ τραπεζαρίες,,https://www.b2bmarkt.gr/img/prd/o/76903/set-trapezarias-5tmch-fb91083701-karekle.jpg; https://www.b2bmarkt.gr/img/prd/o/76903/set-trapezarias-5tmch-fb91083701-karekle-1.jpg; https://www.b2bmarkt.gr/img/prd/o/76903/set-trapezarias-5tmch-fb91083701-karekle-2.jpg; https://www.b2bmarkt.gr/img/prd/o/76903/set-trapezarias-5tmch-fb91083701-karekle-3.jpg; https://www.b2bmarkt.gr/img/prd/o/76903/set-trapezarias-5tmch-fb91083701-karekle-4.jpg; https://www.b2bmarkt.gr/img/prd/o/76903/set-trapezarias-5tmch-fb91083701-karekle-5.jpg; https://www.b2bmarkt.gr/img/prd/o/76903/set-trapezarias-5tmch-fb91083701-karekle-6.jpg; https://www.b2bmarkt.gr/img/prd/o/76903/set-trapezarias-5tmch-fb91083701-karekle-7.jpg; https://www.b2bmarkt.gr/img/prd/o/76903/set-trapezarias-5tmch-fb91083701-karekle-8.jpg,359.5,467.35,139,,L:1.23 W:0.85 H:0.12 Weight:18.6kg Vol:0.137m3
9995576,ΣΕΤ ΤΡΑΠΕΖΑΡΙΑΣ 5ΤΜΧ TABER HM10837.02 ΚΑΡΕΚΛΕΣ & ΤΡΑΠΕΖΙ ΑΛΟΥΜ.-POLYWOOD--ΛΕΥΚΟ,"Сет трапезария 5 части с алуминиеви столове и маса, бял","Αυτό το Σετ τραπεζαρίας εξωτερικού χώρου αποτελείται από ένα σχετικά μικρό ορθογώνιο τραπέζι με σκελετό αλουμινίου σε ΛΕΥΚΟ χρώμα και επιφάνεια από polywood (είδος πλαστικής ξυλείας που είναι φιλική προς το περιβάλλον και απαιτεί ελαφρά συντήρηση ενώ είναι αδιάβροχη και αντιστέκεται σε όλα τα είδη σήψης και μούχλας), και 4 πολυθρόνες αλουμινίου σε παρόμοιο χρώμα με κάθισμα από textilene και πλάτη επενδυμένη με συνθετικό twisted rattan σε μπεζ χρώμα.<br />
------------------------------------------<br />
ΔΙΑΣΤΑΣΕΙΣ:<br />
ΤΡΑΠΕΖΙ:<br />
120x80x72,5Υ εκ.<br />
Απόσταση ποδιών: 112x72 εκ.<br />
<br />
ΠΟΛΥΘΡΟΝΕΣ:<br />
56x60x81,5Υ εκ.<br />
Ύψος καθίσματος: 44 εκ.<br />
Ύψος μπράτσων: 64 εκ.<br />
Διαστάσεις καθίσματος: 38,4x45 εκ.<br />
Διάσταση πλάτης: 45x22 εκ.<br />
Σκελετός αλουμινίου: 38x17 χιλ στα πόδια---38x19 χιλ στο κάθισμα<br />
Πάχος αλουμινίου: 1,2 χιλ<br />
-------------------------------------------<br />
ΣΥΝΤΗΡΗΣΗ:<br />
Από τα παραπάνω γίνεται αντιληπτό ότι το σετ δεν χρειάζεται ιδιαίτερη συντήρηση. Ένα πέρασμα με υγρό πανί ή ακόμα και με ήπια καθαριστικά είναι αρκετό. Να αποφεύγεται η πολύωρη έκθεση του polywood στον ήλιο καθώς και η επαφή του με τοξικά χημικά προϊόντα.<br />
-------------------------------------------<br />
<br />
**To σετ παραδίδεται αμοντάριστο και συναρμολογείται εύκολα αφού όλα τα απαραίτητα, εμπεριέχονται στην συσκευασία.","<p><strong>Въведение</strong></p><p>Този комплект за външна трапезария включва сравнително малка правоъгълна маса с алуминиева конструкция в БЯЛ цвят и плот от polywood (вид пластмасова дървесина, която е екологично чиста, изисква лека поддръжка, водоустойчива е и устойчива на всякакъв вид гниене и мухъл), както и 4 алуминиеви кресла в подобен цвят с текстилен седалка и облегалка, облечена със синтетичен усукан ратан в бежов цвят.</p><br />
------------------------------------------<br />
<p><strong>РАЗМЕРИ:</strong></p><p><strong>МАСА:</strong><br />
120x80x72,5В см.<br />
Разстояние между краката: 112x72 см.</p><br />
<p><strong>КРЕСЛА:</strong><br />
56x60x81,5В см.<br />
Височина на седалката: 44 см.<br />
Височина на подлакътниците: 64 см.<br />
Размери на седалката: 38,4x45 см.<br />
Размер на облегалката: 45x22 см.<br />
Алуминиева конструкция: 38x17 мм на краката --- 38x19 мм на седалката<br />
Дебелина на алуминия: 1,2 мм</p><br />
-------------------------------------------<br />
<p><strong>ПОДДРЪЖКА:</strong></p><p>От гореизложеното става ясно, че комплектът не изисква специална поддръжка. Единствено почистване с влажна кърпа или с леки почистващи препарати е достатъчно. Избягвайте продължително излагане на polywood на слънце, както и контакт с токсични химически продукти.</p><br />
-------------------------------------------<br />
<p><strong>Комплектът се доставя разглобен и се сглобява лесно, тъй като всички необходими елементи са включени в опаковката.</strong></p>",Комплект трапезна маса 5 части TABER HM10837.02 алуминий и polywood бя,"Комплект трапезария TABER HM10837.02 с 5 части, включващ малка правоъгълна маса и столове, идеален за външна употреба.",[L] Εξωτερικός χώρος > [L] Σετ τραπεζαρίες,,https://www.b2bmarkt.gr/img/prd/o/76904/set-trapezarias-5tmch-fb91083702-karekle.jpg; https://www.b2bmarkt.gr/img/prd/o/76904/set-trapezarias-5tmch-fb91083702-karekle-1.jpg; https://www.b2bmarkt.gr/img/prd/o/76904/set-trapezarias-5tmch-fb91083702-karekle-2.jpg; https://www.b2bmarkt.gr/img/prd/o/76904/set-trapezarias-5tmch-fb91083702-karekle-3.jpg; https://www.b2bmarkt.gr/img/prd/o/76904/set-trapezarias-5tmch-fb91083702-karekle-4.jpg; https://www.b2bmarkt.gr/img/prd/o/76904/set-trapezarias-5tmch-fb91083702-karekle-5.jpg; https://www.b2bmarkt.gr/img/prd/o/76904/set-trapezarias-5tmch-fb91083702-karekle-6.jpg; https://www.b2bmarkt.gr/img/prd/o/76904/set-trapezarias-5tmch-fb91083702-karekle-7.jpg,359.5,467.35,69,,L:1.23 W:0.85 H:0.12 Weight:18.6kg Vol:0.137m3
9995577,ΣΕΤ ΤΡΑΠΕΖΑΡΙΑΣ 5ΤΜΧ TABER HM10837.03 ΚΑΡΕΚΛΕΣ & ΤΡΑΠΕΖΙ ΑΛΟΥΜ.-POLYWOOD--ΣΑΜΠΑΝΙ,"Сет трапезария 5 части с алуминиеви столове и маса, шампанско","Αυτό το Σετ τραπεζαρίας εξωτερικού χώρου αποτελείται από ένα σχετικά μικρό ορθογώνιο τραπέζι με σκελετό αλουμινίου σε ΚΑΠΟΥΤΣΙΝΟ χρώμα και επιφάνεια από polywood (είδος πλαστικής ξυλείας που είναι φιλική προς το περιβάλλον και απαιτεί ελαφρά συντήρηση ενώ είναι αδιάβροχη και αντιστέκεται σε όλα τα είδη σήψης και μούχλας), και 4 πολυθρόνες αλουμινίου σε ΣΑΜΠΑΝΙ χρώμα με κάθισμα από textilene και πλάτη επενδυμένη με συνθετικό twisted rattan σε μπεζ χρώμα.<br />
------------------------------------------<br />
ΔΙΑΣΤΑΣΕΙΣ:<br />
ΤΡΑΠΕΖΙ:<br />
120x80x72,5Υ εκ.<br />
Απόσταση ποδιών: 112x72 εκ.<br />
<br />
ΠΟΛΥΘΡΟΝΕΣ:<br />
56x58x80.5Υ εκ.<br />
Διαστάσεις καθίσματος: 36x46 εκ.<br />
Διαστάσεις πλάτης: 51x18,5 εκ.<br />
Ύψος μπράτσου: 71 εκ.<br />
Ύψος καθίσματος: 44 εκ.<br />
Ύψος πoδιού: 40 εκ.<br />
Απόσταση ποδιών: 52-48,5x53,5-45,5 εκ.<br />
Σκελετός αλουμινίου: 38x17 χιλ στα πόδια---38x19 χιλ στο κάθισμα<br />
Πάχος αλουμινίου: 1,2 χιλ<br />
-------------------------------------------<br />
ΣΥΝΤΗΡΗΣΗ:<br />
Από τα παραπάνω γίνεται αντιληπτό ότι το σετ δεν χρειάζεται ιδιαίτερη συντήρηση. Ένα πέρασμα με υγρό πανί ή ακόμα και με ήπια καθαριστικά είναι αρκετό. Να αποφεύγεται η πολύωρη έκθεση του polywood στον ήλιο καθώς και η επαφή του με τοξικά χημικά προϊόντα.<br />
-------------------------------------------<br />
<br />
**To σετ παραδίδεται αμοντάριστο και συναρμολογείται εύκολα αφού όλα τα απαραίτητα, εμπεριέχονται στην συσκευασία.","<p><strong>Въведение</strong></p><p>Този комплект за външна трапезария включва сравнително малка правоъгълна маса с алуминиева конструкция в цвят КАПУЧИНО и плот от polywood (вид пластмасова дървесина, която е екологично чиста, изисква лека поддръжка, водоустойчива е и устоява на всякакъв вид гниене и мухъл), както и 4 алуминиеви кресла в цвят ШАМПАНСКО с текстилен седалка и облегалка, облечена със синтетичен усукан ратан в бежов цвят.</p><ul><li><strong>РАЗМЕРИ:</strong></li><li><strong>МАСА:</strong> 120x80x72,5В см</li><li><strong>Разстояние между краката:</strong> 112x72 см</li><li><strong>КРЕСЛА:</strong> 56x58x80,5В см</li><li><strong>Размери на седалката:</strong> 36x46 см</li><li><strong>Размери на облегалката:</strong> 51x18,5 см</li><li><strong>Височина на подлакътника:</strong> 71 см</li><li><strong>Височина на седалката:</strong> 44 см</li><li><strong>Височина на крака:</strong> 40 см</li><li><strong>Разстояние между краката:</strong> 52-48,5x53,5-45,5 см</li><li><strong>Алуминиева конструкция:</strong> 38x17 мм на краката --- 38x19 мм на седалката</li><li><strong>Дебелина на алуминия:</strong> 1,2 мм</li></ul><p><strong>ПОДДРЪЖКА:</strong></p><p>От гореизложеното става ясно, че комплектът не изисква специална поддръжка. Достатъчно е да се почиства с влажна кърпа или с леки почистващи препарати. Избягвайте продължително излагане на polywood на слънце, както и контакт с токсични химикали.</p><p><strong>Комплектът се доставя разглобен и се сглобява лесно, тъй като всички необходими части са включени в опаковката.</strong></p>",Комплект трапезна маса 5 части TABER HM10837.03 алуминий и POLYWOOD ша,"Комплект трапезария 5 части TABER HM10837.03 с алуминиева конструкция и полиудървени столове, идеален за външна употреба.",[L] Εξωτερικός χώρος > [L] Σετ τραπεζαρίες,,https://www.b2bmarkt.gr/img/prd/o/76905/set-trapezarias-5tmch-fb91083703-karekle.jpg; https://www.b2bmarkt.gr/img/prd/o/76905/set-trapezarias-5tmch-fb91083703-karekle-1.jpg; https://www.b2bmarkt.gr/img/prd/o/76905/set-trapezarias-5tmch-fb91083703-karekle-2.jpg,359.5,467.35,89,,L:1.23 W:0.85 H:0.12 Weight:18.6kg Vol:0.137m3
9995630,ΣΕΤ ΕΞΩΤΕΡΙΚΟΥ ΧΩΡΟΥ 3ΤΜΧ ACAPULCO HM11861.03 P.E.RATTAN ΕΚΡΟΥ-ΜΕΤΑΛΛΟ ΣΕ ΜΑΥΡΟ,Комплект градински мебели 3 части ACAPULCO P.E.RATTAN екрю-черен метал,"Το ACAPULCO είναι ένα σετ σαλονιού εξωτερικού χώρου με μοναδικό design σε ΕΚΡΟΥ χρώμα, με στρογγυλό τραπεζάκι με γυάλινη επιφάνεια και 2 αναπαυτικές πολυθρόνες τύπου φωλιάς! Η επένδυση σε όλο το σετ είναι από twisted rattan επάνω σε μαύρους μεταλλικούς σκελετούς. <br />
-------------------------------------------------------<br />
ΔΙΑΣΤΑΣΕΙΣ: <br />
ΦΩΛΙΕΣ<br />
71x72x80Υ εκ.<br />
Διαστάσεις καθίσματος: 71x40 εκ.<br />
Διαστάσεις πλάτης: 51-71x52 εκ.<br />
Ύψος μπράτσου: 58 εκ.<br />
Ύψος καθίσματος: 38,5 εκ.<br />
Ύψος ποδιού: 35 εκ.<br />
Απόσταση ποδιού: 55x56,5 εκ.<br />
Ύψος ποδιού πίσω: 37 εκ.<br />
<br />
ΤΡΑΠΕΖΙ<br />
Φ47Χ45Υεκ.<br />
Απόσταση ποδιού: 50x50 εκ.<br />
 Προδιαγραφές μετάλλου: 13mm<br />
------------------------------------------------------<br />
ΣΥΝΤΗΡΗΣΗ:<br />
Ένα ξεσκόνισμα κι ένα καθάρισμα με ένα υγρό πανάκι είναι αρκετό για την σωστή συντήρηση του σετ.<br />
------------------------------------------------------<br />
*Τα προϊόντα παραδίδονται έτοιμα μονταρισμένα<br />
<br />
** Η χρωματική απόδοση του προϊόντος ενδέχεται να διαφέρει ελαφρώς σε σχέση με την φωτογραφική απεικόνισή του στην οθόνη σας.","<p><strong>Въведение</strong></p><p>ACAPULCO е комплект за външна зона с уникален дизайн в цвят ЕКРУ, включващ кръгла масичка с стъклена повърхност и 2 удобни кресла тип гнездо! Обшивката на целия комплект е от усукан ратан върху черни метални рамки.</p><ul><li><strong>РАЗМЕРИ:</strong></li><li><strong>КРЕСЛА</strong><br>71x72x80В см.<br>Размери на седалката: 71x40 см.<br>Размери на облегалката: 51-71x52 см.<br>Височина на подлакътника: 58 см.<br>Височина на седалката: 38,5 см.<br>Височина на крака: 35 см.<br>Разстояние между краката: 55x56,5 см.<br>Височина на задния крак: 37 см.</li><li><strong>МАСИЧКА</strong><br>Ф47x45В см.<br>Разстояние между краката: 50x50 см.<br>Метални спецификации: 13 мм</li><li><strong>ПОДДРЪЖКА:</strong><br>Почистване с влажна кърпа и отстраняване на прах са достатъчни за правилната поддръжка на комплекта.</li><li><strong>Забележки:</strong><br>*Продуктите се доставят сглобени.<br>** Цветовото представяне може леко да се различава от изображението на екрана ви.</li></ul>",Комплект градински мебели 3 части ACAPULCO HM11861.03 P.E.RATTAN екрю-,"Градински комплект 3 части ACAPULCO HM11861.03 P.E. - ACAPULCO е комплект за външен кът с уникален дизайн в екрю цвят, с кръгла форма",[L] Εξωτερικός χώρος > [L] Σετ σαλόνια,,https://www.b2bmarkt.gr/img/prd/o/77001/set-exoterikoy-choroy-3tmch-fb91186103-p.jpg; https://www.b2bmarkt.gr/img/prd/o/77001/set-exoterikoy-choroy-3tmch-fb91186103-p-1.jpg; https://www.b2bmarkt.gr/img/prd/o/77001/set-exoterikoy-choroy-3tmch-fb91186103-p-2.jpg; https://www.b2bmarkt.gr/img/prd/o/77001/set-exoterikoy-choroy-3tmch-fb91186103-p-3.jpg; https://www.b2bmarkt.gr/img/prd/o/77001/set-exoterikoy-choroy-3tmch-fb91186103-p-4.jpg; https://www.b2bmarkt.gr/img/prd/o/77001/set-exoterikoy-choroy-3tmch-fb91186103-p-5.jpg; https://www.b2bmarkt.gr/img/prd/o/77001/set-exoterikoy-choroy-3tmch-fb91186103-p-6.jpg; https://www.b2bmarkt.gr/img/prd/o/77001/set-exoterikoy-choroy-3tmch-fb91186103-p-7.jpg; https://www.b2bmarkt.gr/img/prd/o/77001/set-exoterikoy-choroy-3tmch-fb91186103-p-8.jpg; https://www.b2bmarkt.gr/img/prd/o/77001/set-exoterikoy-choroy-3tmch-fb91186103-p-9.jpg,67.97,88.37,64,,L:0.4 W:0.7 H:0.6 Weight:4.8kg Vol:0.18m3
